Workbook

Sheet Table 1 (manuscript)
A1: Table 1. Structural and probabilistic assessment of the nine predicted split-tRNA candidates.
A2: Candidates are ordered by combined score. p values are empirical, against the 13 randomised-genome sequences; the smallest attainable value with that control is 0.071. The decision threshold was -0.0801. Stem pairing is reported but was not used in the decision.
A4: Candidate | B4: Type | C4: Anti- codon | D4: Length (nt) | E4: GC (%) | F4: MFE (kcal/mol) | G4: Emission log-odds | H4: Transition log-odds | I4: Combined score S | J4: p vs decoys | K4: Stem pairs | L4: Conserved positions | M4: T-loop | N4: Status
A5: trna64 | B5: Sec | C5: UCA | D5: 71 | E5: 64.79 | F5: -32.9 | G5: 0.0381 | H5: 0.0406 | I5: 0.0394 | J5: 0.071 | K5: 19/21 | L5: 10/12 | M5: 5/5 | N5: Supported
A6: trna958 | B6: Sup | C6: CUA | D6: 86 | E6: 45.35 | F6: -20.3 | G6: -0.1879 | H6: -0.0968 | I6: -0.1423 | J6: 0.071 | K6: 19/21 | L6: 10/12 | M6: 5/5 | N6: Borderline
A7: trna1091 | B7: Sup | C7: CUA | D7: 88 | E7: 43.18 | F7: -29.4 | G7: -0.3172 | H7: -0.1605 | I7: -0.2388 | J7: 0.286 | K7: 19/21 | L7: 6/12 | M7: 1/5 | N7: Not supported
A8: trna1395 | B8: Sup | C8: CUA | D8: 92 | E8: 47.83 | F8: -20.6 | G8: -0.3044 | H8: -0.1894 | I8: -0.2469 | J8: 0.286 | K8: 19/21 | L8: 7/12 | M8: 4/5 | N8: Not supported
A9: trna1 | B9: Sec | C9: UCA | D9: 70 | E9: 32.86 | F9: -14.1 | G9: -0.3449 | H9: -0.2284 | I9: -0.2866 | J9: 0.357 | K9: 19/21 | L9: 7/12 | M9: 2/5 | N9: Not supported
A10: trna20 | B10: Sup | C10: UUA | D10: 70 | E10: 44.29 | F10: -16.5 | G10: -0.2854 | H10: -0.2955 | I10: -0.2905 | J10: 0.429 | K10: 20/21 | L10: 7/12 | M10: 3/5 | N10: Not supported
A11: trna9 | B11: Sup | C11: UUA | D11: 70 | E11: 30 | F11: -16.4 | G11: -0.3702 | H11: -0.2624 | I11: -0.3163 | J11: 0.429 | K11: 19/21 | L11: 7/12 | M11: 2/5 | N11: Not supported
A12: trna590 | B12: Sup | C12: UUA | D12: 80 | E12: 35 | F12: -19.3 | G12: -0.5245 | H12: -0.4042 | I12: -0.4643 | J12: 0.929 | K12: 20/21 | L12: 6/12 | M12: 2/5 | N12: Not supported
A13: trna1470 | B13: Sup | C13: CUA | D13: 93 | E13: 47.83 | F13: -20.6 | G13: -0.5057 | H13: -0.4807 | I13: -0.4932 | J13: 1 | K13: 19/21 | L13: 5/12 | M13: 1/5 | N13: Not supported
A15: Supported: combined score above the threshold, with conserved positions and T-loop within the range of known tRNAs. Borderline: above every randomised-genome sequence but below the threshold. Not supported: within the randomised-genome range.
A18: Note: the GC content of trna64 lies above the range of the randomised-genome sequences (21.1-45.1%), so a compositional contribution to its score cannot be excluded.

Sheet Table 2 (manuscript)
A1: Table 2. Probabilistic scores of the predicted candidates compared with known tRNAs and with both negative controls.
A2: All sequences were scored with the same position-specific model estimated from the 199 reference tRNAs. Values are means with standard deviations. The reference set was scored leave-one-out.
A4: Sequence set | B4: Role | C4: n | D4: Emission log-odds | E4: Transition log-odds | F4: Combined score S | G4: Range of S | H4: Stem pairing | I4: Conserved positions
A5: T-psi-C reference | B5: Model construction | C5: 199 | D5: +0.502 ± 0.143 | E5: +0.511 ± 0.133 | F5: +0.506 ± 0.135 | G5: -0.207 to +0.759 | H5: 0.978 | I5: 0.936
A6: T-psi-C held out | B6: Positive control | C6: 96 | D6: +0.489 ± 0.120 | E6: +0.499 ± 0.117 | F6: +0.494 ± 0.117 | G6: +0.029 to +0.687 | H6: 0.983 | I6: 0.941
A7: M. barkeri annotated | B7: Positive control | C7: 62 | D7: +0.421 ± 0.118 | E7: +0.424 ± 0.108 | F7: +0.422 ± 0.111 | G7: +0.241 to +0.698 | H7: 0.959 | I7: 0.952
A8: Predicted candidates | B8: Under test | C8: 9 | D8: -0.311 ± 0.158 | E8: -0.231 ± 0.148 | F8: -0.271 ± 0.151 | G8: -0.493 to +0.039 | H8: 0.915 | I8: 0.602
A9: Randomised genome | B9: Negative control | C9: 13 | D9: -0.364 ± 0.116 | E9: -0.312 ± 0.088 | F9: -0.338 ± 0.094 | G9: -0.476 to -0.189 | H9: 0.919 | I9: 0.667
A10: Base-shuffled tRNAs | B10: Negative control | C10: 960 | D10: -0.778 ± 0.155 | E10: -0.427 ± 0.103 | F10: -0.603 ± 0.113 | G10: -0.915 to -0.208 | H10: 0.400 | I10: 0.241
A12: Separation between known tRNAs and both negative controls was complete (AUC = 1.000 in each case). The decision threshold, set midway between the highest randomised-genome score and the lowest known-tRNA score, was -0.0801.

Sheet Read Me
A1: tRNA MODEL v5 — VALIDATION OF 9 PREDICTED CANDIDATES AGAINST A REALISTIC NEGATIVE CONTROL
A3: CHECKS ON THIS BATCH
A4: 1. Reference corrected to 199 | B4: The reference database now holds 199 records. The earlier version listed tdbR00000504 (Mycoplasma mycoides, Ile, CAU) twice; one of the two entries was removed. Frequencies, emission and transition matrices, background frequencies, the leave-one-out reference scores and every score and statistic that depends on the model were re-derived from the 199 records.
A5: 2. T-Psi-C OTHER 100 unchanged | B5: Byte-identical to the previous round. 101 rows, 96 unique records, 5 exact duplicate rows removed (4 Lys, 1 Tyr). Zero overlap with the reference 199.
A6: 3. MBSW 62 unchanged | B6: Byte-identical to the previous round. 62 mature archaeal tRNAs from tRNAscan-SE.
A7: 4. The 13 random-genome file is a true legacy .xls | B7: tRNA_randomgenome_13_positions_1-72.xls is a BIFF Composite Document, not a renamed .xlsx. It was converted to .xlsx before reading. It holds the same 13 sequences as the previous round: same names, same anticodons, same lengths, same gap counts.
A8: 5. The 9 pasted candidates were verified | B8: The 9 predicted candidates supplied in the message body were transcribed and compared cell by cell against the candidate file used previously: 0 differing cells across all 9 x 72. The T to U change and the anticodon spelling (UUA / CUA / UCA rather than tta / cta / tca) are notation only.
A9: 6. Every figure reproduced | B9: Before the correction, the Python pipeline reproduced every statistic of the 200-record version exactly, to the last decimal place. The same pipeline was then rerun on the 199-record reference.
A10: 7. Roles of the sets | B10: The 13 random-genome sequences are the NEGATIVE control, not candidates. The 9 predicted candidates are what is being tested. Your message refers in one place to 'our 13 candidate tRNA'; that has been read as the random-genome decoy set, consistent with how it was described when first supplied.
A11: 8. Sets 2, 3 and the permutation null | B11: PROVISIONAL. The workbook holds only the scores, not the sequences, of the 96 T-Psi-C OTHER tRNAs, the 62 MBSW tRNAs and the 960 permutations, so their emission, transition and combined scores (and the statistics built on them: weakest real tRNA, AUCs against real tRNAs, z and p vs the permutation null, the real-tRNA column of Position Deficit) are still those of the 200-record model. Everything else has been re-derived from the 199 records.
A12: WHY THE DECOY SET MATTERS
A13: The gap it closes | B13: Up to v4 the only negative control was a positional permutation of a real tRNA. That is an easy negative: a scrambled tRNA has no reason to fold at all. The realistic false positive for a split-tRNA search is genomic sequence that already folds like a tRNA, which is exactly what your predictor returns when run on randomized genome.
A14: How well matched it is | B14: The 13 decoys carry the same anticodons as the real candidates (UUA and CUA), the same declared type (Sup), and overlapping lengths (71-95 against 70-93). They are therefore a properly matched hard negative.
A15: Predictor false-positive yield | B15: 13 candidates from 50 randomized genomes = 0.26 per genome.
A17: HEADLINE RESULT
A18: Against real tRNAs | B18: Separation stays perfect: AUC = 1.000. Every one of the 158 real tRNAs outscores every decoy and every permutation.
A19: Against the decoys | B19: The combined score separates the 9 predicted from the 13 decoys only weakly: predicted -0.2711 against decoy -0.3381, Mann-Whitney p = 0.367, AUC = 0.615. Seven of the nine fall inside the decoy range.
A20: The GC confound | B20: GC content separates predicted from decoy far better than the model does (AUC 0.859, p = 0.005). After the linear GC effect is removed the difference disappears completely (p = 0.973, AUC = 0.504). On this evidence the positional model adds nothing beyond base composition when the task is telling a real candidate from a randomized-genome decoy.
A21: Identity features run the wrong way | B21: The decoys score HIGHER than the predicted candidates on invariant match (0.667 against 0.602) and on the T-loop (0.631 against 0.556). These features cannot be used to argue for the candidates.
A22: Stem pairing is uninformative here | B22: Predicted 0.915 against decoy 0.919. The predictor selects for foldability, so both sets fold. Stem pairing was used as a supporting criterion in v4; against this null it has no discriminating power and that v4 criterion is withdrawn.
A24: REVISED THRESHOLD
A25: Against the decoy null | B25: Decoy maximum -0.1890; weakest of the 158 real tRNAs +0.0288; recommended cut = midpoint -0.0801.
A26: Against the permutation null | B26: Cut against the permutation null = -0.0896. The decoy-calibrated cut is slightly stricter.
A27: Candidates clearing it | B27: 1 of 9.
A28: Candidates above the decoy maximum | B28: 2 of 9.
A30: STATISTICAL POWER — READ THIS BEFORE QUOTING ANY p VALUE
A31: The floor | B31: With 13 decoys the smallest empirical p any candidate can receive is 1/(13+1) = 0.0714. No candidate can reach p < 0.05 against this null, however good it is. The two best candidates both sit at this floor.
A32: What it would take | B32: About 99 decoys are needed before p < 0.01 is even reachable. At the observed yield of 0.26 decoys per randomized genome that means roughly 380 randomized genomes.
A33: The better experiment | B33: Generate the decoys GC-matched to the candidates, or draw them from GC-matched genomic windows. Because GC is doing all the discriminating work, a GC-matched decoy set is the test that would actually settle the question.
A35: WHAT THIS DOES AND DOES NOT SHOW
A36: Shown | B36: All 9 candidates are clearly distinguishable from real mature tRNAs, and clearly better than scrambled sequence. One candidate, trna64, also sits above every decoy and clears the decoy-calibrated threshold.
A37: Not shown | B37: That the 9 candidates as a group are distinguishable from what the predictor finds in randomized genome. On the present evidence they are not, once GC is accounted for.
A39: COMPUTED INPUTS
A40: Note | B40: Reference leave-one-out scores, the 96 T-Psi-C OTHER scores, the 62 MBSW scores, the 960 permutation scores and all ROC and Mann-Whitney statistics are computed in Python and entered as values, shown in blue. The 22 candidates and decoys are scored by live spreadsheet formula from the emission and transition tables so the chain can be audited end to end.

Sheet Database + Frequency
A1: T-PSI-C REFERENCE DATABASE (199 records, positions 1-72) WITH NUCLEOTIDE FREQUENCY BENEATH, HORIZONTAL
A2: Organism | B2: Trna No | C2: tRNA | D2: Anti codon | E2: 1 | F2: 2 | G2: 3 | H2: 4 | I2: 5 | J2: 6 | K2: 7 | L2: 8 | M2: 9 | N2: 10 | O2: 11 | P2: 12 | Q2: 13 | R2: 14 | S2: 15 | T2: 16 | U2: 17 | V2: 18 | W2: 19 | X2: 20 | Y2: 21 | Z2: 22 | AA2: 23 | AB2: 24 | AC2: 25 | AD2: 26 | AE2: 27 | AF2: 28 | AG2: 29 | AH2: 30 | AI2: 31 | AJ2: 32 | AK2: 33 | AL2: 34 | AM2: 35 | AN2: 36 | AO2: 37 | AP2: 38 | AQ2: 39 | AR2: 40 | AS2: 41 | AT2: 42 | AU2: 43 | AV2: 44 | AW2: 45 | AX2: 46 | AY2: 47 | AZ2: 48 | BA2: 49 | BB2: 50 | BC2: 51 | BD2: 52 | BE2: 53 | BF2: 54 | BG2: 55 | BH2: 56 | BI2: 57 | BJ2: 58 | BK2: 59 | BL2: 60 | BM2: 61 | BN2: 62 | BO2: 63 | BP2: 64 | BQ2: 65 | BR2: 66 | BS2: 67 | BT2: 68 | BU2: 69 | BV2: 70 | BW2: 71 | BX2: 72
A3: Aeropyrum pernix(A) | B3: tdbR00000589 | C3: ARG | D3: UCU | E3: G | F3: G | G3: G | H3: C | I3: C | J3: C | K3: G | L3: U | M3: A | N3: G | O3: C | P3: U | Q3: C | R3: A | S3: G | T3: C | U3: C | V3: G | W3: G | X3: A | Y3: A | Z3: G | AA3: A | AB3: G | AC3: C | AD3: G | AE3: C | AF3: C | AG3: G | AH3: G | AI3: C | AJ3: C | AK3: U | AL3: U | AM3: C | AN3: U | AO3: A | AP3: A | AQ3: G | AR3: C | AS3: C | AT3: G | AU3: G | AV3: U | AW3: G | AX3: C | AY3: U | AZ3: G | BA3: C | BB3: C | BC3: G | BD3: G | BE3: G | BF3: U | BG3: U | BH3: C | BI3: A | BJ3: A | BK3: A | BL3: U | BM3: C | BN3: C | BO3: C | BP3: G | BQ3: G | BR3: C | BS3: G | BT3: G | BU3: G | BV3: C | BW3: C | BX3: C
A4: Aeropyrum pernix(A) | B4: tdbR00000588 | C4: ASC | D4: GUC | E4: G | F4: C | G4: C | H4: G | I4: C | J4: G | K4: G | L4: U | M4: A | N4: G | O4: U | P4: A | Q4: U | R4: A | S4: G | T4: C | U4: C | V4: G | W4: G | X4: A | Y4: A | Z4: G | AA4: U | AB4: A | AC4: U | AD4: G | AE4: C | AF4: G | AG4: G | AH4: G | AI4: C | AJ4: C | AK4: U | AL4: G | AM4: U | AN4: C | AO4: A | AP4: A | AQ4: G | AR4: C | AS4: C | AT4: C | AU4: G | AV4: U | AW4: G | AX4: - | AY4: A | AZ4: C | BA4: C | BB4: C | BC4: G | BD4: G | BE4: G | BF4: U | BG4: U | BH4: C | BI4: A | BJ4: A | BK4: A | BL4: U | BM4: C | BN4: C | BO4: C | BP4: G | BQ4: G | BR4: C | BS4: C | BT4: G | BU4: C | BV4: G | BW4: G | BX4: C
A5: Aeropyrum pernix(A) | B5: tdbR00000583 | C5: CYS | D5: GCA | E5: G | F5: C | G5: C | H5: G | I5: G | J5: G | K5: G | L5: U | M5: G | N5: G | O5: C | P5: C | Q5: G | R5: A | S5: G | T5: - | U5: C | V5: G | W5: G | X5: U | Y5: A | Z5: A | AA5: G | AB5: G | AC5: C | AD5: G | AE5: G | AF5: C | AG5: G | AH5: G | AI5: G | AJ5: C | AK5: U | AL5: G | AM5: C | AN5: A | AO5: G | AP5: A | AQ5: C | AR5: C | AS5: C | AT5: G | AU5: U | AV5: U | AW5: A | AX5: G | AY5: U | AZ5: C | BA5: C | BB5: C | BC5: G | BD5: G | BE5: G | BF5: U | BG5: U | BH5: C | BI5: G | BJ5: A | BK5: A | BL5: U | BM5: C | BN5: C | BO5: C | BP5: G | BQ5: G | BR5: C | BS5: C | BT5: C | BU5: C | BV5: G | BW5: G | BX5: C
A6: Aeropyrum pernix(A) | B6: tdbR00000581 | C6: LYS | D6: CUU | E6: G | F6: G | G6: G | H6: C | I6: C | J6: C | K6: G | L6: U | M6: A | N6: G | O6: C | P6: U | Q6: C | R6: A | S6: G | T6: C | U6: C | V6: G | W6: G | X6: U | Y6: A | Z6: G | AA6: A | AB6: G | AC6: C | AD6: G | AE6: G | AF6: C | AG6: G | AH6: G | AI6: G | AJ6: C | AK6: U | AL6: C | AM6: U | AN6: U | AO6: A | AP6: A | AQ6: C | AR6: C | AS6: C | AT6: G | AU6: C | AV6: G | AW6: A | AX6: G | AY6: U | AZ6: C | BA6: C | BB6: C | BC6: G | BD6: G | BE6: G | BF6: U | BG6: U | BH6: C | BI6: A | BJ6: A | BK6: A | BL6: U | BM6: C | BN6: C | BO6: C | BP6: G | BQ6: G | BR6: C | BS6: G | BT6: G | BU6: G | BV6: C | BW6: C | BX6: C
A7: Aeropyrum pernix(A) | B7: tdbR00000580 | C7: LYS | D7: UUU | E7: G | F7: G | G7: G | H7: C | I7: C | J7: C | K7: G | L7: U | M7: A | N7: G | O7: C | P7: U | Q7: C | R7: A | S7: G | T7: C | U7: C | V7: G | W7: G | X7: C | Y7: A | Z7: G | AA7: A | AB7: G | AC7: C | AD7: G | AE7: G | AF7: C | AG7: G | AH7: G | AI7: G | AJ7: C | AK7: U | AL7: U | AM7: U | AN7: U | AO7: A | AP7: C | AQ7: C | AR7: C | AS7: C | AT7: G | AU7: C | AV7: G | AW7: G | AX7: A | AY7: U | AZ7: C | BA7: C | BB7: C | BC7: G | BD7: G | BE7: G | BF7: U | BG7: U | BH7: C | BI7: A | BJ7: A | BK7: A | BL7: U | BM7: C | BN7: C | BO7: C | BP7: G | BQ7: G | BR7: C | BS7: G | BT7: G | BU7: G | BV7: C | BW7: C | BX7: C
A8: Aeropyrum pernix(A) | B8: tdbR00000586 | C8: MET | D8: CAU | E8: G | F8: G | G8: G | H8: C | I8: C | J8: C | K8: G | L8: U | M8: A | N8: G | O8: C | P8: U | Q8: C | R8: A | S8: G | T8: C | U8: C | V8: G | W8: G | X8: U | Y8: A | Z8: G | AA8: A | AB8: G | AC8: C | AD8: G | AE8: C | AF8: C | AG8: C | AH8: G | AI8: G | AJ8: C | AK8: U | AL8: C | AM8: A | AN8: U | AO8: A | AP8: A | AQ8: C | AR8: C | AS8: G | AT8: G | AU8: G | AV8: U | AW8: G | AX8: G | AY8: U | AZ8: C | BA8: G | BB8: G | BC8: G | BD8: G | BE8: G | BF8: U | BG8: U | BH8: C | BI8: A | BJ8: A | BK8: A | BL8: U | BM8: C | BN8: C | BO8: C | BP8: C | BQ8: C | BR8: C | BS8: G | BT8: G | BU8: G | BV8: C | BW8: C | BX8: C
A9: Aeropyrum pernix(A) | B9: tdbR00000587 | C9: MET | D9: CAU | E9: G | F9: C | G9: C | H9: G | I9: C | J9: C | K9: G | L9: U | M9: A | N9: G | O9: C | P9: U | Q9: C | R9: A | S9: G | T9: C | U9: C | V9: G | W9: G | X9: C | Y9: A | Z9: G | AA9: A | AB9: G | AC9: C | AD9: G | AE9: C | AF9: C | AG9: G | AH9: G | AI9: A | AJ9: C | AK9: U | AL9: C | AM9: A | AN9: U | AO9: A | AP9: A | AQ9: U | AR9: C | AS9: C | AT9: G | AU9: G | AV9: A | AW9: G | AX9: G | AY9: U | AZ9: C | BA9: C | BB9: C | BC9: G | BD9: G | BE9: G | BF9: U | BG9: U | BH9: C | BI9: G | BJ9: A | BK9: A | BL9: U | BM9: C | BN9: C | BO9: C | BP9: G | BQ9: G | BR9: C | BS9: G | BT9: G | BU9: C | BV9: G | BW9: G | BX9: C
A10: Aeropyrum pernix(A) | B10: tdbR00000579 | C10: PRO | D10: CGG | E10: G | F10: G | G10: G | H10: C | I10: C | J10: C | K10: G | L10: G | M10: C | N10: G | O10: U | P10: C | Q10: U | R10: A | S10: G | T10: C | U10: C | V10: G | W10: G | X10: C | Y10: A | Z10: A | AA10: G | AB10: A | AC10: U | AD10: G | AE10: C | AF10: G | AG10: G | AH10: G | AI10: G | AJ10: U | AK10: A | AL10: C | AM10: G | AN10: G | AO10: G | AP10: A | AQ10: C | AR10: C | AS10: C | AT10: C | AU10: G | AV10: U | AW10: G | AX10: G | AY10: U | AZ10: C | BA10: C | BB10: G | BC10: G | BD10: G | BE10: G | BF10: U | BG10: U | BH10: C | BI10: A | BJ10: A | BK10: A | BL10: U | BM10: C | BN10: C | BO10: C | BP10: C | BQ10: G | BR10: C | BS10: G | BT10: G | BU10: G | BV10: C | BW10: C | BX10: C
A11: Aeropyrum pernix(A) | B11: tdbR00000584 | C11: PRO | D11: GGG | E11: G | F11: G | G11: G | H11: G | I11: C | J11: C | K11: G | L11: U | M11: C | N11: G | O11: U | P11: C | Q11: U | R11: A | S11: G | T11: C | U11: C | V11: G | W11: G | X11: C | Y11: A | Z11: G | AA11: G | AB11: A | AC11: U | AD11: G | AE11: C | AF11: C | AG11: A | AH11: G | AI11: C | AJ11: C | AK11: U | AL11: G | AM11: G | AN11: G | AO11: G | AP11: C | AQ11: G | AR11: C | AS11: U | AT11: G | AU11: G | AV11: U | AW11: G | AX11: G | AY11: U | AZ11: C | BA11: C | BB11: C | BC11: G | BD11: G | BE11: G | BF11: U | BG11: U | BH11: C | BI11: A | BJ11: A | BK11: A | BL11: U | BM11: C | BN11: C | BO11: C | BP11: G | BQ11: G | BR11: C | BS11: G | BT11: G | BU11: C | BV11: C | BW11: C | BX11: C
A12: Aeropyrum pernix(A) | B12: tdbR00000585 | C12: THR | D12: CGU | E12: G | F12: C | G12: C | H12: G | I12: C | J12: C | K12: G | L12: U | M12: A | N12: G | O12: C | P12: U | Q12: C | R12: A | S12: G | T12: - | U12: C | V12: G | W12: G | X12: U | Y12: A | Z12: G | AA12: A | AB12: G | AC12: C | AD12: G | AE12: C | AF12: C | AG12: G | AH12: G | AI12: C | AJ12: C | AK12: U | AL12: C | AM12: G | AN12: U | AO12: A | AP12: A | AQ12: G | AR12: C | AS12: C | AT12: G | AU12: G | AV12: U | AW12: G | AX12: G | AY12: U | AZ12: C | BA12: G | BB12: C | BC12: G | BD12: G | BE12: G | BF12: U | BG12: U | BH12: C | BI12: G | BJ12: A | BK12: A | BL12: U | BM12: C | BN12: C | BO12: C | BP12: G | BQ12: C | BR12: C | BS12: G | BT12: G | BU12: C | BV12: G | BW12: G | BX12: C
A13: Aeropyrum pernix(A) | B13: tdbR00000582 | C13: TYR | D13: GUA | E13: C | F13: C | G13: C | H13: G | I13: C | J13: C | K13: G | L13: U | M13: A | N13: G | O13: C | P13: U | Q13: C | R13: A | S13: G | T13: - | U13: C | V13: G | W13: G | X13: C | Y13: A | Z13: G | AA13: A | AB13: G | AC13: C | AD13: G | AE13: C | AF13: C | AG13: C | AH13: G | AI13: G | AJ13: C | AK13: U | AL13: G | AM13: U | AN13: A | AO13: C | AP13: A | AQ13: C | AR13: C | AS13: G | AT13: G | AU13: G | AV13: U | AW13: G | AX13: G | AY13: U | AZ13: C | BA13: C | BB13: G | BC13: G | BD13: G | BE13: G | BF13: U | BG13: U | BH13: C | BI13: G | BJ13: A | BK13: A | BL13: U | BM13: C | BN13: C | BO13: C | BP13: C | BQ13: G | BR13: C | BS13: G | BT13: G | BU13: C | BV13: G | BW13: G | BX13: G
A14: Escherichia coli(B) | B14: tdbR00000008 | C14: Ala | D14: GGC | E14: G | F14: G | G14: G | H14: G | I14: C | J14: U | K14: A | L14: U | M14: A | N14: G | O14: C | P14: U | Q14: C | R14: A | S14: G | T14: C | U14: U | V14: G | W14: G | X14: G | Y14: A | Z14: G | AA14: A | AB14: G | AC14: C | AD14: G | AE14: C | AF14: U | AG14: U | AH14: G | AI14: C | AJ14: A | AK14: U | AL14: G | AM14: G | AN14: C | AO14: A | AP14: U | AQ14: G | AR14: C | AS14: A | AT14: A | AU14: G | AV14: A | AW14: G | AX14: G | AY14: U | AZ14: C | BA14: A | BB14: G | BC14: C | BD14: G | BE14: G | BF14: U | BG14: U | BH14: C | BI14: G | BJ14: A | BK14: U | BL14: C | BM14: C | BN14: C | BO14: G | BP14: C | BQ14: U | BR14: U | BS14: A | BT14: G | BU14: C | BV14: U | BW14: C | BX14: C
... A201: Homo sapiens | B201: tdbR00000868 | C201: Thr | D201: AGU | E201: G | F201: C | G201: U | H201: C | I201: U | J201: U | K201: G | L201: U | M201: A | N201: G | O201: C | P201: U | Q201: C | R201: A | S201: G | T201: - | U201: U | V201: G | W201: G | X201: U | Y201: A | Z201: G | AA201: A | AB201: G | AC201: C | AD201: G | AE201: C | AF201: U | AG201: U | AH201: G | AI201: C | AJ201: C | AK201: U | AL201: A | AM201: G | AN201: U | AO201: A | AP201: A | AQ201: G | AR201: C | AS201: A | AT201: A | AU201: G | AV201: A | AW201: G | AX201: G | AY201: C | AZ201: C | BA201: C | BB201: A | BC201: G | BD201: U | BE201: G | BF201: U | BG201: U | BH201: C | BI201: A | BJ201: A | BK201: G | BL201: U | BM201: C | BN201: A | BO201: C | BP201: U | BQ201: G | BR201: C | BS201: U | BT201: G | BU201: G | BV201: A | BW201: G | BX201: C
A204: NUCLEOTIDE FREQUENCY — HORIZONTAL
A205: Counted over the 199 records above. Missing cells excluded from the valid total.
D206: Position | E206: 1 | F206: 2 | G206: 3 | H206: 4 | I206: 5 | J206: 6 | K206: 7 | L206: 8 | M206: 9 | N206: 10 | O206: 11 | P206: 12 | Q206: 13 | R206: 14 | S206: 15 | T206: 16 | U206: 17 | V206: 18 | W206: 19 | X206: 20 | Y206: 21 | Z206: 22 | AA206: 23 | AB206: 24 | AC206: 25 | AD206: 26 | AE206: 27 | AF206: 28 | AG206: 29 | AH206: 30 | AI206: 31 | AJ206: 32 | AK206: 33 | AL206: 34 | AM206: 35 | AN206: 36 | AO206: 37 | AP206: 38 | AQ206: 39 | AR206: 40 | AS206: 41 | AT206: 42 | AU206: 43 | AV206: 44 | AW206: 45 | AX206: 46 | AY206: 47 | AZ206: 48 | BA206: 49 | BB206: 50 | BC206: 51 | BD206: 52 | BE206: 53 | BF206: 54 | BG206: 55 | BH206: 56 | BI206: 57 | BJ206: 58 | BK206: 59 | BL206: 60 | BM206: 61 | BN206: 62 | BO206: 63 | BP206: 64 | BQ206: 65 | BR206: 66 | BS206: 67 | BT206: 68 | BU206: 69 | BV206: 70 | BW206: 71 | BX206: 72
D207: A | E207: 13 | F207: 6 | G207: 14 | H207: 15 | I207: 30 | J207: 34 | K207: 47 | L207: 1 | M207: 130 | N207: 0 | O207: 7 | P207: 13 | Q207: 13 | R207: 197 | S207: 33 | T207: 3 | U207: 12 | V207: 1 | W207: 1 | X207: 17 | Y207: 178 | Z207: 41 | AA207: 120 | AB207: 37 | AC207: 1 | AD207: 83 | AE207: 24 | AF207: 24 | AG207: 32 | AH207: 0 | AI207: 54 | AJ207: 6 | AK207: 1 | AL207: 9 | AM207: 61 | AN207: 43 | AO207: 150 | AP207: 146 | AQ207: 18 | AR207: 1 | AS207: 54 | AT207: 48 | AU207: 45 | AV207: 99 | AW207: 15 | AX207: 16 | AY207: 26 | AZ207: 1 | BA207: 31 | BB207: 23 | BC207: 28 | BD207: 26 | BE207: 1 | BF207: 2 | BG207: 1 | BH207: 2 | BI207: 76 | BJ207: 197 | BK207: 91 | BL207: 1 | BM207: 0 | BN207: 3 | BO207: 22 | BP207: 32 | BQ207: 9 | BR207: 43 | BS207: 41 | BT207: 15 | BU207: 25 | BV207: 23 | BW207: 5 | BX207: 16
D208: C | E208: 21 | F208: 82 | G208: 77 | H208: 61 | I208: 79 | J208: 65 | K208: 3 | L208: 0 | M208: 7 | N208: 8 | O208: 146 | P208: 29 | Q208: 129 | R208: 1 | S208: 2 | T208: 47 | U208: 63 | V208: 0 | W208: 0 | X208: 45 | Y208: 4 | Z208: 0 | AA208: 38 | AB208: 6 | AC208: 177 | AD208: 5 | AE208: 93 | AF208: 103 | AG208: 35 | AH208: 42 | AI208: 72 | AJ208: 134 | AK208: 1 | AL208: 66 | AM208: 46 | AN208: 53 | AO208: 1 | AP208: 29 | AQ208: 50 | AR208: 143 | AS208: 77 | AT208: 20 | AU208: 23 | AV208: 31 | AW208: 5 | AX208: 4 | AY208: 23 | AZ208: 167 | BA208: 57 | BB208: 87 | BC208: 41 | BD208: 2 | BE208: 1 | BF208: 0 | BG208: 1 | BH208: 195 | BI208: 0 | BJ208: 1 | BK208: 12 | BL208: 40 | BM208: 197 | BN208: 168 | BO208: 97 | BP208: 42 | BQ208: 63 | BR208: 105 | BS208: 45 | BT208: 62 | BU208: 88 | BV208: 71 | BW208: 103 | BX208: 145
D209: G | E209: 152 | F209: 105 | G209: 85 | H209: 89 | I209: 69 | J209: 48 | K209: 105 | L209: 1 | M209: 61 | N209: 191 | O209: 6 | P209: 38 | Q209: 19 | R209: 1 | S209: 161 | T209: 3 | U209: 8 | V209: 198 | W209: 196 | X209: 18 | Y209: 7 | Z209: 144 | AA209: 29 | AB209: 149 | AC209: 7 | AD209: 100 | AE209: 31 | AF209: 22 | AG209: 77 | AH209: 150 | AI209: 54 | AJ209: 0 | AK209: 0 | AL209: 66 | AM209: 51 | AN209: 32 | AO209: 48 | AP209: 1 | AQ209: 72 | AR209: 47 | AS209: 35 | AT209: 105 | AU209: 99 | AV209: 46 | AW209: 149 | AX209: 136 | AY209: 16 | AZ209: 2 | BA209: 100 | BB209: 54 | BC209: 99 | BD209: 167 | BE209: 195 | BF209: 0 | BG209: 1 | BH209: 1 | BI209: 121 | BJ209: 0 | BK209: 46 | BL209: 2 | BM209: 1 | BN209: 2 | BO209: 48 | BP209: 92 | BQ209: 57 | BR209: 2 | BS209: 75 | BT209: 87 | BU209: 70 | BV209: 75 | BW209: 82 | BX209: 17
D210: U | E210: 13 | F210: 6 | G210: 23 | H210: 34 | I210: 21 | J210: 52 | K210: 44 | L210: 197 | M210: 0 | N210: 0 | O210: 40 | P210: 119 | Q210: 38 | R210: 0 | S210: 2 | T210: 79 | U210: 113 | V210: 0 | W210: 2 | X210: 118 | Y210: 10 | Z210: 14 | AA210: 12 | AB210: 7 | AC210: 14 | AD210: 11 | AE210: 51 | AF210: 50 | AG210: 55 | AH210: 7 | AI210: 19 | AJ210: 59 | AK210: 197 | AL210: 58 | AM210: 41 | AN210: 71 | AO210: 0 | AP210: 23 | AQ210: 59 | AR210: 8 | AS210: 33 | AT210: 26 | AU210: 32 | AV210: 23 | AW210: 28 | AX210: 12 | AY210: 134 | AZ210: 29 | BA210: 11 | BB210: 35 | BC210: 30 | BD210: 4 | BE210: 2 | BF210: 197 | BG210: 196 | BH210: 1 | BI210: 1 | BJ210: 1 | BK210: 50 | BL210: 156 | BM210: 1 | BN210: 26 | BO210: 32 | BP210: 33 | BQ210: 69 | BR210: 49 | BS210: 38 | BT210: 35 | BU210: 16 | BV210: 30 | BW210: 9 | BX210: 21
D211: Missing | E211: 0 | F211: 0 | G211: 0 | H211: 0 | I211: 0 | J211: 0 | K211: 0 | L211: 0 | M211: 1 | N211: 0 | O211: 0 | P211: 0 | Q211: 0 | R211: 0 | S211: 1 | T211: 67 | U211: 3 | V211: 0 | W211: 0 | X211: 1 | Y211: 0 | Z211: 0 | AA211: 0 | AB211: 0 | AC211: 0 | AD211: 0 | AE211: 0 | AF211: 0 | AG211: 0 | AH211: 0 | AI211: 0 | AJ211: 0 | AK211: 0 | AL211: 0 | AM211: 0 | AN211: 0 | AO211: 0 | AP211: 0 | AQ211: 0 | AR211: 0 | AS211: 0 | AT211: 0 | AU211: 0 | AV211: 0 | AW211: 2 | AX211: 31 | AY211: 0 | AZ211: 0 | BA211: 0 | BB211: 0 | BC211: 1 | BD211: 0 | BE211: 0 | BF211: 0 | BG211: 0 | BH211: 0 | BI211: 1 | BJ211: 0 | BK211: 0 | BL211: 0 | BM211: 0 | BN211: 0 | BO211: 0 | BP211: 0 | BQ211: 1 | BR211: 0 | BS211: 0 | BT211: 0 | BU211: 0 | BV211: 0 | BW211: 0 | BX211: 0
D212: Valid total | E212: =SUM(E207:E210) -> 199 | F212: =SUM(F207:F210) -> 199 | G212: =SUM(G207:G210) -> 199 | H212: =SUM(H207:H210) -> 199 | I212: =SUM(I207:I210) -> 199 | J212: =SUM(J207:J210) -> 199 | K212: =SUM(K207:K210) -> 199 | L212: =SUM(L207:L210) -> 199 | ... BX212: =SUM(BX207:BX210) -> 199
D213: Check = 199 | E213: =E211+E212 -> 199 | F213: =F211+F212 -> 199 | G213: =G211+G212 -> 199 | H213: =H211+H212 -> 199 | I213: =I211+I212 -> 199 | J213: =J211+J212 -> 199 | K213: =K211+K212 -> 199 | L213: =L211+L212 -> 199 | ... BX213: =BX211+BX212 -> 199
D214: Most frequent | E214: G | F214: G | G214: G | H214: G | I214: C | J214: C | K214: G | L214: U | M214: A | N214: G | O214: C | P214: U | Q214: C | R214: A | S214: G | T214: U | U214: U | V214: G | W214: G | X214: U | Y214: A | Z214: G | AA214: A | AB214: G | AC214: C | AD214: G | AE214: C | AF214: C | AG214: G | AH214: G | AI214: C | AJ214: C | AK214: U | AL214: C/G | AM214: A | AN214: U | AO214: A | AP214: A | AQ214: G | AR214: C | AS214: C | AT214: G | AU214: G | AV214: A | AW214: G | AX214: G | AY214: U | AZ214: C | BA214: G | BB214: C | BC214: G | BD214: G | BE214: G | BF214: U | BG214: U | BH214: C | BI214: G | BJ214: A | BK214: A | BL214: U | BM214: C | BN214: C | BO214: C | BP214: G | BQ214: U | BR214: C | BS214: G | BT214: G | BU214: C | BV214: G | BW214: C | BX214: C
D215: Its share | E215: =MAX(E207:E210)/E212 -> 0.7638191 | F215: =MAX(F207:F210)/F212 -> 0.52763819 | G215: =MAX(G207:G210)/G212 -> 0.42713568 | H215: =MAX(H207:H210)/H212 -> 0.44723618 | I215: =MAX(I207:I210)/I212 -> 0.39698492 | J215: =MAX(J207:J210)/J212 -> 0.32663317 | K215: =MAX(K207:K210)/K212 -> 0.52763819 | L215: =MAX(L207:L210)/L212 -> 0.98994975 | ... BX215: =MAX(BX207:BX210)/BX212 -> 0.72864322

Sheet Frequency 1-72
A1: Position | B1: A | C1: C | D1: G | E1: U | F1: Missing | G1: Valid total | H1: Check total = 199
A2: 1 | B2: ='Database + Frequency'!E207 -> 13 | C2: ='Database + Frequency'!E208 -> 21 | D2: ='Database + Frequency'!E209 -> 152 | E2: ='Database + Frequency'!E210 -> 13 | F2: ='Database + Frequency'!E211 -> 0 | G2: =SUM(B2:E2) -> 199 | H2: =F2+G2 -> 199
A3: 2 | B3: ='Database + Frequency'!F207 -> 6 | C3: ='Database + Frequency'!F208 -> 82 | D3: ='Database + Frequency'!F209 -> 105 | E3: ='Database + Frequency'!F210 -> 6 | F3: ='Database + Frequency'!F211 -> 0 | G3: =SUM(B3:E3) -> 199 | H3: =F3+G3 -> 199
A4: 3 | B4: ='Database + Frequency'!G207 -> 14 | C4: ='Database + Frequency'!G208 -> 77 | D4: ='Database + Frequency'!G209 -> 85 | E4: ='Database + Frequency'!G210 -> 23 | F4: ='Database + Frequency'!G211 -> 0 | G4: =SUM(B4:E4) -> 199 | H4: =F4+G4 -> 199
A5: 4 | B5: ='Database + Frequency'!H207 -> 15 | C5: ='Database + Frequency'!H208 -> 61 | D5: ='Database + Frequency'!H209 -> 89 | E5: ='Database + Frequency'!H210 -> 34 | F5: ='Database + Frequency'!H211 -> 0 | G5: =SUM(B5:E5) -> 199 | H5: =F5+G5 -> 199
A6: 5 | B6: ='Database + Frequency'!I207 -> 30 | C6: ='Database + Frequency'!I208 -> 79 | D6: ='Database + Frequency'!I209 -> 69 | E6: ='Database + Frequency'!I210 -> 21 | F6: ='Database + Frequency'!I211 -> 0 | G6: =SUM(B6:E6) -> 199 | H6: =F6+G6 -> 199
A7: 6 | B7: ='Database + Frequency'!J207 -> 34 | C7: ='Database + Frequency'!J208 -> 65 | D7: ='Database + Frequency'!J209 -> 48 | E7: ='Database + Frequency'!J210 -> 52 | F7: ='Database + Frequency'!J211 -> 0 | G7: =SUM(B7:E7) -> 199 | H7: =F7+G7 -> 199
A8: 7 | B8: ='Database + Frequency'!K207 -> 47 | C8: ='Database + Frequency'!K208 -> 3 | D8: ='Database + Frequency'!K209 -> 105 | E8: ='Database + Frequency'!K210 -> 44 | F8: ='Database + Frequency'!K211 -> 0 | G8: =SUM(B8:E8) -> 199 | H8: =F8+G8 -> 199
A9: 8 | B9: ='Database + Frequency'!L207 -> 1 | C9: ='Database + Frequency'!L208 -> 0 | D9: ='Database + Frequency'!L209 -> 1 | E9: ='Database + Frequency'!L210 -> 197 | F9: ='Database + Frequency'!L211 -> 0 | G9: =SUM(B9:E9) -> 199 | H9: =F9+G9 -> 199
A10: 9 | B10: ='Database + Frequency'!M207 -> 130 | C10: ='Database + Frequency'!M208 -> 7 | D10: ='Database + Frequency'!M209 -> 61 | E10: ='Database + Frequency'!M210 -> 0 | F10: ='Database + Frequency'!M211 -> 1 | G10: =SUM(B10:E10) -> 198 | H10: =F10+G10 -> 199
A11: 10 | B11: ='Database + Frequency'!N207 -> 0 | C11: ='Database + Frequency'!N208 -> 8 | D11: ='Database + Frequency'!N209 -> 191 | E11: ='Database + Frequency'!N210 -> 0 | F11: ='Database + Frequency'!N211 -> 0 | G11: =SUM(B11:E11) -> 199 | H11: =F11+G11 -> 199
A12: 11 | B12: ='Database + Frequency'!O207 -> 7 | C12: ='Database + Frequency'!O208 -> 146 | D12: ='Database + Frequency'!O209 -> 6 | E12: ='Database + Frequency'!O210 -> 40 | F12: ='Database + Frequency'!O211 -> 0 | G12: =SUM(B12:E12) -> 199 | H12: =F12+G12 -> 199
A13: 12 | B13: ='Database + Frequency'!P207 -> 13 | C13: ='Database + Frequency'!P208 -> 29 | D13: ='Database + Frequency'!P209 -> 38 | E13: ='Database + Frequency'!P210 -> 119 | F13: ='Database + Frequency'!P211 -> 0 | G13: =SUM(B13:E13) -> 199 | H13: =F13+G13 -> 199
A14: 13 | B14: ='Database + Frequency'!Q207 -> 13 | C14: ='Database + Frequency'!Q208 -> 129 | D14: ='Database + Frequency'!Q209 -> 19 | E14: ='Database + Frequency'!Q210 -> 38 | F14: ='Database + Frequency'!Q211 -> 0 | G14: =SUM(B14:E14) -> 199 | H14: =F14+G14 -> 199
A15: 14 | B15: ='Database + Frequency'!R207 -> 197 | C15: ='Database + Frequency'!R208 -> 1 | D15: ='Database + Frequency'!R209 -> 1 | E15: ='Database + Frequency'!R210 -> 0 | F15: ='Database + Frequency'!R211 -> 0 | G15: =SUM(B15:E15) -> 199 | H15: =F15+G15 -> 199
A16: 15 | B16: ='Database + Frequency'!S207 -> 33 | C16: ='Database + Frequency'!S208 -> 2 | D16: ='Database + Frequency'!S209 -> 161 | E16: ='Database + Frequency'!S210 -> 2 | F16: ='Database + Frequency'!S211 -> 1 | G16: =SUM(B16:E16) -> 198 | H16: =F16+G16 -> 199
A17: 16 | B17: ='Database + Frequency'!T207 -> 3 | C17: ='Database + Frequency'!T208 -> 47 | D17: ='Database + Frequency'!T209 -> 3 | E17: ='Database + Frequency'!T210 -> 79 | F17: ='Database + Frequency'!T211 -> 67 | G17: =SUM(B17:E17) -> 132 | H17: =F17+G17 -> 199
A18: 17 | B18: ='Database + Frequency'!U207 -> 12 | C18: ='Database + Frequency'!U208 -> 63 | D18: ='Database + Frequency'!U209 -> 8 | E18: ='Database + Frequency'!U210 -> 113 | F18: ='Database + Frequency'!U211 -> 3 | G18: =SUM(B18:E18) -> 196 | H18: =F18+G18 -> 199
A19: 18 | B19: ='Database + Frequency'!V207 -> 1 | C19: ='Database + Frequency'!V208 -> 0 | D19: ='Database + Frequency'!V209 -> 198 | E19: ='Database + Frequency'!V210 -> 0 | F19: ='Database + Frequency'!V211 -> 0 | G19: =SUM(B19:E19) -> 199 | H19: =F19+G19 -> 199
A20: 19 | B20: ='Database + Frequency'!W207 -> 1 | C20: ='Database + Frequency'!W208 -> 0 | D20: ='Database + Frequency'!W209 -> 196 | E20: ='Database + Frequency'!W210 -> 2 | F20: ='Database + Frequency'!W211 -> 0 | G20: =SUM(B20:E20) -> 199 | H20: =F20+G20 -> 199
A21: 20 | B21: ='Database + Frequency'!X207 -> 17 | C21: ='Database + Frequency'!X208 -> 45 | D21: ='Database + Frequency'!X209 -> 18 | E21: ='Database + Frequency'!X210 -> 118 | F21: ='Database + Frequency'!X211 -> 1 | G21: =SUM(B21:E21) -> 198 | H21: =F21+G21 -> 199
A22: 21 | B22: ='Database + Frequency'!Y207 -> 178 | C22: ='Database + Frequency'!Y208 -> 4 | D22: ='Database + Frequency'!Y209 -> 7 | E22: ='Database + Frequency'!Y210 -> 10 | F22: ='Database + Frequency'!Y211 -> 0 | G22: =SUM(B22:E22) -> 199 | H22: =F22+G22 -> 199
A23: 22 | B23: ='Database + Frequency'!Z207 -> 41 | C23: ='Database + Frequency'!Z208 -> 0 | D23: ='Database + Frequency'!Z209 -> 144 | E23: ='Database + Frequency'!Z210 -> 14 | F23: ='Database + Frequency'!Z211 -> 0 | G23: =SUM(B23:E23) -> 199 | H23: =F23+G23 -> 199
A24: 23 | B24: ='Database + Frequency'!AA207 -> 120 | C24: ='Database + Frequency'!AA208 -> 38 | D24: ='Database + Frequency'!AA209 -> 29 | E24: ='Database + Frequency'!AA210 -> 12 | F24: ='Database + Frequency'!AA211 -> 0 | G24: =SUM(B24:E24) -> 199 | H24: =F24+G24 -> 199
A25: 24 | B25: ='Database + Frequency'!AB207 -> 37 | C25: ='Database + Frequency'!AB208 -> 6 | D25: ='Database + Frequency'!AB209 -> 149 | E25: ='Database + Frequency'!AB210 -> 7 | F25: ='Database + Frequency'!AB211 -> 0 | G25: =SUM(B25:E25) -> 199 | H25: =F25+G25 -> 199
A26: 25 | B26: ='Database + Frequency'!AC207 -> 1 | C26: ='Database + Frequency'!AC208 -> 177 | D26: ='Database + Frequency'!AC209 -> 7 | E26: ='Database + Frequency'!AC210 -> 14 | F26: ='Database + Frequency'!AC211 -> 0 | G26: =SUM(B26:E26) -> 199 | H26: =F26+G26 -> 199
A27: 26 | B27: ='Database + Frequency'!AD207 -> 83 | C27: ='Database + Frequency'!AD208 -> 5 | D27: ='Database + Frequency'!AD209 -> 100 | E27: ='Database + Frequency'!AD210 -> 11 | F27: ='Database + Frequency'!AD211 -> 0 | G27: =SUM(B27:E27) -> 199 | H27: =F27+G27 -> 199
A28: 27 | B28: ='Database + Frequency'!AE207 -> 24 | C28: ='Database + Frequency'!AE208 -> 93 | D28: ='Database + Frequency'!AE209 -> 31 | E28: ='Database + Frequency'!AE210 -> 51 | F28: ='Database + Frequency'!AE211 -> 0 | G28: =SUM(B28:E28) -> 199 | H28: =F28+G28 -> 199
A29: 28 | B29: ='Database + Frequency'!AF207 -> 24 | C29: ='Database + Frequency'!AF208 -> 103 | D29: ='Database + Frequency'!AF209 -> 22 | E29: ='Database + Frequency'!AF210 -> 50 | F29: ='Database + Frequency'!AF211 -> 0 | G29: =SUM(B29:E29) -> 199 | H29: =F29+G29 -> 199
A30: 29 | B30: ='Database + Frequency'!AG207 -> 32 | C30: ='Database + Frequency'!AG208 -> 35 | D30: ='Database + Frequency'!AG209 -> 77 | E30: ='Database + Frequency'!AG210 -> 55 | F30: ='Database + Frequency'!AG211 -> 0 | G30: =SUM(B30:E30) -> 199 | H30: =F30+G30 -> 199
A31: 30 | B31: ='Database + Frequency'!AH207 -> 0 | C31: ='Database + Frequency'!AH208 -> 42 | D31: ='Database + Frequency'!AH209 -> 150 | E31: ='Database + Frequency'!AH210 -> 7 | F31: ='Database + Frequency'!AH211 -> 0 | G31: =SUM(B31:E31) -> 199 | H31: =F31+G31 -> 199
A32: 31 | B32: ='Database + Frequency'!AI207 -> 54 | C32: ='Database + Frequency'!AI208 -> 72 | D32: ='Database + Frequency'!AI209 -> 54 | E32: ='Database + Frequency'!AI210 -> 19 | F32: ='Database + Frequency'!AI211 -> 0 | G32: =SUM(B32:E32) -> 199 | H32: =F32+G32 -> 199
A33: 32 | B33: ='Database + Frequency'!AJ207 -> 6 | C33: ='Database + Frequency'!AJ208 -> 134 | D33: ='Database + Frequency'!AJ209 -> 0 | E33: ='Database + Frequency'!AJ210 -> 59 | F33: ='Database + Frequency'!AJ211 -> 0 | G33: =SUM(B33:E33) -> 199 | H33: =F33+G33 -> 199
A34: 33 | B34: ='Database + Frequency'!AK207 -> 1 | C34: ='Database + Frequency'!AK208 -> 1 | D34: ='Database + Frequency'!AK209 -> 0 | E34: ='Database + Frequency'!AK210 -> 197 | F34: ='Database + Frequency'!AK211 -> 0 | G34: =SUM(B34:E34) -> 199 | H34: =F34+G34 -> 199
A35: 34 | B35: ='Database + Frequency'!AL207 -> 9 | C35: ='Database + Frequency'!AL208 -> 66 | D35: ='Database + Frequency'!AL209 -> 66 | E35: ='Database + Frequency'!AL210 -> 58 | F35: ='Database + Frequency'!AL211 -> 0 | G35: =SUM(B35:E35) -> 199 | H35: =F35+G35 -> 199
A36: 35 | B36: ='Database + Frequency'!AM207 -> 61 | C36: ='Database + Frequency'!AM208 -> 46 | D36: ='Database + Frequency'!AM209 -> 51 | E36: ='Database + Frequency'!AM210 -> 41 | F36: ='Database + Frequency'!AM211 -> 0 | G36: =SUM(B36:E36) -> 199 | H36: =F36+G36 -> 199
A37: 36 | B37: ='Database + Frequency'!AN207 -> 43 | C37: ='Database + Frequency'!AN208 -> 53 | D37: ='Database + Frequency'!AN209 -> 32 | E37: ='Database + Frequency'!AN210 -> 71 | F37: ='Database + Frequency'!AN211 -> 0 | G37: =SUM(B37:E37) -> 199 | H37: =F37+G37 -> 199
A38: 37 | B38: ='Database + Frequency'!AO207 -> 150 | C38: ='Database + Frequency'!AO208 -> 1 | D38: ='Database + Frequency'!AO209 -> 48 | E38: ='Database + Frequency'!AO210 -> 0 | F38: ='Database + Frequency'!AO211 -> 0 | G38: =SUM(B38:E38) -> 199 | H38: =F38+G38 -> 199
A39: 38 | B39: ='Database + Frequency'!AP207 -> 146 | C39: ='Database + Frequency'!AP208 -> 29 | D39: ='Database + Frequency'!AP209 -> 1 | E39: ='Database + Frequency'!AP210 -> 23 | F39: ='Database + Frequency'!AP211 -> 0 | G39: =SUM(B39:E39) -> 199 | H39: =F39+G39 -> 199
A40: 39 | B40: ='Database + Frequency'!AQ207 -> 18 | C40: ='Database + Frequency'!AQ208 -> 50 | D40: ='Database + Frequency'!AQ209 -> 72 | E40: ='Database + Frequency'!AQ210 -> 59 | F40: ='Database + Frequency'!AQ211 -> 0 | G40: =SUM(B40:E40) -> 199 | H40: =F40+G40 -> 199
A41: 40 | B41: ='Database + Frequency'!AR207 -> 1 | C41: ='Database + Frequency'!AR208 -> 143 | D41: ='Database + Frequency'!AR209 -> 47 | E41: ='Database + Frequency'!AR210 -> 8 | F41: ='Database + Frequency'!AR211 -> 0 | G41: =SUM(B41:E41) -> 199 | H41: =F41+G41 -> 199
A42: 41 | B42: ='Database + Frequency'!AS207 -> 54 | C42: ='Database + Frequency'!AS208 -> 77 | D42: ='Database + Frequency'!AS209 -> 35 | E42: ='Database + Frequency'!AS210 -> 33 | F42: ='Database + Frequency'!AS211 -> 0 | G42: =SUM(B42:E42) -> 199 | H42: =F42+G42 -> 199
A43: 42 | B43: ='Database + Frequency'!AT207 -> 48 | C43: ='Database + Frequency'!AT208 -> 20 | D43: ='Database + Frequency'!AT209 -> 105 | E43: ='Database + Frequency'!AT210 -> 26 | F43: ='Database + Frequency'!AT211 -> 0 | G43: =SUM(B43:E43) -> 199 | H43: =F43+G43 -> 199
A44: 43 | B44: ='Database + Frequency'!AU207 -> 45 | C44: ='Database + Frequency'!AU208 -> 23 | D44: ='Database + Frequency'!AU209 -> 99 | E44: ='Database + Frequency'!AU210 -> 32 | F44: ='Database + Frequency'!AU211 -> 0 | G44: =SUM(B44:E44) -> 199 | H44: =F44+G44 -> 199
A45: 44 | B45: ='Database + Frequency'!AV207 -> 99 | C45: ='Database + Frequency'!AV208 -> 31 | D45: ='Database + Frequency'!AV209 -> 46 | E45: ='Database + Frequency'!AV210 -> 23 | F45: ='Database + Frequency'!AV211 -> 0 | G45: =SUM(B45:E45) -> 199 | H45: =F45+G45 -> 199
A46: 45 | B46: ='Database + Frequency'!AW207 -> 15 | C46: ='Database + Frequency'!AW208 -> 5 | D46: ='Database + Frequency'!AW209 -> 149 | E46: ='Database + Frequency'!AW210 -> 28 | F46: ='Database + Frequency'!AW211 -> 2 | G46: =SUM(B46:E46) -> 197 | H46: =F46+G46 -> 199
A47: 46 | B47: ='Database + Frequency'!AX207 -> 16 | C47: ='Database + Frequency'!AX208 -> 4 | D47: ='Database + Frequency'!AX209 -> 136 | E47: ='Database + Frequency'!AX210 -> 12 | F47: ='Database + Frequency'!AX211 -> 31 | G47: =SUM(B47:E47) -> 168 | H47: =F47+G47 -> 199
A48: 47 | B48: ='Database + Frequency'!AY207 -> 26 | C48: ='Database + Frequency'!AY208 -> 23 | D48: ='Database + Frequency'!AY209 -> 16 | E48: ='Database + Frequency'!AY210 -> 134 | F48: ='Database + Frequency'!AY211 -> 0 | G48: =SUM(B48:E48) -> 199 | H48: =F48+G48 -> 199
A49: 48 | B49: ='Database + Frequency'!AZ207 -> 1 | C49: ='Database + Frequency'!AZ208 -> 167 | D49: ='Database + Frequency'!AZ209 -> 2 | E49: ='Database + Frequency'!AZ210 -> 29 | F49: ='Database + Frequency'!AZ211 -> 0 | G49: =SUM(B49:E49) -> 199 | H49: =F49+G49 -> 199
A50: 49 | B50: ='Database + Frequency'!BA207 -> 31 | C50: ='Database + Frequency'!BA208 -> 57 | D50: ='Database + Frequency'!BA209 -> 100 | E50: ='Database + Frequency'!BA210 -> 11 | F50: ='Database + Frequency'!BA211 -> 0 | G50: =SUM(B50:E50) -> 199 | H50: =F50+G50 -> 199
A51: 50 | B51: ='Database + Frequency'!BB207 -> 23 | C51: ='Database + Frequency'!BB208 -> 87 | D51: ='Database + Frequency'!BB209 -> 54 | E51: ='Database + Frequency'!BB210 -> 35 | F51: ='Database + Frequency'!BB211 -> 0 | G51: =SUM(B51:E51) -> 199 | H51: =F51+G51 -> 199
A52: 51 | B52: ='Database + Frequency'!BC207 -> 28 | C52: ='Database + Frequency'!BC208 -> 41 | D52: ='Database + Frequency'!BC209 -> 99 | E52: ='Database + Frequency'!BC210 -> 30 | F52: ='Database + Frequency'!BC211 -> 1 | G52: =SUM(B52:E52) -> 198 | H52: =F52+G52 -> 199
A53: 52 | B53: ='Database + Frequency'!BD207 -> 26 | C53: ='Database + Frequency'!BD208 -> 2 | D53: ='Database + Frequency'!BD209 -> 167 | E53: ='Database + Frequency'!BD210 -> 4 | F53: ='Database + Frequency'!BD211 -> 0 | G53: =SUM(B53:E53) -> 199 | H53: =F53+G53 -> 199
A54: 53 | B54: ='Database + Frequency'!BE207 -> 1 | C54: ='Database + Frequency'!BE208 -> 1 | D54: ='Database + Frequency'!BE209 -> 195 | E54: ='Database + Frequency'!BE210 -> 2 | F54: ='Database + Frequency'!BE211 -> 0 | G54: =SUM(B54:E54) -> 199 | H54: =F54+G54 -> 199
A55: 54 | B55: ='Database + Frequency'!BF207 -> 2 | C55: ='Database + Frequency'!BF208 -> 0 | D55: ='Database + Frequency'!BF209 -> 0 | E55: ='Database + Frequency'!BF210 -> 197 | F55: ='Database + Frequency'!BF211 -> 0 | G55: =SUM(B55:E55) -> 199 | H55: =F55+G55 -> 199
A56: 55 | B56: ='Database + Frequency'!BG207 -> 1 | C56: ='Database + Frequency'!BG208 -> 1 | D56: ='Database + Frequency'!BG209 -> 1 | E56: ='Database + Frequency'!BG210 -> 196 | F56: ='Database + Frequency'!BG211 -> 0 | G56: =SUM(B56:E56) -> 199 | H56: =F56+G56 -> 199
A57: 56 | B57: ='Database + Frequency'!BH207 -> 2 | C57: ='Database + Frequency'!BH208 -> 195 | D57: ='Database + Frequency'!BH209 -> 1 | E57: ='Database + Frequency'!BH210 -> 1 | F57: ='Database + Frequency'!BH211 -> 0 | G57: =SUM(B57:E57) -> 199 | H57: =F57+G57 -> 199
A58: 57 | B58: ='Database + Frequency'!BI207 -> 76 | C58: ='Database + Frequency'!BI208 -> 0 | D58: ='Database + Frequency'!BI209 -> 121 | E58: ='Database + Frequency'!BI210 -> 1 | F58: ='Database + Frequency'!BI211 -> 1 | G58: =SUM(B58:E58) -> 198 | H58: =F58+G58 -> 199
A59: 58 | B59: ='Database + Frequency'!BJ207 -> 197 | C59: ='Database + Frequency'!BJ208 -> 1 | D59: ='Database + Frequency'!BJ209 -> 0 | E59: ='Database + Frequency'!BJ210 -> 1 | F59: ='Database + Frequency'!BJ211 -> 0 | G59: =SUM(B59:E59) -> 199 | H59: =F59+G59 -> 199
A60: 59 | B60: ='Database + Frequency'!BK207 -> 91 | C60: ='Database + Frequency'!BK208 -> 12 | D60: ='Database + Frequency'!BK209 -> 46 | E60: ='Database + Frequency'!BK210 -> 50 | F60: ='Database + Frequency'!BK211 -> 0 | G60: =SUM(B60:E60) -> 199 | H60: =F60+G60 -> 199
A61: 60 | B61: ='Database + Frequency'!BL207 -> 1 | C61: ='Database + Frequency'!BL208 -> 40 | D61: ='Database + Frequency'!BL209 -> 2 | E61: ='Database + Frequency'!BL210 -> 156 | F61: ='Database + Frequency'!BL211 -> 0 | G61: =SUM(B61:E61) -> 199 | H61: =F61+G61 -> 199
A62: 61 | B62: ='Database + Frequency'!BM207 -> 0 | C62: ='Database + Frequency'!BM208 -> 197 | D62: ='Database + Frequency'!BM209 -> 1 | E62: ='Database + Frequency'!BM210 -> 1 | F62: ='Database + Frequency'!BM211 -> 0 | G62: =SUM(B62:E62) -> 199 | H62: =F62+G62 -> 199
A63: 62 | B63: ='Database + Frequency'!BN207 -> 3 | C63: ='Database + Frequency'!BN208 -> 168 | D63: ='Database + Frequency'!BN209 -> 2 | E63: ='Database + Frequency'!BN210 -> 26 | F63: ='Database + Frequency'!BN211 -> 0 | G63: =SUM(B63:E63) -> 199 | H63: =F63+G63 -> 199
A64: 63 | B64: ='Database + Frequency'!BO207 -> 22 | C64: ='Database + Frequency'!BO208 -> 97 | D64: ='Database + Frequency'!BO209 -> 48 | E64: ='Database + Frequency'!BO210 -> 32 | F64: ='Database + Frequency'!BO211 -> 0 | G64: =SUM(B64:E64) -> 199 | H64: =F64+G64 -> 199
A65: 64 | B65: ='Database + Frequency'!BP207 -> 32 | C65: ='Database + Frequency'!BP208 -> 42 | D65: ='Database + Frequency'!BP209 -> 92 | E65: ='Database + Frequency'!BP210 -> 33 | F65: ='Database + Frequency'!BP211 -> 0 | G65: =SUM(B65:E65) -> 199 | H65: =F65+G65 -> 199
A66: 65 | B66: ='Database + Frequency'!BQ207 -> 9 | C66: ='Database + Frequency'!BQ208 -> 63 | D66: ='Database + Frequency'!BQ209 -> 57 | E66: ='Database + Frequency'!BQ210 -> 69 | F66: ='Database + Frequency'!BQ211 -> 1 | G66: =SUM(B66:E66) -> 198 | H66: =F66+G66 -> 199
A67: 66 | B67: ='Database + Frequency'!BR207 -> 43 | C67: ='Database + Frequency'!BR208 -> 105 | D67: ='Database + Frequency'!BR209 -> 2 | E67: ='Database + Frequency'!BR210 -> 49 | F67: ='Database + Frequency'!BR211 -> 0 | G67: =SUM(B67:E67) -> 199 | H67: =F67+G67 -> 199
A68: 67 | B68: ='Database + Frequency'!BS207 -> 41 | C68: ='Database + Frequency'!BS208 -> 45 | D68: ='Database + Frequency'!BS209 -> 75 | E68: ='Database + Frequency'!BS210 -> 38 | F68: ='Database + Frequency'!BS211 -> 0 | G68: =SUM(B68:E68) -> 199 | H68: =F68+G68 -> 199
A69: 68 | B69: ='Database + Frequency'!BT207 -> 15 | C69: ='Database + Frequency'!BT208 -> 62 | D69: ='Database + Frequency'!BT209 -> 87 | E69: ='Database + Frequency'!BT210 -> 35 | F69: ='Database + Frequency'!BT211 -> 0 | G69: =SUM(B69:E69) -> 199 | H69: =F69+G69 -> 199
A70: 69 | B70: ='Database + Frequency'!BU207 -> 25 | C70: ='Database + Frequency'!BU208 -> 88 | D70: ='Database + Frequency'!BU209 -> 70 | E70: ='Database + Frequency'!BU210 -> 16 | F70: ='Database + Frequency'!BU211 -> 0 | G70: =SUM(B70:E70) -> 199 | H70: =F70+G70 -> 199
A71: 70 | B71: ='Database + Frequency'!BV207 -> 23 | C71: ='Database + Frequency'!BV208 -> 71 | D71: ='Database + Frequency'!BV209 -> 75 | E71: ='Database + Frequency'!BV210 -> 30 | F71: ='Database + Frequency'!BV211 -> 0 | G71: =SUM(B71:E71) -> 199 | H71: =F71+G71 -> 199
A72: 71 | B72: ='Database + Frequency'!BW207 -> 5 | C72: ='Database + Frequency'!BW208 -> 103 | D72: ='Database + Frequency'!BW209 -> 82 | E72: ='Database + Frequency'!BW210 -> 9 | F72: ='Database + Frequency'!BW211 -> 0 | G72: =SUM(B72:E72) -> 199 | H72: =F72+G72 -> 199
A73: 72 | B73: ='Database + Frequency'!BX207 -> 16 | C73: ='Database + Frequency'!BX208 -> 145 | D73: ='Database + Frequency'!BX209 -> 17 | E73: ='Database + Frequency'!BX210 -> 21 | F73: ='Database + Frequency'!BX211 -> 0 | G73: =SUM(B73:E73) -> 199 | H73: =F73+G73 -> 199

Sheet Background
A1: BACKGROUND FREQUENCIES (reference set, pooled over all 72 positions)
A3: Base | B3: Total count | C3: Background p
A4: A | B4: =SUM('Frequency 1-72'!B2:B73) -> 2633 | C4: =B4/$B$8 -> 0.18517477
A5: C | B5: =SUM('Frequency 1-72'!C2:C73) -> 3936 | C5: =B5/$B$8 -> 0.27681272
A6: G | B6: =SUM('Frequency 1-72'!D2:D73) -> 4623 | C6: =B6/$B$8 -> 0.32512835
A7: U | B7: =SUM('Frequency 1-72'!E2:E73) -> 3027 | C7: =B7/$B$8 -> 0.21288417
A8: Total | B8: =SUM(B4:B7) -> 14219
A9: GC content | B9: =(B5+B6)/B8 -> 0.60194106
A11: From | B11: To | C11: Dinucleotide count | D11: Background p(Y|X) | E11: Key (From&To)
A12: A | B12: A | C12: =SUMIFS('Transition Stepwise'!$F$2:$F$1137,'Transition Stepwise'!$C$2:$C$1137,A12,'Transition Stepwise'!$D$2:$D$1137,B12) -> 569 | D12: =(C12+1)/(SUMIF($A$12:$A$27,A12,$C$12:$C$27)+4*1) -> 0.21956857 | E12: =A12&B12 -> AA
A13: A | B13: C | C13: =SUMIFS('Transition Stepwise'!$F$2:$F$1137,'Transition Stepwise'!$C$2:$C$1137,A13,'Transition Stepwise'!$D$2:$D$1137,B13) -> 417 | D13: =(C13+1)/(SUMIF($A$12:$A$27,A13,$C$12:$C$27)+4*1) -> 0.16101695 | E13: =A13&B13 -> AC
A14: A | B14: G | C14: =SUMIFS('Transition Stepwise'!$F$2:$F$1137,'Transition Stepwise'!$C$2:$C$1137,A14,'Transition Stepwise'!$D$2:$D$1137,B14) -> 1102 | D14: =(C14+1)/(SUMIF($A$12:$A$27,A14,$C$12:$C$27)+4*1) -> 0.42488444 | E14: =A14&B14 -> AG
A15: A | B15: U | C15: =SUMIFS('Transition Stepwise'!$F$2:$F$1137,'Transition Stepwise'!$C$2:$C$1137,A15,'Transition Stepwise'!$D$2:$D$1137,B15) -> 504 | D15: =(C15+1)/(SUMIF($A$12:$A$27,A15,$C$12:$C$27)+4*1) -> 0.19453005 | E15: =A15&B15 -> AU
A16: C | B16: A | C16: =SUMIFS('Transition Stepwise'!$F$2:$F$1137,'Transition Stepwise'!$C$2:$C$1137,A16,'Transition Stepwise'!$D$2:$D$1137,B16) -> 738 | D16: =(C16+1)/(SUMIF($A$12:$A$27,A16,$C$12:$C$27)+4*1) -> 0.19488397 | E16: =A16&B16 -> CA
A17: C | B17: C | C17: =SUMIFS('Transition Stepwise'!$F$2:$F$1137,'Transition Stepwise'!$C$2:$C$1137,A17,'Transition Stepwise'!$D$2:$D$1137,B17) -> 1183 | D17: =(C17+1)/(SUMIF($A$12:$A$27,A17,$C$12:$C$27)+4*1) -> 0.31223629 | E17: =A17&B17 -> CC
A18: C | B18: G | C18: =SUMIFS('Transition Stepwise'!$F$2:$F$1137,'Transition Stepwise'!$C$2:$C$1137,A18,'Transition Stepwise'!$D$2:$D$1137,B18) -> 1123 | D18: =(C18+1)/(SUMIF($A$12:$A$27,A18,$C$12:$C$27)+4*1) -> 0.2964135 | E18: =A18&B18 -> CG
A19: C | B19: U | C19: =SUMIFS('Transition Stepwise'!$F$2:$F$1137,'Transition Stepwise'!$C$2:$C$1137,A19,'Transition Stepwise'!$D$2:$D$1137,B19) -> 744 | D19: =(C19+1)/(SUMIF($A$12:$A$27,A19,$C$12:$C$27)+4*1) -> 0.19646624 | E19: =A19&B19 -> CU
A20: G | B20: A | C20: =SUMIFS('Transition Stepwise'!$F$2:$F$1137,'Transition Stepwise'!$C$2:$C$1137,A20,'Transition Stepwise'!$D$2:$D$1137,B20) -> 746 | D20: =(C20+1)/(SUMIF($A$12:$A$27,A20,$C$12:$C$27)+4*1) -> 0.16435644 | E20: =A20&B20 -> GA
A21: G | B21: C | C21: =SUMIFS('Transition Stepwise'!$F$2:$F$1137,'Transition Stepwise'!$C$2:$C$1137,A21,'Transition Stepwise'!$D$2:$D$1137,B21) -> 1163 | D21: =(C21+1)/(SUMIF($A$12:$A$27,A21,$C$12:$C$27)+4*1) -> 0.25610561 | E21: =A21&B21 -> GC
A22: G | B22: G | C22: =SUMIFS('Transition Stepwise'!$F$2:$F$1137,'Transition Stepwise'!$C$2:$C$1137,A22,'Transition Stepwise'!$D$2:$D$1137,B22) -> 1566 | D22: =(C22+1)/(SUMIF($A$12:$A$27,A22,$C$12:$C$27)+4*1) -> 0.34477448 | E22: =A22&B22 -> GG
A23: G | B23: U | C23: =SUMIFS('Transition Stepwise'!$F$2:$F$1137,'Transition Stepwise'!$C$2:$C$1137,A23,'Transition Stepwise'!$D$2:$D$1137,B23) -> 1066 | D23: =(C23+1)/(SUMIF($A$12:$A$27,A23,$C$12:$C$27)+4*1) -> 0.23476348 | E23: =A23&B23 -> GU
... A27: U | B27: U | C27: =SUMIFS('Transition Stepwise'!$F$2:$F$1137,'Transition Stepwise'!$C$2:$C$1137,A27,'Transition Stepwise'!$D$2:$D$1137,B27) -> 660 | D27: =(C27+1)/(SUMIF($A$12:$A$27,A27,$C$12:$C$27)+4*1) -> 0.22048032 | E27: =A27&B27 -> UU
A29: Column E is a plain concatenation key. It lets the dinucleotide background be looked up with an ordinary MATCH, which Excel 2007 evaluates without array entry (Ctrl+Shift+Enter).

Sheet Formulas
A1: EVERY FORMULA USED, STEP BY STEP
A2: All functions listed are available in Excel 2007.
A4: Step | B4: Quantity | C4: Algebra | D4: Spreadsheet implementation (without the leading = sign) | E4: Where
A5: 1 | B5: Frequency | C5: n(b,i) = records with base b at position i | D5: counted from the database block | E5: Database + Frequency
A6: 2 | B6: Valid total | C6: N(i) = n(A,i)+n(C,i)+n(G,i)+n(U,i) | D6: SUM over the four base rows | E6: Frequency 1-72 col G
A7: 3 | B7: Emission raw | C7: e_raw(b,i) = n(b,i) / N(i) | D7: D/E | E7: Emission Stepwise col G
A8: 4 | B8: Emission smoothed | C8: e(b,i) = ( n(b,i) + a ) / ( N(i) + 4a ) | D8: I/J | E8: Emission Stepwise col H
A9: 5 | B9: Emission check | C9: sum over b of e(b,i) = 1 | D9: ROUND(SUMIF(position,i,smoothed),9) | E9: Emission Stepwise col L
A10: 6 | B10: Background base | C10: q(b) = sum over i n(b,i) / grand total | D10: SUM(col)/total | E10: Background C4:C7
A11: 7 | B11: Transition count | C11: c(X->Y,i) = records with X at i and Y at i+1 | D11: counted from the database block | E11: Transition Stepwise col F
A12: 8 | B12: FROM total | C12: Cx(X,i) = sum over Y of c(X->Y,i) | D12: SUMIFS(count, step, i, from, X) | E12: Transition Stepwise col G
A13: 9 | B13: Transition raw | C13: t_raw(Y|X,i) = c(X->Y,i) / Cx(X,i) | D13: F/G | E13: Transition Stepwise col I
A14: 10 | B14: Transition smoothed | C14: t(Y|X,i) = ( c(X->Y,i) + a ) / ( Cx(X,i) + 4a ) | D14: K/L | E14: Transition Stepwise col J
A15: 11 | B15: Transition check | C15: sum over Y of t(Y|X,i) = 1 | D15: ROUND(SUMIFS(smoothed, step, i, from, X),9) | E15: Transition Stepwise col N
A16: 12 | B16: Background dinucleotide | C16: qd(Y|X) = ( sum over i c(X->Y,i) + a ) / ( sum over i,Y c(X->Y,i) + 4a ) | D16: (C+1)/(SUMIF+4) | E16: Background D12:D27
... A30: 26 | B30: GC-adjusted residual | C30: r = S - ( mean(S) + b*( GC - mean(GC) ) ) | D30: computed in Python | E30: GC Confound
A33: a = alpha = 1 (Laplace smoothing).

Sheet Emission Stepwise
A1: Position | B1: Base | C1: Key | D1: Count n | E1: Valid N | F1: Alpha | G1: Raw e_raw | H1: Smoothed e | I1: n+a | J1: N+4a | K1: Formula | L1: Check sum
A2: 1 | B2: A | C2: =A2&"|"&B2 -> 1|A | D2: =INDEX('Frequency 1-72'!$B$2:$E$73,A2,MATCH(B2,{"A","C","G","U"},0)) -> 13 | E2: ='Frequency 1-72'!G2 -> 199 | F2: 1 | G2: =IF(E2=0,"",D2/E2) -> 0.065326633 | H2: =I2/J2 -> 0.068965517 | I2: =D2+F2 -> 14 | J2: =E2+4*F2 -> 203 | K2: e = (n + a) / (N + 4a) | L2: =ROUND(SUMIF($A$2:$A$289,A2,$H$2:$H$289),9) -> 1
A3: 1 | B3: C | C3: =A3&"|"&B3 -> 1|C | D3: =INDEX('Frequency 1-72'!$B$2:$E$73,A3,MATCH(B3,{"A","C","G","U"},0)) -> 21 | E3: ='Frequency 1-72'!G2 -> 199 | F3: 1 | G3: =IF(E3=0,"",D3/E3) -> 0.10552764 | H3: =I3/J3 -> 0.10837438 | I3: =D3+F3 -> 22 | J3: =E3+4*F3 -> 203 | K3: e = (n + a) / (N + 4a) | L3: =ROUND(SUMIF($A$2:$A$289,A3,$H$2:$H$289),9) -> 1
A4: 1 | B4: G | C4: =A4&"|"&B4 -> 1|G | D4: =INDEX('Frequency 1-72'!$B$2:$E$73,A4,MATCH(B4,{"A","C","G","U"},0)) -> 152 | E4: ='Frequency 1-72'!G2 -> 199 | F4: 1 | G4: =IF(E4=0,"",D4/E4) -> 0.7638191 | H4: =I4/J4 -> 0.75369458 | I4: =D4+F4 -> 153 | J4: =E4+4*F4 -> 203 | K4: e = (n + a) / (N + 4a) | L4: =ROUND(SUMIF($A$2:$A$289,A4,$H$2:$H$289),9) -> 1
A5: 1 | B5: U | C5: =A5&"|"&B5 -> 1|U | D5: =INDEX('Frequency 1-72'!$B$2:$E$73,A5,MATCH(B5,{"A","C","G","U"},0)) -> 13 | E5: ='Frequency 1-72'!G2 -> 199 | F5: 1 | G5: =IF(E5=0,"",D5/E5) -> 0.065326633 | H5: =I5/J5 -> 0.068965517 | I5: =D5+F5 -> 14 | J5: =E5+4*F5 -> 203 | K5: e = (n + a) / (N + 4a) | L5: =ROUND(SUMIF($A$2:$A$289,A5,$H$2:$H$289),9) -> 1
A6: 2 | B6: A | C6: =A6&"|"&B6 -> 2|A | D6: =INDEX('Frequency 1-72'!$B$2:$E$73,A6,MATCH(B6,{"A","C","G","U"},0)) -> 6 | E6: ='Frequency 1-72'!G3 -> 199 | F6: 1 | G6: =IF(E6=0,"",D6/E6) -> 0.030150754 | H6: =I6/J6 -> 0.034482759 | I6: =D6+F6 -> 7 | J6: =E6+4*F6 -> 203 | K6: e = (n + a) / (N + 4a) | L6: =ROUND(SUMIF($A$2:$A$289,A6,$H$2:$H$289),9) -> 1
A7: 2 | B7: C | C7: =A7&"|"&B7 -> 2|C | D7: =INDEX('Frequency 1-72'!$B$2:$E$73,A7,MATCH(B7,{"A","C","G","U"},0)) -> 82 | E7: ='Frequency 1-72'!G3 -> 199 | F7: 1 | G7: =IF(E7=0,"",D7/E7) -> 0.4120603 | H7: =I7/J7 -> 0.408867 | I7: =D7+F7 -> 83 | J7: =E7+4*F7 -> 203 | K7: e = (n + a) / (N + 4a) | L7: =ROUND(SUMIF($A$2:$A$289,A7,$H$2:$H$289),9) -> 1
A8: 2 | B8: G | C8: =A8&"|"&B8 -> 2|G | D8: =INDEX('Frequency 1-72'!$B$2:$E$73,A8,MATCH(B8,{"A","C","G","U"},0)) -> 105 | E8: ='Frequency 1-72'!G3 -> 199 | F8: 1 | G8: =IF(E8=0,"",D8/E8) -> 0.52763819 | H8: =I8/J8 -> 0.52216749 | I8: =D8+F8 -> 106 | J8: =E8+4*F8 -> 203 | K8: e = (n + a) / (N + 4a) | L8: =ROUND(SUMIF($A$2:$A$289,A8,$H$2:$H$289),9) -> 1
A9: 2 | B9: U | C9: =A9&"|"&B9 -> 2|U | D9: =INDEX('Frequency 1-72'!$B$2:$E$73,A9,MATCH(B9,{"A","C","G","U"},0)) -> 6 | E9: ='Frequency 1-72'!G3 -> 199 | F9: 1 | G9: =IF(E9=0,"",D9/E9) -> 0.030150754 | H9: =I9/J9 -> 0.034482759 | I9: =D9+F9 -> 7 | J9: =E9+4*F9 -> 203 | K9: e = (n + a) / (N + 4a) | L9: =ROUND(SUMIF($A$2:$A$289,A9,$H$2:$H$289),9) -> 1
A10: 3 | B10: A | C10: =A10&"|"&B10 -> 3|A | D10: =INDEX('Frequency 1-72'!$B$2:$E$73,A10,MATCH(B10,{"A","C","G","U"},0)) -> 14 | E10: ='Frequency 1-72'!G4 -> 199 | F10: 1 | G10: =IF(E10=0,"",D10/E10) -> 0.070351759 | H10: =I10/J10 -> 0.073891626 | I10: =D10+F10 -> 15 | J10: =E10+4*F10 -> 203 | K10: e = (n + a) / (N + 4a) | L10: =ROUND(SUMIF($A$2:$A$289,A10,$H$2:$H$289),9) -> 1
A11: 3 | B11: C | C11: =A11&"|"&B11 -> 3|C | D11: =INDEX('Frequency 1-72'!$B$2:$E$73,A11,MATCH(B11,{"A","C","G","U"},0)) -> 77 | E11: ='Frequency 1-72'!G4 -> 199 | F11: 1 | G11: =IF(E11=0,"",D11/E11) -> 0.38693467 | H11: =I11/J11 -> 0.38423645 | I11: =D11+F11 -> 78 | J11: =E11+4*F11 -> 203 | K11: e = (n + a) / (N + 4a) | L11: =ROUND(SUMIF($A$2:$A$289,A11,$H$2:$H$289),9) -> 1
A12: 3 | B12: G | C12: =A12&"|"&B12 -> 3|G | D12: =INDEX('Frequency 1-72'!$B$2:$E$73,A12,MATCH(B12,{"A","C","G","U"},0)) -> 85 | E12: ='Frequency 1-72'!G4 -> 199 | F12: 1 | G12: =IF(E12=0,"",D12/E12) -> 0.42713568 | H12: =I12/J12 -> 0.42364532 | I12: =D12+F12 -> 86 | J12: =E12+4*F12 -> 203 | K12: e = (n + a) / (N + 4a) | L12: =ROUND(SUMIF($A$2:$A$289,A12,$H$2:$H$289),9) -> 1
A13: 3 | B13: U | C13: =A13&"|"&B13 -> 3|U | D13: =INDEX('Frequency 1-72'!$B$2:$E$73,A13,MATCH(B13,{"A","C","G","U"},0)) -> 23 | E13: ='Frequency 1-72'!G4 -> 199 | F13: 1 | G13: =IF(E13=0,"",D13/E13) -> 0.11557789 | H13: =I13/J13 -> 0.1182266 | I13: =D13+F13 -> 24 | J13: =E13+4*F13 -> 203 | K13: e = (n + a) / (N + 4a) | L13: =ROUND(SUMIF($A$2:$A$289,A13,$H$2:$H$289),9) -> 1
A14: 4 | B14: A | C14: =A14&"|"&B14 -> 4|A | D14: =INDEX('Frequency 1-72'!$B$2:$E$73,A14,MATCH(B14,{"A","C","G","U"},0)) -> 15 | E14: ='Frequency 1-72'!G5 -> 199 | F14: 1 | G14: =IF(E14=0,"",D14/E14) -> 0.075376884 | H14: =I14/J14 -> 0.078817734 | I14: =D14+F14 -> 16 | J14: =E14+4*F14 -> 203 | K14: e = (n + a) / (N + 4a) | L14: =ROUND(SUMIF($A$2:$A$289,A14,$H$2:$H$289),9) -> 1
A15: 4 | B15: C | C15: =A15&"|"&B15 -> 4|C | D15: =INDEX('Frequency 1-72'!$B$2:$E$73,A15,MATCH(B15,{"A","C","G","U"},0)) -> 61 | E15: ='Frequency 1-72'!G5 -> 199 | F15: 1 | G15: =IF(E15=0,"",D15/E15) -> 0.30653266 | H15: =I15/J15 -> 0.30541872 | I15: =D15+F15 -> 62 | J15: =E15+4*F15 -> 203 | K15: e = (n + a) / (N + 4a) | L15: =ROUND(SUMIF($A$2:$A$289,A15,$H$2:$H$289),9) -> 1
A16: 4 | B16: G | C16: =A16&"|"&B16 -> 4|G | D16: =INDEX('Frequency 1-72'!$B$2:$E$73,A16,MATCH(B16,{"A","C","G","U"},0)) -> 89 | E16: ='Frequency 1-72'!G5 -> 199 | F16: 1 | G16: =IF(E16=0,"",D16/E16) -> 0.44723618 | H16: =I16/J16 -> 0.44334975 | I16: =D16+F16 -> 90 | J16: =E16+4*F16 -> 203 | K16: e = (n + a) / (N + 4a) | L16: =ROUND(SUMIF($A$2:$A$289,A16,$H$2:$H$289),9) -> 1
A17: 4 | B17: U | C17: =A17&"|"&B17 -> 4|U | D17: =INDEX('Frequency 1-72'!$B$2:$E$73,A17,MATCH(B17,{"A","C","G","U"},0)) -> 34 | E17: ='Frequency 1-72'!G5 -> 199 | F17: 1 | G17: =IF(E17=0,"",D17/E17) -> 0.17085427 | H17: =I17/J17 -> 0.17241379 | I17: =D17+F17 -> 35 | J17: =E17+4*F17 -> 203 | K17: e = (n + a) / (N + 4a) | L17: =ROUND(SUMIF($A$2:$A$289,A17,$H$2:$H$289),9) -> 1
A18: 5 | B18: A | C18: =A18&"|"&B18 -> 5|A | D18: =INDEX('Frequency 1-72'!$B$2:$E$73,A18,MATCH(B18,{"A","C","G","U"},0)) -> 30 | E18: ='Frequency 1-72'!G6 -> 199 | F18: 1 | G18: =IF(E18=0,"",D18/E18) -> 0.15075377 | H18: =I18/J18 -> 0.15270936 | I18: =D18+F18 -> 31 | J18: =E18+4*F18 -> 203 | K18: e = (n + a) / (N + 4a) | L18: =ROUND(SUMIF($A$2:$A$289,A18,$H$2:$H$289),9) -> 1
A19: 5 | B19: C | C19: =A19&"|"&B19 -> 5|C | D19: =INDEX('Frequency 1-72'!$B$2:$E$73,A19,MATCH(B19,{"A","C","G","U"},0)) -> 79 | E19: ='Frequency 1-72'!G6 -> 199 | F19: 1 | G19: =IF(E19=0,"",D19/E19) -> 0.39698492 | H19: =I19/J19 -> 0.39408867 | I19: =D19+F19 -> 80 | J19: =E19+4*F19 -> 203 | K19: e = (n + a) / (N + 4a) | L19: =ROUND(SUMIF($A$2:$A$289,A19,$H$2:$H$289),9) -> 1
A20: 5 | B20: G | C20: =A20&"|"&B20 -> 5|G | D20: =INDEX('Frequency 1-72'!$B$2:$E$73,A20,MATCH(B20,{"A","C","G","U"},0)) -> 69 | E20: ='Frequency 1-72'!G6 -> 199 | F20: 1 | G20: =IF(E20=0,"",D20/E20) -> 0.34673367 | H20: =I20/J20 -> 0.34482759 | I20: =D20+F20 -> 70 | J20: =E20+4*F20 -> 203 | K20: e = (n + a) / (N + 4a) | L20: =ROUND(SUMIF($A$2:$A$289,A20,$H$2:$H$289),9) -> 1
A21: 5 | B21: U | C21: =A21&"|"&B21 -> 5|U | D21: =INDEX('Frequency 1-72'!$B$2:$E$73,A21,MATCH(B21,{"A","C","G","U"},0)) -> 21 | E21: ='Frequency 1-72'!G6 -> 199 | F21: 1 | G21: =IF(E21=0,"",D21/E21) -> 0.10552764 | H21: =I21/J21 -> 0.10837438 | I21: =D21+F21 -> 22 | J21: =E21+4*F21 -> 203 | K21: e = (n + a) / (N + 4a) | L21: =ROUND(SUMIF($A$2:$A$289,A21,$H$2:$H$289),9) -> 1
A22: 6 | B22: A | C22: =A22&"|"&B22 -> 6|A | D22: =INDEX('Frequency 1-72'!$B$2:$E$73,A22,MATCH(B22,{"A","C","G","U"},0)) -> 34 | E22: ='Frequency 1-72'!G7 -> 199 | F22: 1 | G22: =IF(E22=0,"",D22/E22) -> 0.17085427 | H22: =I22/J22 -> 0.17241379 | I22: =D22+F22 -> 35 | J22: =E22+4*F22 -> 203 | K22: e = (n + a) / (N + 4a) | L22: =ROUND(SUMIF($A$2:$A$289,A22,$H$2:$H$289),9) -> 1
A23: 6 | B23: C | C23: =A23&"|"&B23 -> 6|C | D23: =INDEX('Frequency 1-72'!$B$2:$E$73,A23,MATCH(B23,{"A","C","G","U"},0)) -> 65 | E23: ='Frequency 1-72'!G7 -> 199 | F23: 1 | G23: =IF(E23=0,"",D23/E23) -> 0.32663317 | H23: =I23/J23 -> 0.32512315 | I23: =D23+F23 -> 66 | J23: =E23+4*F23 -> 203 | K23: e = (n + a) / (N + 4a) | L23: =ROUND(SUMIF($A$2:$A$289,A23,$H$2:$H$289),9) -> 1
A24: 6 | B24: G | C24: =A24&"|"&B24 -> 6|G | D24: =INDEX('Frequency 1-72'!$B$2:$E$73,A24,MATCH(B24,{"A","C","G","U"},0)) -> 48 | E24: ='Frequency 1-72'!G7 -> 199 | F24: 1 | G24: =IF(E24=0,"",D24/E24) -> 0.24120603 | H24: =I24/J24 -> 0.24137931 | I24: =D24+F24 -> 49 | J24: =E24+4*F24 -> 203 | K24: e = (n + a) / (N + 4a) | L24: =ROUND(SUMIF($A$2:$A$289,A24,$H$2:$H$289),9) -> 1
A25: 6 | B25: U | C25: =A25&"|"&B25 -> 6|U | D25: =INDEX('Frequency 1-72'!$B$2:$E$73,A25,MATCH(B25,{"A","C","G","U"},0)) -> 52 | E25: ='Frequency 1-72'!G7 -> 199 | F25: 1 | G25: =IF(E25=0,"",D25/E25) -> 0.26130653 | H25: =I25/J25 -> 0.26108374 | I25: =D25+F25 -> 53 | J25: =E25+4*F25 -> 203 | K25: e = (n + a) / (N + 4a) | L25: =ROUND(SUMIF($A$2:$A$289,A25,$H$2:$H$289),9) -> 1
A26: 7 | B26: A | C26: =A26&"|"&B26 -> 7|A | D26: =INDEX('Frequency 1-72'!$B$2:$E$73,A26,MATCH(B26,{"A","C","G","U"},0)) -> 47 | E26: ='Frequency 1-72'!G8 -> 199 | F26: 1 | G26: =IF(E26=0,"",D26/E26) -> 0.2361809 | H26: =I26/J26 -> 0.2364532 | I26: =D26+F26 -> 48 | J26: =E26+4*F26 -> 203 | K26: e = (n + a) / (N + 4a) | L26: =ROUND(SUMIF($A$2:$A$289,A26,$H$2:$H$289),9) -> 1
A27: 7 | B27: C | C27: =A27&"|"&B27 -> 7|C | D27: =INDEX('Frequency 1-72'!$B$2:$E$73,A27,MATCH(B27,{"A","C","G","U"},0)) -> 3 | E27: ='Frequency 1-72'!G8 -> 199 | F27: 1 | G27: =IF(E27=0,"",D27/E27) -> 0.015075377 | H27: =I27/J27 -> 0.019704433 | I27: =D27+F27 -> 4 | J27: =E27+4*F27 -> 203 | K27: e = (n + a) / (N + 4a) | L27: =ROUND(SUMIF($A$2:$A$289,A27,$H$2:$H$289),9) -> 1
A28: 7 | B28: G | C28: =A28&"|"&B28 -> 7|G | D28: =INDEX('Frequency 1-72'!$B$2:$E$73,A28,MATCH(B28,{"A","C","G","U"},0)) -> 105 | E28: ='Frequency 1-72'!G8 -> 199 | F28: 1 | G28: =IF(E28=0,"",D28/E28) -> 0.52763819 | H28: =I28/J28 -> 0.52216749 | I28: =D28+F28 -> 106 | J28: =E28+4*F28 -> 203 | K28: e = (n + a) / (N + 4a) | L28: =ROUND(SUMIF($A$2:$A$289,A28,$H$2:$H$289),9) -> 1
A29: 7 | B29: U | C29: =A29&"|"&B29 -> 7|U | D29: =INDEX('Frequency 1-72'!$B$2:$E$73,A29,MATCH(B29,{"A","C","G","U"},0)) -> 44 | E29: ='Frequency 1-72'!G8 -> 199 | F29: 1 | G29: =IF(E29=0,"",D29/E29) -> 0.22110553 | H29: =I29/J29 -> 0.22167488 | I29: =D29+F29 -> 45 | J29: =E29+4*F29 -> 203 | K29: e = (n + a) / (N + 4a) | L29: =ROUND(SUMIF($A$2:$A$289,A29,$H$2:$H$289),9) -> 1
A30: 8 | B30: A | C30: =A30&"|"&B30 -> 8|A | D30: =INDEX('Frequency 1-72'!$B$2:$E$73,A30,MATCH(B30,{"A","C","G","U"},0)) -> 1 | E30: ='Frequency 1-72'!G9 -> 199 | F30: 1 | G30: =IF(E30=0,"",D30/E30) -> 0.0050251256 | H30: =I30/J30 -> 0.0098522167 | I30: =D30+F30 -> 2 | J30: =E30+4*F30 -> 203 | K30: e = (n + a) / (N + 4a) | L30: =ROUND(SUMIF($A$2:$A$289,A30,$H$2:$H$289),9) -> 1
A31: 8 | B31: C | C31: =A31&"|"&B31 -> 8|C | D31: =INDEX('Frequency 1-72'!$B$2:$E$73,A31,MATCH(B31,{"A","C","G","U"},0)) -> 0 | E31: ='Frequency 1-72'!G9 -> 199 | F31: 1 | G31: =IF(E31=0,"",D31/E31) -> 0 | H31: =I31/J31 -> 0.0049261084 | I31: =D31+F31 -> 1 | J31: =E31+4*F31 -> 203 | K31: e = (n + a) / (N + 4a) | L31: =ROUND(SUMIF($A$2:$A$289,A31,$H$2:$H$289),9) -> 1
A32: 8 | B32: G | C32: =A32&"|"&B32 -> 8|G | D32: =INDEX('Frequency 1-72'!$B$2:$E$73,A32,MATCH(B32,{"A","C","G","U"},0)) -> 1 | E32: ='Frequency 1-72'!G9 -> 199 | F32: 1 | G32: =IF(E32=0,"",D32/E32) -> 0.0050251256 | H32: =I32/J32 -> 0.0098522167 | I32: =D32+F32 -> 2 | J32: =E32+4*F32 -> 203 | K32: e = (n + a) / (N + 4a) | L32: =ROUND(SUMIF($A$2:$A$289,A32,$H$2:$H$289),9) -> 1
A33: 8 | B33: U | C33: =A33&"|"&B33 -> 8|U | D33: =INDEX('Frequency 1-72'!$B$2:$E$73,A33,MATCH(B33,{"A","C","G","U"},0)) -> 197 | E33: ='Frequency 1-72'!G9 -> 199 | F33: 1 | G33: =IF(E33=0,"",D33/E33) -> 0.98994975 | H33: =I33/J33 -> 0.97536946 | I33: =D33+F33 -> 198 | J33: =E33+4*F33 -> 203 | K33: e = (n + a) / (N + 4a) | L33: =ROUND(SUMIF($A$2:$A$289,A33,$H$2:$H$289),9) -> 1
A34: 9 | B34: A | C34: =A34&"|"&B34 -> 9|A | D34: =INDEX('Frequency 1-72'!$B$2:$E$73,A34,MATCH(B34,{"A","C","G","U"},0)) -> 130 | E34: ='Frequency 1-72'!G10 -> 198 | F34: 1 | G34: =IF(E34=0,"",D34/E34) -> 0.65656566 | H34: =I34/J34 -> 0.64851485 | I34: =D34+F34 -> 131 | J34: =E34+4*F34 -> 202 | K34: e = (n + a) / (N + 4a) | L34: =ROUND(SUMIF($A$2:$A$289,A34,$H$2:$H$289),9) -> 1
A35: 9 | B35: C | C35: =A35&"|"&B35 -> 9|C | D35: =INDEX('Frequency 1-72'!$B$2:$E$73,A35,MATCH(B35,{"A","C","G","U"},0)) -> 7 | E35: ='Frequency 1-72'!G10 -> 198 | F35: 1 | G35: =IF(E35=0,"",D35/E35) -> 0.035353535 | H35: =I35/J35 -> 0.03960396 | I35: =D35+F35 -> 8 | J35: =E35+4*F35 -> 202 | K35: e = (n + a) / (N + 4a) | L35: =ROUND(SUMIF($A$2:$A$289,A35,$H$2:$H$289),9) -> 1
A36: 9 | B36: G | C36: =A36&"|"&B36 -> 9|G | D36: =INDEX('Frequency 1-72'!$B$2:$E$73,A36,MATCH(B36,{"A","C","G","U"},0)) -> 61 | E36: ='Frequency 1-72'!G10 -> 198 | F36: 1 | G36: =IF(E36=0,"",D36/E36) -> 0.30808081 | H36: =I36/J36 -> 0.30693069 | I36: =D36+F36 -> 62 | J36: =E36+4*F36 -> 202 | K36: e = (n + a) / (N + 4a) | L36: =ROUND(SUMIF($A$2:$A$289,A36,$H$2:$H$289),9) -> 1
A37: 9 | B37: U | C37: =A37&"|"&B37 -> 9|U | D37: =INDEX('Frequency 1-72'!$B$2:$E$73,A37,MATCH(B37,{"A","C","G","U"},0)) -> 0 | E37: ='Frequency 1-72'!G10 -> 198 | F37: 1 | G37: =IF(E37=0,"",D37/E37) -> 0 | H37: =I37/J37 -> 0.004950495 | I37: =D37+F37 -> 1 | J37: =E37+4*F37 -> 202 | K37: e = (n + a) / (N + 4a) | L37: =ROUND(SUMIF($A$2:$A$289,A37,$H$2:$H$289),9) -> 1
A38: 10 | B38: A | C38: =A38&"|"&B38 -> 10|A | D38: =INDEX('Frequency 1-72'!$B$2:$E$73,A38,MATCH(B38,{"A","C","G","U"},0)) -> 0 | E38: ='Frequency 1-72'!G11 -> 199 | F38: 1 | G38: =IF(E38=0,"",D38/E38) -> 0 | H38: =I38/J38 -> 0.0049261084 | I38: =D38+F38 -> 1 | J38: =E38+4*F38 -> 203 | K38: e = (n + a) / (N + 4a) | L38: =ROUND(SUMIF($A$2:$A$289,A38,$H$2:$H$289),9) -> 1
A39: 10 | B39: C | C39: =A39&"|"&B39 -> 10|C | D39: =INDEX('Frequency 1-72'!$B$2:$E$73,A39,MATCH(B39,{"A","C","G","U"},0)) -> 8 | E39: ='Frequency 1-72'!G11 -> 199 | F39: 1 | G39: =IF(E39=0,"",D39/E39) -> 0.040201005 | H39: =I39/J39 -> 0.044334975 | I39: =D39+F39 -> 9 | J39: =E39+4*F39 -> 203 | K39: e = (n + a) / (N + 4a) | L39: =ROUND(SUMIF($A$2:$A$289,A39,$H$2:$H$289),9) -> 1
A40: 10 | B40: G | C40: =A40&"|"&B40 -> 10|G | D40: =INDEX('Frequency 1-72'!$B$2:$E$73,A40,MATCH(B40,{"A","C","G","U"},0)) -> 191 | E40: ='Frequency 1-72'!G11 -> 199 | F40: 1 | G40: =IF(E40=0,"",D40/E40) -> 0.95979899 | H40: =I40/J40 -> 0.94581281 | I40: =D40+F40 -> 192 | J40: =E40+4*F40 -> 203 | K40: e = (n + a) / (N + 4a) | L40: =ROUND(SUMIF($A$2:$A$289,A40,$H$2:$H$289),9) -> 1
A41: 10 | B41: U | C41: =A41&"|"&B41 -> 10|U | D41: =INDEX('Frequency 1-72'!$B$2:$E$73,A41,MATCH(B41,{"A","C","G","U"},0)) -> 0 | E41: ='Frequency 1-72'!G11 -> 199 | F41: 1 | G41: =IF(E41=0,"",D41/E41) -> 0 | H41: =I41/J41 -> 0.0049261084 | I41: =D41+F41 -> 1 | J41: =E41+4*F41 -> 203 | K41: e = (n + a) / (N + 4a) | L41: =ROUND(SUMIF($A$2:$A$289,A41,$H$2:$H$289),9) -> 1
A42: 11 | B42: A | C42: =A42&"|"&B42 -> 11|A | D42: =INDEX('Frequency 1-72'!$B$2:$E$73,A42,MATCH(B42,{"A","C","G","U"},0)) -> 7 | E42: ='Frequency 1-72'!G12 -> 199 | F42: 1 | G42: =IF(E42=0,"",D42/E42) -> 0.035175879 | H42: =I42/J42 -> 0.039408867 | I42: =D42+F42 -> 8 | J42: =E42+4*F42 -> 203 | K42: e = (n + a) / (N + 4a) | L42: =ROUND(SUMIF($A$2:$A$289,A42,$H$2:$H$289),9) -> 1
A43: 11 | B43: C | C43: =A43&"|"&B43 -> 11|C | D43: =INDEX('Frequency 1-72'!$B$2:$E$73,A43,MATCH(B43,{"A","C","G","U"},0)) -> 146 | E43: ='Frequency 1-72'!G12 -> 199 | F43: 1 | G43: =IF(E43=0,"",D43/E43) -> 0.73366834 | H43: =I43/J43 -> 0.72413793 | I43: =D43+F43 -> 147 | J43: =E43+4*F43 -> 203 | K43: e = (n + a) / (N + 4a) | L43: =ROUND(SUMIF($A$2:$A$289,A43,$H$2:$H$289),9) -> 1
A44: 11 | B44: G | C44: =A44&"|"&B44 -> 11|G | D44: =INDEX('Frequency 1-72'!$B$2:$E$73,A44,MATCH(B44,{"A","C","G","U"},0)) -> 6 | E44: ='Frequency 1-72'!G12 -> 199 | F44: 1 | G44: =IF(E44=0,"",D44/E44) -> 0.030150754 | H44: =I44/J44 -> 0.034482759 | I44: =D44+F44 -> 7 | J44: =E44+4*F44 -> 203 | K44: e = (n + a) / (N + 4a) | L44: =ROUND(SUMIF($A$2:$A$289,A44,$H$2:$H$289),9) -> 1
A45: 11 | B45: U | C45: =A45&"|"&B45 -> 11|U | D45: =INDEX('Frequency 1-72'!$B$2:$E$73,A45,MATCH(B45,{"A","C","G","U"},0)) -> 40 | E45: ='Frequency 1-72'!G12 -> 199 | F45: 1 | G45: =IF(E45=0,"",D45/E45) -> 0.20100503 | H45: =I45/J45 -> 0.20197044 | I45: =D45+F45 -> 41 | J45: =E45+4*F45 -> 203 | K45: e = (n + a) / (N + 4a) | L45: =ROUND(SUMIF($A$2:$A$289,A45,$H$2:$H$289),9) -> 1
A46: 12 | B46: A | C46: =A46&"|"&B46 -> 12|A | D46: =INDEX('Frequency 1-72'!$B$2:$E$73,A46,MATCH(B46,{"A","C","G","U"},0)) -> 13 | E46: ='Frequency 1-72'!G13 -> 199 | F46: 1 | G46: =IF(E46=0,"",D46/E46) -> 0.065326633 | H46: =I46/J46 -> 0.068965517 | I46: =D46+F46 -> 14 | J46: =E46+4*F46 -> 203 | K46: e = (n + a) / (N + 4a) | L46: =ROUND(SUMIF($A$2:$A$289,A46,$H$2:$H$289),9) -> 1
A47: 12 | B47: C | C47: =A47&"|"&B47 -> 12|C | D47: =INDEX('Frequency 1-72'!$B$2:$E$73,A47,MATCH(B47,{"A","C","G","U"},0)) -> 29 | E47: ='Frequency 1-72'!G13 -> 199 | F47: 1 | G47: =IF(E47=0,"",D47/E47) -> 0.14572864 | H47: =I47/J47 -> 0.14778325 | I47: =D47+F47 -> 30 | J47: =E47+4*F47 -> 203 | K47: e = (n + a) / (N + 4a) | L47: =ROUND(SUMIF($A$2:$A$289,A47,$H$2:$H$289),9) -> 1
A48: 12 | B48: G | C48: =A48&"|"&B48 -> 12|G | D48: =INDEX('Frequency 1-72'!$B$2:$E$73,A48,MATCH(B48,{"A","C","G","U"},0)) -> 38 | E48: ='Frequency 1-72'!G13 -> 199 | F48: 1 | G48: =IF(E48=0,"",D48/E48) -> 0.19095477 | H48: =I48/J48 -> 0.19211823 | I48: =D48+F48 -> 39 | J48: =E48+4*F48 -> 203 | K48: e = (n + a) / (N + 4a) | L48: =ROUND(SUMIF($A$2:$A$289,A48,$H$2:$H$289),9) -> 1
A49: 12 | B49: U | C49: =A49&"|"&B49 -> 12|U | D49: =INDEX('Frequency 1-72'!$B$2:$E$73,A49,MATCH(B49,{"A","C","G","U"},0)) -> 119 | E49: ='Frequency 1-72'!G13 -> 199 | F49: 1 | G49: =IF(E49=0,"",D49/E49) -> 0.59798995 | H49: =I49/J49 -> 0.591133 | I49: =D49+F49 -> 120 | J49: =E49+4*F49 -> 203 | K49: e = (n + a) / (N + 4a) | L49: =ROUND(SUMIF($A$2:$A$289,A49,$H$2:$H$289),9) -> 1
A50: 13 | B50: A | C50: =A50&"|"&B50 -> 13|A | D50: =INDEX('Frequency 1-72'!$B$2:$E$73,A50,MATCH(B50,{"A","C","G","U"},0)) -> 13 | E50: ='Frequency 1-72'!G14 -> 199 | F50: 1 | G50: =IF(E50=0,"",D50/E50) -> 0.065326633 | H50: =I50/J50 -> 0.068965517 | I50: =D50+F50 -> 14 | J50: =E50+4*F50 -> 203 | K50: e = (n + a) / (N + 4a) | L50: =ROUND(SUMIF($A$2:$A$289,A50,$H$2:$H$289),9) -> 1
A51: 13 | B51: C | C51: =A51&"|"&B51 -> 13|C | D51: =INDEX('Frequency 1-72'!$B$2:$E$73,A51,MATCH(B51,{"A","C","G","U"},0)) -> 129 | E51: ='Frequency 1-72'!G14 -> 199 | F51: 1 | G51: =IF(E51=0,"",D51/E51) -> 0.64824121 | H51: =I51/J51 -> 0.64039409 | I51: =D51+F51 -> 130 | J51: =E51+4*F51 -> 203 | K51: e = (n + a) / (N + 4a) | L51: =ROUND(SUMIF($A$2:$A$289,A51,$H$2:$H$289),9) -> 1
A52: 13 | B52: G | C52: =A52&"|"&B52 -> 13|G | D52: =INDEX('Frequency 1-72'!$B$2:$E$73,A52,MATCH(B52,{"A","C","G","U"},0)) -> 19 | E52: ='Frequency 1-72'!G14 -> 199 | F52: 1 | G52: =IF(E52=0,"",D52/E52) -> 0.095477387 | H52: =I52/J52 -> 0.098522167 | I52: =D52+F52 -> 20 | J52: =E52+4*F52 -> 203 | K52: e = (n + a) / (N + 4a) | L52: =ROUND(SUMIF($A$2:$A$289,A52,$H$2:$H$289),9) -> 1
A53: 13 | B53: U | C53: =A53&"|"&B53 -> 13|U | D53: =INDEX('Frequency 1-72'!$B$2:$E$73,A53,MATCH(B53,{"A","C","G","U"},0)) -> 38 | E53: ='Frequency 1-72'!G14 -> 199 | F53: 1 | G53: =IF(E53=0,"",D53/E53) -> 0.19095477 | H53: =I53/J53 -> 0.19211823 | I53: =D53+F53 -> 39 | J53: =E53+4*F53 -> 203 | K53: e = (n + a) / (N + 4a) | L53: =ROUND(SUMIF($A$2:$A$289,A53,$H$2:$H$289),9) -> 1
A54: 14 | B54: A | C54: =A54&"|"&B54 -> 14|A | D54: =INDEX('Frequency 1-72'!$B$2:$E$73,A54,MATCH(B54,{"A","C","G","U"},0)) -> 197 | E54: ='Frequency 1-72'!G15 -> 199 | F54: 1 | G54: =IF(E54=0,"",D54/E54) -> 0.98994975 | H54: =I54/J54 -> 0.97536946 | I54: =D54+F54 -> 198 | J54: =E54+4*F54 -> 203 | K54: e = (n + a) / (N + 4a) | L54: =ROUND(SUMIF($A$2:$A$289,A54,$H$2:$H$289),9) -> 1
A55: 14 | B55: C | C55: =A55&"|"&B55 -> 14|C | D55: =INDEX('Frequency 1-72'!$B$2:$E$73,A55,MATCH(B55,{"A","C","G","U"},0)) -> 1 | E55: ='Frequency 1-72'!G15 -> 199 | F55: 1 | G55: =IF(E55=0,"",D55/E55) -> 0.0050251256 | H55: =I55/J55 -> 0.0098522167 | I55: =D55+F55 -> 2 | J55: =E55+4*F55 -> 203 | K55: e = (n + a) / (N + 4a) | L55: =ROUND(SUMIF($A$2:$A$289,A55,$H$2:$H$289),9) -> 1
A56: 14 | B56: G | C56: =A56&"|"&B56 -> 14|G | D56: =INDEX('Frequency 1-72'!$B$2:$E$73,A56,MATCH(B56,{"A","C","G","U"},0)) -> 1 | E56: ='Frequency 1-72'!G15 -> 199 | F56: 1 | G56: =IF(E56=0,"",D56/E56) -> 0.0050251256 | H56: =I56/J56 -> 0.0098522167 | I56: =D56+F56 -> 2 | J56: =E56+4*F56 -> 203 | K56: e = (n + a) / (N + 4a) | L56: =ROUND(SUMIF($A$2:$A$289,A56,$H$2:$H$289),9) -> 1
A57: 14 | B57: U | C57: =A57&"|"&B57 -> 14|U | D57: =INDEX('Frequency 1-72'!$B$2:$E$73,A57,MATCH(B57,{"A","C","G","U"},0)) -> 0 | E57: ='Frequency 1-72'!G15 -> 199 | F57: 1 | G57: =IF(E57=0,"",D57/E57) -> 0 | H57: =I57/J57 -> 0.0049261084 | I57: =D57+F57 -> 1 | J57: =E57+4*F57 -> 203 | K57: e = (n + a) / (N + 4a) | L57: =ROUND(SUMIF($A$2:$A$289,A57,$H$2:$H$289),9) -> 1
A58: 15 | B58: A | C58: =A58&"|"&B58 -> 15|A | D58: =INDEX('Frequency 1-72'!$B$2:$E$73,A58,MATCH(B58,{"A","C","G","U"},0)) -> 33 | E58: ='Frequency 1-72'!G16 -> 198 | F58: 1 | G58: =IF(E58=0,"",D58/E58) -> 0.16666667 | H58: =I58/J58 -> 0.16831683 | I58: =D58+F58 -> 34 | J58: =E58+4*F58 -> 202 | K58: e = (n + a) / (N + 4a) | L58: =ROUND(SUMIF($A$2:$A$289,A58,$H$2:$H$289),9) -> 1
A59: 15 | B59: C | C59: =A59&"|"&B59 -> 15|C | D59: =INDEX('Frequency 1-72'!$B$2:$E$73,A59,MATCH(B59,{"A","C","G","U"},0)) -> 2 | E59: ='Frequency 1-72'!G16 -> 198 | F59: 1 | G59: =IF(E59=0,"",D59/E59) -> 0.01010101 | H59: =I59/J59 -> 0.014851485 | I59: =D59+F59 -> 3 | J59: =E59+4*F59 -> 202 | K59: e = (n + a) / (N + 4a) | L59: =ROUND(SUMIF($A$2:$A$289,A59,$H$2:$H$289),9) -> 1
A60: 15 | B60: G | C60: =A60&"|"&B60 -> 15|G | D60: =INDEX('Frequency 1-72'!$B$2:$E$73,A60,MATCH(B60,{"A","C","G","U"},0)) -> 161 | E60: ='Frequency 1-72'!G16 -> 198 | F60: 1 | G60: =IF(E60=0,"",D60/E60) -> 0.81313131 | H60: =I60/J60 -> 0.8019802 | I60: =D60+F60 -> 162 | J60: =E60+4*F60 -> 202 | K60: e = (n + a) / (N + 4a) | L60: =ROUND(SUMIF($A$2:$A$289,A60,$H$2:$H$289),9) -> 1
A61: 15 | B61: U | C61: =A61&"|"&B61 -> 15|U | D61: =INDEX('Frequency 1-72'!$B$2:$E$73,A61,MATCH(B61,{"A","C","G","U"},0)) -> 2 | E61: ='Frequency 1-72'!G16 -> 198 | F61: 1 | G61: =IF(E61=0,"",D61/E61) -> 0.01010101 | H61: =I61/J61 -> 0.014851485 | I61: =D61+F61 -> 3 | J61: =E61+4*F61 -> 202 | K61: e = (n + a) / (N + 4a) | L61: =ROUND(SUMIF($A$2:$A$289,A61,$H$2:$H$289),9) -> 1
A62: 16 | B62: A | C62: =A62&"|"&B62 -> 16|A | D62: =INDEX('Frequency 1-72'!$B$2:$E$73,A62,MATCH(B62,{"A","C","G","U"},0)) -> 3 | E62: ='Frequency 1-72'!G17 -> 132 | F62: 1 | G62: =IF(E62=0,"",D62/E62) -> 0.022727273 | H62: =I62/J62 -> 0.029411765 | I62: =D62+F62 -> 4 | J62: =E62+4*F62 -> 136 | K62: e = (n + a) / (N + 4a) | L62: =ROUND(SUMIF($A$2:$A$289,A62,$H$2:$H$289),9) -> 1
A63: 16 | B63: C | C63: =A63&"|"&B63 -> 16|C | D63: =INDEX('Frequency 1-72'!$B$2:$E$73,A63,MATCH(B63,{"A","C","G","U"},0)) -> 47 | E63: ='Frequency 1-72'!G17 -> 132 | F63: 1 | G63: =IF(E63=0,"",D63/E63) -> 0.35606061 | H63: =I63/J63 -> 0.35294118 | I63: =D63+F63 -> 48 | J63: =E63+4*F63 -> 136 | K63: e = (n + a) / (N + 4a) | L63: =ROUND(SUMIF($A$2:$A$289,A63,$H$2:$H$289),9) -> 1
A64: 16 | B64: G | C64: =A64&"|"&B64 -> 16|G | D64: =INDEX('Frequency 1-72'!$B$2:$E$73,A64,MATCH(B64,{"A","C","G","U"},0)) -> 3 | E64: ='Frequency 1-72'!G17 -> 132 | F64: 1 | G64: =IF(E64=0,"",D64/E64) -> 0.022727273 | H64: =I64/J64 -> 0.029411765 | I64: =D64+F64 -> 4 | J64: =E64+4*F64 -> 136 | K64: e = (n + a) / (N + 4a) | L64: =ROUND(SUMIF($A$2:$A$289,A64,$H$2:$H$289),9) -> 1
A65: 16 | B65: U | C65: =A65&"|"&B65 -> 16|U | D65: =INDEX('Frequency 1-72'!$B$2:$E$73,A65,MATCH(B65,{"A","C","G","U"},0)) -> 79 | E65: ='Frequency 1-72'!G17 -> 132 | F65: 1 | G65: =IF(E65=0,"",D65/E65) -> 0.59848485 | H65: =I65/J65 -> 0.58823529 | I65: =D65+F65 -> 80 | J65: =E65+4*F65 -> 136 | K65: e = (n + a) / (N + 4a) | L65: =ROUND(SUMIF($A$2:$A$289,A65,$H$2:$H$289),9) -> 1
A66: 17 | B66: A | C66: =A66&"|"&B66 -> 17|A | D66: =INDEX('Frequency 1-72'!$B$2:$E$73,A66,MATCH(B66,{"A","C","G","U"},0)) -> 12 | E66: ='Frequency 1-72'!G18 -> 196 | F66: 1 | G66: =IF(E66=0,"",D66/E66) -> 0.06122449 | H66: =I66/J66 -> 0.065 | I66: =D66+F66 -> 13 | J66: =E66+4*F66 -> 200 | K66: e = (n + a) / (N + 4a) | L66: =ROUND(SUMIF($A$2:$A$289,A66,$H$2:$H$289),9) -> 1
A67: 17 | B67: C | C67: =A67&"|"&B67 -> 17|C | D67: =INDEX('Frequency 1-72'!$B$2:$E$73,A67,MATCH(B67,{"A","C","G","U"},0)) -> 63 | E67: ='Frequency 1-72'!G18 -> 196 | F67: 1 | G67: =IF(E67=0,"",D67/E67) -> 0.32142857 | H67: =I67/J67 -> 0.32 | I67: =D67+F67 -> 64 | J67: =E67+4*F67 -> 200 | K67: e = (n + a) / (N + 4a) | L67: =ROUND(SUMIF($A$2:$A$289,A67,$H$2:$H$289),9) -> 1
A68: 17 | B68: G | C68: =A68&"|"&B68 -> 17|G | D68: =INDEX('Frequency 1-72'!$B$2:$E$73,A68,MATCH(B68,{"A","C","G","U"},0)) -> 8 | E68: ='Frequency 1-72'!G18 -> 196 | F68: 1 | G68: =IF(E68=0,"",D68/E68) -> 0.040816327 | H68: =I68/J68 -> 0.045 | I68: =D68+F68 -> 9 | J68: =E68+4*F68 -> 200 | K68: e = (n + a) / (N + 4a) | L68: =ROUND(SUMIF($A$2:$A$289,A68,$H$2:$H$289),9) -> 1
A69: 17 | B69: U | C69: =A69&"|"&B69 -> 17|U | D69: =INDEX('Frequency 1-72'!$B$2:$E$73,A69,MATCH(B69,{"A","C","G","U"},0)) -> 113 | E69: ='Frequency 1-72'!G18 -> 196 | F69: 1 | G69: =IF(E69=0,"",D69/E69) -> 0.57653061 | H69: =I69/J69 -> 0.57 | I69: =D69+F69 -> 114 | J69: =E69+4*F69 -> 200 | K69: e = (n + a) / (N + 4a) | L69: =ROUND(SUMIF($A$2:$A$289,A69,$H$2:$H$289),9) -> 1
A70: 18 | B70: A | C70: =A70&"|"&B70 -> 18|A | D70: =INDEX('Frequency 1-72'!$B$2:$E$73,A70,MATCH(B70,{"A","C","G","U"},0)) -> 1 | E70: ='Frequency 1-72'!G19 -> 199 | F70: 1 | G70: =IF(E70=0,"",D70/E70) -> 0.0050251256 | H70: =I70/J70 -> 0.0098522167 | I70: =D70+F70 -> 2 | J70: =E70+4*F70 -> 203 | K70: e = (n + a) / (N + 4a) | L70: =ROUND(SUMIF($A$2:$A$289,A70,$H$2:$H$289),9) -> 1
A71: 18 | B71: C | C71: =A71&"|"&B71 -> 18|C | D71: =INDEX('Frequency 1-72'!$B$2:$E$73,A71,MATCH(B71,{"A","C","G","U"},0)) -> 0 | E71: ='Frequency 1-72'!G19 -> 199 | F71: 1 | G71: =IF(E71=0,"",D71/E71) -> 0 | H71: =I71/J71 -> 0.0049261084 | I71: =D71+F71 -> 1 | J71: =E71+4*F71 -> 203 | K71: e = (n + a) / (N + 4a) | L71: =ROUND(SUMIF($A$2:$A$289,A71,$H$2:$H$289),9) -> 1
A72: 18 | B72: G | C72: =A72&"|"&B72 -> 18|G | D72: =INDEX('Frequency 1-72'!$B$2:$E$73,A72,MATCH(B72,{"A","C","G","U"},0)) -> 198 | E72: ='Frequency 1-72'!G19 -> 199 | F72: 1 | G72: =IF(E72=0,"",D72/E72) -> 0.99497487 | H72: =I72/J72 -> 0.98029557 | I72: =D72+F72 -> 199 | J72: =E72+4*F72 -> 203 | K72: e = (n + a) / (N + 4a) | L72: =ROUND(SUMIF($A$2:$A$289,A72,$H$2:$H$289),9) -> 1
A73: 18 | B73: U | C73: =A73&"|"&B73 -> 18|U | D73: =INDEX('Frequency 1-72'!$B$2:$E$73,A73,MATCH(B73,{"A","C","G","U"},0)) -> 0 | E73: ='Frequency 1-72'!G19 -> 199 | F73: 1 | G73: =IF(E73=0,"",D73/E73) -> 0 | H73: =I73/J73 -> 0.0049261084 | I73: =D73+F73 -> 1 | J73: =E73+4*F73 -> 203 | K73: e = (n + a) / (N + 4a) | L73: =ROUND(SUMIF($A$2:$A$289,A73,$H$2:$H$289),9) -> 1
A74: 19 | B74: A | C74: =A74&"|"&B74 -> 19|A | D74: =INDEX('Frequency 1-72'!$B$2:$E$73,A74,MATCH(B74,{"A","C","G","U"},0)) -> 1 | E74: ='Frequency 1-72'!G20 -> 199 | F74: 1 | G74: =IF(E74=0,"",D74/E74) -> 0.0050251256 | H74: =I74/J74 -> 0.0098522167 | I74: =D74+F74 -> 2 | J74: =E74+4*F74 -> 203 | K74: e = (n + a) / (N + 4a) | L74: =ROUND(SUMIF($A$2:$A$289,A74,$H$2:$H$289),9) -> 1
A75: 19 | B75: C | C75: =A75&"|"&B75 -> 19|C | D75: =INDEX('Frequency 1-72'!$B$2:$E$73,A75,MATCH(B75,{"A","C","G","U"},0)) -> 0 | E75: ='Frequency 1-72'!G20 -> 199 | F75: 1 | G75: =IF(E75=0,"",D75/E75) -> 0 | H75: =I75/J75 -> 0.0049261084 | I75: =D75+F75 -> 1 | J75: =E75+4*F75 -> 203 | K75: e = (n + a) / (N + 4a) | L75: =ROUND(SUMIF($A$2:$A$289,A75,$H$2:$H$289),9) -> 1
A76: 19 | B76: G | C76: =A76&"|"&B76 -> 19|G | D76: =INDEX('Frequency 1-72'!$B$2:$E$73,A76,MATCH(B76,{"A","C","G","U"},0)) -> 196 | E76: ='Frequency 1-72'!G20 -> 199 | F76: 1 | G76: =IF(E76=0,"",D76/E76) -> 0.98492462 | H76: =I76/J76 -> 0.97044335 | I76: =D76+F76 -> 197 | J76: =E76+4*F76 -> 203 | K76: e = (n + a) / (N + 4a) | L76: =ROUND(SUMIF($A$2:$A$289,A76,$H$2:$H$289),9) -> 1
A77: 19 | B77: U | C77: =A77&"|"&B77 -> 19|U | D77: =INDEX('Frequency 1-72'!$B$2:$E$73,A77,MATCH(B77,{"A","C","G","U"},0)) -> 2 | E77: ='Frequency 1-72'!G20 -> 199 | F77: 1 | G77: =IF(E77=0,"",D77/E77) -> 0.010050251 | H77: =I77/J77 -> 0.014778325 | I77: =D77+F77 -> 3 | J77: =E77+4*F77 -> 203 | K77: e = (n + a) / (N + 4a) | L77: =ROUND(SUMIF($A$2:$A$289,A77,$H$2:$H$289),9) -> 1
A78: 20 | B78: A | C78: =A78&"|"&B78 -> 20|A | D78: =INDEX('Frequency 1-72'!$B$2:$E$73,A78,MATCH(B78,{"A","C","G","U"},0)) -> 17 | E78: ='Frequency 1-72'!G21 -> 198 | F78: 1 | G78: =IF(E78=0,"",D78/E78) -> 0.085858586 | H78: =I78/J78 -> 0.089108911 | I78: =D78+F78 -> 18 | J78: =E78+4*F78 -> 202 | K78: e = (n + a) / (N + 4a) | L78: =ROUND(SUMIF($A$2:$A$289,A78,$H$2:$H$289),9) -> 1
A79: 20 | B79: C | C79: =A79&"|"&B79 -> 20|C | D79: =INDEX('Frequency 1-72'!$B$2:$E$73,A79,MATCH(B79,{"A","C","G","U"},0)) -> 45 | E79: ='Frequency 1-72'!G21 -> 198 | F79: 1 | G79: =IF(E79=0,"",D79/E79) -> 0.22727273 | H79: =I79/J79 -> 0.22772277 | I79: =D79+F79 -> 46 | J79: =E79+4*F79 -> 202 | K79: e = (n + a) / (N + 4a) | L79: =ROUND(SUMIF($A$2:$A$289,A79,$H$2:$H$289),9) -> 1
A80: 20 | B80: G | C80: =A80&"|"&B80 -> 20|G | D80: =INDEX('Frequency 1-72'!$B$2:$E$73,A80,MATCH(B80,{"A","C","G","U"},0)) -> 18 | E80: ='Frequency 1-72'!G21 -> 198 | F80: 1 | G80: =IF(E80=0,"",D80/E80) -> 0.090909091 | H80: =I80/J80 -> 0.094059406 | I80: =D80+F80 -> 19 | J80: =E80+4*F80 -> 202 | K80: e = (n + a) / (N + 4a) | L80: =ROUND(SUMIF($A$2:$A$289,A80,$H$2:$H$289),9) -> 1
A81: 20 | B81: U | C81: =A81&"|"&B81 -> 20|U | D81: =INDEX('Frequency 1-72'!$B$2:$E$73,A81,MATCH(B81,{"A","C","G","U"},0)) -> 118 | E81: ='Frequency 1-72'!G21 -> 198 | F81: 1 | G81: =IF(E81=0,"",D81/E81) -> 0.5959596 | H81: =I81/J81 -> 0.58910891 | I81: =D81+F81 -> 119 | J81: =E81+4*F81 -> 202 | K81: e = (n + a) / (N + 4a) | L81: =ROUND(SUMIF($A$2:$A$289,A81,$H$2:$H$289),9) -> 1
A82: 21 | B82: A | C82: =A82&"|"&B82 -> 21|A | D82: =INDEX('Frequency 1-72'!$B$2:$E$73,A82,MATCH(B82,{"A","C","G","U"},0)) -> 178 | E82: ='Frequency 1-72'!G22 -> 199 | F82: 1 | G82: =IF(E82=0,"",D82/E82) -> 0.89447236 | H82: =I82/J82 -> 0.8817734 | I82: =D82+F82 -> 179 | J82: =E82+4*F82 -> 203 | K82: e = (n + a) / (N + 4a) | L82: =ROUND(SUMIF($A$2:$A$289,A82,$H$2:$H$289),9) -> 1
A83: 21 | B83: C | C83: =A83&"|"&B83 -> 21|C | D83: =INDEX('Frequency 1-72'!$B$2:$E$73,A83,MATCH(B83,{"A","C","G","U"},0)) -> 4 | E83: ='Frequency 1-72'!G22 -> 199 | F83: 1 | G83: =IF(E83=0,"",D83/E83) -> 0.020100503 | H83: =I83/J83 -> 0.024630542 | I83: =D83+F83 -> 5 | J83: =E83+4*F83 -> 203 | K83: e = (n + a) / (N + 4a) | L83: =ROUND(SUMIF($A$2:$A$289,A83,$H$2:$H$289),9) -> 1
A84: 21 | B84: G | C84: =A84&"|"&B84 -> 21|G | D84: =INDEX('Frequency 1-72'!$B$2:$E$73,A84,MATCH(B84,{"A","C","G","U"},0)) -> 7 | E84: ='Frequency 1-72'!G22 -> 199 | F84: 1 | G84: =IF(E84=0,"",D84/E84) -> 0.035175879 | H84: =I84/J84 -> 0.039408867 | I84: =D84+F84 -> 8 | J84: =E84+4*F84 -> 203 | K84: e = (n + a) / (N + 4a) | L84: =ROUND(SUMIF($A$2:$A$289,A84,$H$2:$H$289),9) -> 1
A85: 21 | B85: U | C85: =A85&"|"&B85 -> 21|U | D85: =INDEX('Frequency 1-72'!$B$2:$E$73,A85,MATCH(B85,{"A","C","G","U"},0)) -> 10 | E85: ='Frequency 1-72'!G22 -> 199 | F85: 1 | G85: =IF(E85=0,"",D85/E85) -> 0.050251256 | H85: =I85/J85 -> 0.054187192 | I85: =D85+F85 -> 11 | J85: =E85+4*F85 -> 203 | K85: e = (n + a) / (N + 4a) | L85: =ROUND(SUMIF($A$2:$A$289,A85,$H$2:$H$289),9) -> 1
A86: 22 | B86: A | C86: =A86&"|"&B86 -> 22|A | D86: =INDEX('Frequency 1-72'!$B$2:$E$73,A86,MATCH(B86,{"A","C","G","U"},0)) -> 41 | E86: ='Frequency 1-72'!G23 -> 199 | F86: 1 | G86: =IF(E86=0,"",D86/E86) -> 0.20603015 | H86: =I86/J86 -> 0.20689655 | I86: =D86+F86 -> 42 | J86: =E86+4*F86 -> 203 | K86: e = (n + a) / (N + 4a) | L86: =ROUND(SUMIF($A$2:$A$289,A86,$H$2:$H$289),9) -> 1
A87: 22 | B87: C | C87: =A87&"|"&B87 -> 22|C | D87: =INDEX('Frequency 1-72'!$B$2:$E$73,A87,MATCH(B87,{"A","C","G","U"},0)) -> 0 | E87: ='Frequency 1-72'!G23 -> 199 | F87: 1 | G87: =IF(E87=0,"",D87/E87) -> 0 | H87: =I87/J87 -> 0.0049261084 | I87: =D87+F87 -> 1 | J87: =E87+4*F87 -> 203 | K87: e = (n + a) / (N + 4a) | L87: =ROUND(SUMIF($A$2:$A$289,A87,$H$2:$H$289),9) -> 1
A88: 22 | B88: G | C88: =A88&"|"&B88 -> 22|G | D88: =INDEX('Frequency 1-72'!$B$2:$E$73,A88,MATCH(B88,{"A","C","G","U"},0)) -> 144 | E88: ='Frequency 1-72'!G23 -> 199 | F88: 1 | G88: =IF(E88=0,"",D88/E88) -> 0.72361809 | H88: =I88/J88 -> 0.71428571 | I88: =D88+F88 -> 145 | J88: =E88+4*F88 -> 203 | K88: e = (n + a) / (N + 4a) | L88: =ROUND(SUMIF($A$2:$A$289,A88,$H$2:$H$289),9) -> 1
A89: 22 | B89: U | C89: =A89&"|"&B89 -> 22|U | D89: =INDEX('Frequency 1-72'!$B$2:$E$73,A89,MATCH(B89,{"A","C","G","U"},0)) -> 14 | E89: ='Frequency 1-72'!G23 -> 199 | F89: 1 | G89: =IF(E89=0,"",D89/E89) -> 0.070351759 | H89: =I89/J89 -> 0.073891626 | I89: =D89+F89 -> 15 | J89: =E89+4*F89 -> 203 | K89: e = (n + a) / (N + 4a) | L89: =ROUND(SUMIF($A$2:$A$289,A89,$H$2:$H$289),9) -> 1
A90: 23 | B90: A | C90: =A90&"|"&B90 -> 23|A | D90: =INDEX('Frequency 1-72'!$B$2:$E$73,A90,MATCH(B90,{"A","C","G","U"},0)) -> 120 | E90: ='Frequency 1-72'!G24 -> 199 | F90: 1 | G90: =IF(E90=0,"",D90/E90) -> 0.60301508 | H90: =I90/J90 -> 0.59605911 | I90: =D90+F90 -> 121 | J90: =E90+4*F90 -> 203 | K90: e = (n + a) / (N + 4a) | L90: =ROUND(SUMIF($A$2:$A$289,A90,$H$2:$H$289),9) -> 1
A91: 23 | B91: C | C91: =A91&"|"&B91 -> 23|C | D91: =INDEX('Frequency 1-72'!$B$2:$E$73,A91,MATCH(B91,{"A","C","G","U"},0)) -> 38 | E91: ='Frequency 1-72'!G24 -> 199 | F91: 1 | G91: =IF(E91=0,"",D91/E91) -> 0.19095477 | H91: =I91/J91 -> 0.19211823 | I91: =D91+F91 -> 39 | J91: =E91+4*F91 -> 203 | K91: e = (n + a) / (N + 4a) | L91: =ROUND(SUMIF($A$2:$A$289,A91,$H$2:$H$289),9) -> 1
A92: 23 | B92: G | C92: =A92&"|"&B92 -> 23|G | D92: =INDEX('Frequency 1-72'!$B$2:$E$73,A92,MATCH(B92,{"A","C","G","U"},0)) -> 29 | E92: ='Frequency 1-72'!G24 -> 199 | F92: 1 | G92: =IF(E92=0,"",D92/E92) -> 0.14572864 | H92: =I92/J92 -> 0.14778325 | I92: =D92+F92 -> 30 | J92: =E92+4*F92 -> 203 | K92: e = (n + a) / (N + 4a) | L92: =ROUND(SUMIF($A$2:$A$289,A92,$H$2:$H$289),9) -> 1
A93: 23 | B93: U | C93: =A93&"|"&B93 -> 23|U | D93: =INDEX('Frequency 1-72'!$B$2:$E$73,A93,MATCH(B93,{"A","C","G","U"},0)) -> 12 | E93: ='Frequency 1-72'!G24 -> 199 | F93: 1 | G93: =IF(E93=0,"",D93/E93) -> 0.060301508 | H93: =I93/J93 -> 0.064039409 | I93: =D93+F93 -> 13 | J93: =E93+4*F93 -> 203 | K93: e = (n + a) / (N + 4a) | L93: =ROUND(SUMIF($A$2:$A$289,A93,$H$2:$H$289),9) -> 1
A94: 24 | B94: A | C94: =A94&"|"&B94 -> 24|A | D94: =INDEX('Frequency 1-72'!$B$2:$E$73,A94,MATCH(B94,{"A","C","G","U"},0)) -> 37 | E94: ='Frequency 1-72'!G25 -> 199 | F94: 1 | G94: =IF(E94=0,"",D94/E94) -> 0.18592965 | H94: =I94/J94 -> 0.18719212 | I94: =D94+F94 -> 38 | J94: =E94+4*F94 -> 203 | K94: e = (n + a) / (N + 4a) | L94: =ROUND(SUMIF($A$2:$A$289,A94,$H$2:$H$289),9) -> 1
A95: 24 | B95: C | C95: =A95&"|"&B95 -> 24|C | D95: =INDEX('Frequency 1-72'!$B$2:$E$73,A95,MATCH(B95,{"A","C","G","U"},0)) -> 6 | E95: ='Frequency 1-72'!G25 -> 199 | F95: 1 | G95: =IF(E95=0,"",D95/E95) -> 0.030150754 | H95: =I95/J95 -> 0.034482759 | I95: =D95+F95 -> 7 | J95: =E95+4*F95 -> 203 | K95: e = (n + a) / (N + 4a) | L95: =ROUND(SUMIF($A$2:$A$289,A95,$H$2:$H$289),9) -> 1
A96: 24 | B96: G | C96: =A96&"|"&B96 -> 24|G | D96: =INDEX('Frequency 1-72'!$B$2:$E$73,A96,MATCH(B96,{"A","C","G","U"},0)) -> 149 | E96: ='Frequency 1-72'!G25 -> 199 | F96: 1 | G96: =IF(E96=0,"",D96/E96) -> 0.74874372 | H96: =I96/J96 -> 0.73891626 | I96: =D96+F96 -> 150 | J96: =E96+4*F96 -> 203 | K96: e = (n + a) / (N + 4a) | L96: =ROUND(SUMIF($A$2:$A$289,A96,$H$2:$H$289),9) -> 1
A97: 24 | B97: U | C97: =A97&"|"&B97 -> 24|U | D97: =INDEX('Frequency 1-72'!$B$2:$E$73,A97,MATCH(B97,{"A","C","G","U"},0)) -> 7 | E97: ='Frequency 1-72'!G25 -> 199 | F97: 1 | G97: =IF(E97=0,"",D97/E97) -> 0.035175879 | H97: =I97/J97 -> 0.039408867 | I97: =D97+F97 -> 8 | J97: =E97+4*F97 -> 203 | K97: e = (n + a) / (N + 4a) | L97: =ROUND(SUMIF($A$2:$A$289,A97,$H$2:$H$289),9) -> 1
A98: 25 | B98: A | C98: =A98&"|"&B98 -> 25|A | D98: =INDEX('Frequency 1-72'!$B$2:$E$73,A98,MATCH(B98,{"A","C","G","U"},0)) -> 1 | E98: ='Frequency 1-72'!G26 -> 199 | F98: 1 | G98: =IF(E98=0,"",D98/E98) -> 0.0050251256 | H98: =I98/J98 -> 0.0098522167 | I98: =D98+F98 -> 2 | J98: =E98+4*F98 -> 203 | K98: e = (n + a) / (N + 4a) | L98: =ROUND(SUMIF($A$2:$A$289,A98,$H$2:$H$289),9) -> 1
A99: 25 | B99: C | C99: =A99&"|"&B99 -> 25|C | D99: =INDEX('Frequency 1-72'!$B$2:$E$73,A99,MATCH(B99,{"A","C","G","U"},0)) -> 177 | E99: ='Frequency 1-72'!G26 -> 199 | F99: 1 | G99: =IF(E99=0,"",D99/E99) -> 0.88944724 | H99: =I99/J99 -> 0.87684729 | I99: =D99+F99 -> 178 | J99: =E99+4*F99 -> 203 | K99: e = (n + a) / (N + 4a) | L99: =ROUND(SUMIF($A$2:$A$289,A99,$H$2:$H$289),9) -> 1
A100: 25 | B100: G | C100: =A100&"|"&B100 -> 25|G | D100: =INDEX('Frequency 1-72'!$B$2:$E$73,A100,MATCH(B100,{"A","C","G","U"},0)) -> 7 | E100: ='Frequency 1-72'!G26 -> 199 | F100: 1 | G100: =IF(E100=0,"",D100/E100) -> 0.035175879 | H100: =I100/J100 -> 0.039408867 | I100: =D100+F100 -> 8 | J100: =E100+4*F100 -> 203 | K100: e = (n + a) / (N + 4a) | L100: =ROUND(SUMIF($A$2:$A$289,A100,$H$2:$H$289),9) -> 1
...

Sheet Emission Matrix
A1: EMISSION PROBABILITY MATRIX (smoothed) — rows = base, columns = position
A2: Base / position | B2: 1 | C2: 2 | D2: 3 | E2: 4 | F2: 5 | G2: 6 | H2: 7 | I2: 8 | J2: 9 | K2: 10 | L2: 11 | M2: 12 | N2: 13 | O2: 14 | P2: 15 | Q2: 16 | R2: 17 | S2: 18 | T2: 19 | U2: 20 | V2: 21 | W2: 22 | X2: 23 | Y2: 24 | Z2: 25 | AA2: 26 | AB2: 27 | AC2: 28 | AD2: 29 | AE2: 30 | AF2: 31 | AG2: 32 | AH2: 33 | AI2: 34 | AJ2: 35 | AK2: 36 | AL2: 37 | AM2: 38 | AN2: 39 | AO2: 40 | AP2: 41 | AQ2: 42 | AR2: 43 | AS2: 44 | AT2: 45 | AU2: 46 | AV2: 47 | AW2: 48 | AX2: 49 | AY2: 50 | AZ2: 51 | BA2: 52 | BB2: 53 | BC2: 54 | BD2: 55 | BE2: 56 | BF2: 57 | BG2: 58 | BH2: 59 | BI2: 60 | BJ2: 61 | BK2: 62 | BL2: 63 | BM2: 64 | BN2: 65 | BO2: 66 | BP2: 67 | BQ2: 68 | BR2: 69 | BS2: 70 | BT2: 71 | BU2: 72
A3: A | B3: =INDEX('Emission Stepwise'!$H$2:$H$289,MATCH(1&"|"&$A3,'Emission Stepwise'!$C$2:$C$289,0)) -> 0.068965517 | C3: =INDEX('Emission Stepwise'!$H$2:$H$289,MATCH(2&"|"&$A3,'Emission Stepwise'!$C$2:$C$289,0)) -> 0.034482759 | D3: =INDEX('Emission Stepwise'!$H$2:$H$289,MATCH(3&"|"&$A3,'Emission Stepwise'!$C$2:$C$289,0)) -> 0.073891626 | E3: =INDEX('Emission Stepwise'!$H$2:$H$289,MATCH(4&"|"&$A3,'Emission Stepwise'!$C$2:$C$289,0)) -> 0.078817734 | F3: =INDEX('Emission Stepwise'!$H$2:$H$289,MATCH(5&"|"&$A3,'Emission Stepwise'!$C$2:$C$289,0)) -> 0.15270936 | G3: =INDEX('Emission Stepwise'!$H$2:$H$289,MATCH(6&"|"&$A3,'Emission Stepwise'!$C$2:$C$289,0)) -> 0.17241379 | H3: =INDEX('Emission Stepwise'!$H$2:$H$289,MATCH(7&"|"&$A3,'Emission Stepwise'!$C$2:$C$289,0)) -> 0.2364532 | I3: =INDEX('Emission Stepwise'!$H$2:$H$289,MATCH(8&"|"&$A3,'Emission Stepwise'!$C$2:$C$289,0)) -> 0.0098522167 | J3: =INDEX('Emission Stepwise'!$H$2:$H$289,MATCH(9&"|"&$A3,'Emission Stepwise'!$C$2:$C$289,0)) -> 0.64851485 | K3: =INDEX('Emission Stepwise'!$H$2:$H$289,MATCH(10&"|"&$A3,'Emission Stepwise'!$C$2:$C$289,0)) -> 0.0049261084 | L3: =INDEX('Emission Stepwise'!$H$2:$H$289,MATCH(11&"|"&$A3,'Emission Stepwise'!$C$2:$C$289,0)) -> 0.039408867 | M3: =INDEX('Emission Stepwise'!$H$2:$H$289,MATCH(12&"|"&$A3,'Emission Stepwise'!$C$2:$C$289,0)) -> 0.068965517 | N3: =INDEX('Emission Stepwise'!$H$2:$H$289,MATCH(13&"|"&$A3,'Emission Stepwise'!$C$2:$C$289,0)) -> 0.068965517 | O3: =INDEX('Emission Stepwise'!$H$2:$H$289,MATCH(14&"|"&$A3,'Emission Stepwise'!$C$2:$C$289,0)) -> 0.97536946 | P3: =INDEX('Emission Stepwise'!$H$2:$H$289,MATCH(15&"|"&$A3,'Emission Stepwise'!$C$2:$C$289,0)) -> 0.16831683 | Q3: =INDEX('Emission Stepwise'!$H$2:$H$289,MATCH(16&"|"&$A3,'Emission Stepwise'!$C$2:$C$289,0)) -> 0.029411765 | R3: =INDEX('Emission Stepwise'!$H$2:$H$289,MATCH(17&"|"&$A3,'Emission Stepwise'!$C$2:$C$289,0)) -> 0.065 | S3: =INDEX('Emission Stepwise'!$H$2:$H$289,MATCH(18&"|"&$A3,'Emission Stepwise'!$C$2:$C$289,0)) -> 0.0098522167 | T3: =INDEX('Emission Stepwise'!$H$2:$H$289,MATCH(19&"|"&$A3,'Emission Stepwise'!$C$2:$C$289,0)) -> 0.0098522167 | U3: =INDEX('Emission Stepwise'!$H$2:$H$289,MATCH(20&"|"&$A3,'Emission Stepwise'!$C$2:$C$289,0)) -> 0.089108911 | V3: =INDEX('Emission Stepwise'!$H$2:$H$289,MATCH(21&"|"&$A3,'Emission Stepwise'!$C$2:$C$289,0)) -> 0.8817734 | W3: =INDEX('Emission Stepwise'!$H$2:$H$289,MATCH(22&"|"&$A3,'Emission Stepwise'!$C$2:$C$289,0)) -> 0.20689655 | X3: =INDEX('Emission Stepwise'!$H$2:$H$289,MATCH(23&"|"&$A3,'Emission Stepwise'!$C$2:$C$289,0)) -> 0.59605911 | Y3: =INDEX('Emission Stepwise'!$H$2:$H$289,MATCH(24&"|"&$A3,'Emission Stepwise'!$C$2:$C$289,0)) -> 0.18719212 | Z3: =INDEX('Emission Stepwise'!$H$2:$H$289,MATCH(25&"|"&$A3,'Emission Stepwise'!$C$2:$C$289,0)) -> 0.0098522167 | AA3: =INDEX('Emission Stepwise'!$H$2:$H$289,MATCH(26&"|"&$A3,'Emission Stepwise'!$C$2:$C$289,0)) -> 0.4137931 | AB3: =INDEX('Emission Stepwise'!$H$2:$H$289,MATCH(27&"|"&$A3,'Emission Stepwise'!$C$2:$C$289,0)) -> 0.12315271 | AC3: =INDEX('Emission Stepwise'!$H$2:$H$289,MATCH(28&"|"&$A3,'Emission Stepwise'!$C$2:$C$289,0)) -> 0.12315271 | AD3: =INDEX('Emission Stepwise'!$H$2:$H$289,MATCH(29&"|"&$A3,'Emission Stepwise'!$C$2:$C$289,0)) -> 0.16256158 | AE3: =INDEX('Emission Stepwise'!$H$2:$H$289,MATCH(30&"|"&$A3,'Emission Stepwise'!$C$2:$C$289,0)) -> 0.0049261084 | AF3: =INDEX('Emission Stepwise'!$H$2:$H$289,MATCH(31&"|"&$A3,'Emission Stepwise'!$C$2:$C$289,0)) -> 0.27093596 | AG3: =INDEX('Emission Stepwise'!$H$2:$H$289,MATCH(32&"|"&$A3,'Emission Stepwise'!$C$2:$C$289,0)) -> 0.034482759 | AH3: =INDEX('Emission Stepwise'!$H$2:$H$289,MATCH(33&"|"&$A3,'Emission Stepwise'!$C$2:$C$289,0)) -> 0.0098522167 | AI3: =INDEX('Emission Stepwise'!$H$2:$H$289,MATCH(34&"|"&$A3,'Emission Stepwise'!$C$2:$C$289,0)) -> 0.049261084 | AJ3: =INDEX('Emission Stepwise'!$H$2:$H$289,MATCH(35&"|"&$A3,'Emission Stepwise'!$C$2:$C$289,0)) -> 0.30541872 | AK3: =INDEX('Emission Stepwise'!$H$2:$H$289,MATCH(36&"|"&$A3,'Emission Stepwise'!$C$2:$C$289,0)) -> 0.21674877 | AL3: =INDEX('Emission Stepwise'!$H$2:$H$289,MATCH(37&"|"&$A3,'Emission Stepwise'!$C$2:$C$289,0)) -> 0.74384236 | AM3: =INDEX('Emission Stepwise'!$H$2:$H$289,MATCH(38&"|"&$A3,'Emission Stepwise'!$C$2:$C$289,0)) -> 0.72413793 | AN3: =INDEX('Emission Stepwise'!$H$2:$H$289,MATCH(39&"|"&$A3,'Emission Stepwise'!$C$2:$C$289,0)) -> 0.093596059 | AO3: =INDEX('Emission Stepwise'!$H$2:$H$289,MATCH(40&"|"&$A3,'Emission Stepwise'!$C$2:$C$289,0)) -> 0.0098522167 | AP3: =INDEX('Emission Stepwise'!$H$2:$H$289,MATCH(41&"|"&$A3,'Emission Stepwise'!$C$2:$C$289,0)) -> 0.27093596 | AQ3: =INDEX('Emission Stepwise'!$H$2:$H$289,MATCH(42&"|"&$A3,'Emission Stepwise'!$C$2:$C$289,0)) -> 0.24137931 | AR3: =INDEX('Emission Stepwise'!$H$2:$H$289,MATCH(43&"|"&$A3,'Emission Stepwise'!$C$2:$C$289,0)) -> 0.22660099 | AS3: =INDEX('Emission Stepwise'!$H$2:$H$289,MATCH(44&"|"&$A3,'Emission Stepwise'!$C$2:$C$289,0)) -> 0.49261084 | AT3: =INDEX('Emission Stepwise'!$H$2:$H$289,MATCH(45&"|"&$A3,'Emission Stepwise'!$C$2:$C$289,0)) -> 0.07960199 | AU3: =INDEX('Emission Stepwise'!$H$2:$H$289,MATCH(46&"|"&$A3,'Emission Stepwise'!$C$2:$C$289,0)) -> 0.098837209 | AV3: =INDEX('Emission Stepwise'!$H$2:$H$289,MATCH(47&"|"&$A3,'Emission Stepwise'!$C$2:$C$289,0)) -> 0.13300493 | AW3: =INDEX('Emission Stepwise'!$H$2:$H$289,MATCH(48&"|"&$A3,'Emission Stepwise'!$C$2:$C$289,0)) -> 0.0098522167 | AX3: =INDEX('Emission Stepwise'!$H$2:$H$289,MATCH(49&"|"&$A3,'Emission Stepwise'!$C$2:$C$289,0)) -> 0.15763547 | AY3: =INDEX('Emission Stepwise'!$H$2:$H$289,MATCH(50&"|"&$A3,'Emission Stepwise'!$C$2:$C$289,0)) -> 0.1182266 | AZ3: =INDEX('Emission Stepwise'!$H$2:$H$289,MATCH(51&"|"&$A3,'Emission Stepwise'!$C$2:$C$289,0)) -> 0.14356436 | BA3: =INDEX('Emission Stepwise'!$H$2:$H$289,MATCH(52&"|"&$A3,'Emission Stepwise'!$C$2:$C$289,0)) -> 0.13300493 | BB3: =INDEX('Emission Stepwise'!$H$2:$H$289,MATCH(53&"|"&$A3,'Emission Stepwise'!$C$2:$C$289,0)) -> 0.0098522167 | BC3: =INDEX('Emission Stepwise'!$H$2:$H$289,MATCH(54&"|"&$A3,'Emission Stepwise'!$C$2:$C$289,0)) -> 0.014778325 | BD3: =INDEX('Emission Stepwise'!$H$2:$H$289,MATCH(55&"|"&$A3,'Emission Stepwise'!$C$2:$C$289,0)) -> 0.0098522167 | BE3: =INDEX('Emission Stepwise'!$H$2:$H$289,MATCH(56&"|"&$A3,'Emission Stepwise'!$C$2:$C$289,0)) -> 0.014778325 | BF3: =INDEX('Emission Stepwise'!$H$2:$H$289,MATCH(57&"|"&$A3,'Emission Stepwise'!$C$2:$C$289,0)) -> 0.38118812 | BG3: =INDEX('Emission Stepwise'!$H$2:$H$289,MATCH(58&"|"&$A3,'Emission Stepwise'!$C$2:$C$289,0)) -> 0.97536946 | BH3: =INDEX('Emission Stepwise'!$H$2:$H$289,MATCH(59&"|"&$A3,'Emission Stepwise'!$C$2:$C$289,0)) -> 0.45320197 | BI3: =INDEX('Emission Stepwise'!$H$2:$H$289,MATCH(60&"|"&$A3,'Emission Stepwise'!$C$2:$C$289,0)) -> 0.0098522167 | BJ3: =INDEX('Emission Stepwise'!$H$2:$H$289,MATCH(61&"|"&$A3,'Emission Stepwise'!$C$2:$C$289,0)) -> 0.0049261084 | BK3: =INDEX('Emission Stepwise'!$H$2:$H$289,MATCH(62&"|"&$A3,'Emission Stepwise'!$C$2:$C$289,0)) -> 0.019704433 | BL3: =INDEX('Emission Stepwise'!$H$2:$H$289,MATCH(63&"|"&$A3,'Emission Stepwise'!$C$2:$C$289,0)) -> 0.11330049 | BM3: =INDEX('Emission Stepwise'!$H$2:$H$289,MATCH(64&"|"&$A3,'Emission Stepwise'!$C$2:$C$289,0)) -> 0.16256158 | BN3: =INDEX('Emission Stepwise'!$H$2:$H$289,MATCH(65&"|"&$A3,'Emission Stepwise'!$C$2:$C$289,0)) -> 0.04950495 | BO3: =INDEX('Emission Stepwise'!$H$2:$H$289,MATCH(66&"|"&$A3,'Emission Stepwise'!$C$2:$C$289,0)) -> 0.21674877 | BP3: =INDEX('Emission Stepwise'!$H$2:$H$289,MATCH(67&"|"&$A3,'Emission Stepwise'!$C$2:$C$289,0)) -> 0.20689655 | BQ3: =INDEX('Emission Stepwise'!$H$2:$H$289,MATCH(68&"|"&$A3,'Emission Stepwise'!$C$2:$C$289,0)) -> 0.078817734 | BR3: =INDEX('Emission Stepwise'!$H$2:$H$289,MATCH(69&"|"&$A3,'Emission Stepwise'!$C$2:$C$289,0)) -> 0.12807882 | BS3: =INDEX('Emission Stepwise'!$H$2:$H$289,MATCH(70&"|"&$A3,'Emission Stepwise'!$C$2:$C$289,0)) -> 0.1182266 | BT3: =INDEX('Emission Stepwise'!$H$2:$H$289,MATCH(71&"|"&$A3,'Emission Stepwise'!$C$2:$C$289,0)) -> 0.02955665 | BU3: =INDEX('Emission Stepwise'!$H$2:$H$289,MATCH(72&"|"&$A3,'Emission Stepwise'!$C$2:$C$289,0)) -> 0.083743842
A4: C | B4: =INDEX('Emission Stepwise'!$H$2:$H$289,MATCH(1&"|"&$A4,'Emission Stepwise'!$C$2:$C$289,0)) -> 0.10837438 | C4: =INDEX('Emission Stepwise'!$H$2:$H$289,MATCH(2&"|"&$A4,'Emission Stepwise'!$C$2:$C$289,0)) -> 0.408867 | D4: =INDEX('Emission Stepwise'!$H$2:$H$289,MATCH(3&"|"&$A4,'Emission Stepwise'!$C$2:$C$289,0)) -> 0.38423645 | E4: =INDEX('Emission Stepwise'!$H$2:$H$289,MATCH(4&"|"&$A4,'Emission Stepwise'!$C$2:$C$289,0)) -> 0.30541872 | F4: =INDEX('Emission Stepwise'!$H$2:$H$289,MATCH(5&"|"&$A4,'Emission Stepwise'!$C$2:$C$289,0)) -> 0.39408867 | G4: =INDEX('Emission Stepwise'!$H$2:$H$289,MATCH(6&"|"&$A4,'Emission Stepwise'!$C$2:$C$289,0)) -> 0.32512315 | H4: =INDEX('Emission Stepwise'!$H$2:$H$289,MATCH(7&"|"&$A4,'Emission Stepwise'!$C$2:$C$289,0)) -> 0.019704433 | I4: =INDEX('Emission Stepwise'!$H$2:$H$289,MATCH(8&"|"&$A4,'Emission Stepwise'!$C$2:$C$289,0)) -> 0.0049261084 | J4: =INDEX('Emission Stepwise'!$H$2:$H$289,MATCH(9&"|"&$A4,'Emission Stepwise'!$C$2:$C$289,0)) -> 0.03960396 | K4: =INDEX('Emission Stepwise'!$H$2:$H$289,MATCH(10&"|"&$A4,'Emission Stepwise'!$C$2:$C$289,0)) -> 0.044334975 | L4: =INDEX('Emission Stepwise'!$H$2:$H$289,MATCH(11&"|"&$A4,'Emission Stepwise'!$C$2:$C$289,0)) -> 0.72413793 | M4: =INDEX('Emission Stepwise'!$H$2:$H$289,MATCH(12&"|"&$A4,'Emission Stepwise'!$C$2:$C$289,0)) -> 0.14778325 | N4: =INDEX('Emission Stepwise'!$H$2:$H$289,MATCH(13&"|"&$A4,'Emission Stepwise'!$C$2:$C$289,0)) -> 0.64039409 | O4: =INDEX('Emission Stepwise'!$H$2:$H$289,MATCH(14&"|"&$A4,'Emission Stepwise'!$C$2:$C$289,0)) -> 0.0098522167 | P4: =INDEX('Emission Stepwise'!$H$2:$H$289,MATCH(15&"|"&$A4,'Emission Stepwise'!$C$2:$C$289,0)) -> 0.014851485 | Q4: =INDEX('Emission Stepwise'!$H$2:$H$289,MATCH(16&"|"&$A4,'Emission Stepwise'!$C$2:$C$289,0)) -> 0.35294118 | R4: =INDEX('Emission Stepwise'!$H$2:$H$289,MATCH(17&"|"&$A4,'Emission Stepwise'!$C$2:$C$289,0)) -> 0.32 | S4: =INDEX('Emission Stepwise'!$H$2:$H$289,MATCH(18&"|"&$A4,'Emission Stepwise'!$C$2:$C$289,0)) -> 0.0049261084 | T4: =INDEX('Emission Stepwise'!$H$2:$H$289,MATCH(19&"|"&$A4,'Emission Stepwise'!$C$2:$C$289,0)) -> 0.0049261084 | U4: =INDEX('Emission Stepwise'!$H$2:$H$289,MATCH(20&"|"&$A4,'Emission Stepwise'!$C$2:$C$289,0)) -> 0.22772277 | V4: =INDEX('Emission Stepwise'!$H$2:$H$289,MATCH(21&"|"&$A4,'Emission Stepwise'!$C$2:$C$289,0)) -> 0.024630542 | W4: =INDEX('Emission Stepwise'!$H$2:$H$289,MATCH(22&"|"&$A4,'Emission Stepwise'!$C$2:$C$289,0)) -> 0.0049261084 | X4: =INDEX('Emission Stepwise'!$H$2:$H$289,MATCH(23&"|"&$A4,'Emission Stepwise'!$C$2:$C$289,0)) -> 0.19211823 | Y4: =INDEX('Emission Stepwise'!$H$2:$H$289,MATCH(24&"|"&$A4,'Emission Stepwise'!$C$2:$C$289,0)) -> 0.034482759 | Z4: =INDEX('Emission Stepwise'!$H$2:$H$289,MATCH(25&"|"&$A4,'Emission Stepwise'!$C$2:$C$289,0)) -> 0.87684729 | AA4: =INDEX('Emission Stepwise'!$H$2:$H$289,MATCH(26&"|"&$A4,'Emission Stepwise'!$C$2:$C$289,0)) -> 0.02955665 | AB4: =INDEX('Emission Stepwise'!$H$2:$H$289,MATCH(27&"|"&$A4,'Emission Stepwise'!$C$2:$C$289,0)) -> 0.46305419 | AC4: =INDEX('Emission Stepwise'!$H$2:$H$289,MATCH(28&"|"&$A4,'Emission Stepwise'!$C$2:$C$289,0)) -> 0.51231527 | AD4: =INDEX('Emission Stepwise'!$H$2:$H$289,MATCH(29&"|"&$A4,'Emission Stepwise'!$C$2:$C$289,0)) -> 0.1773399 | AE4: =INDEX('Emission Stepwise'!$H$2:$H$289,MATCH(30&"|"&$A4,'Emission Stepwise'!$C$2:$C$289,0)) -> 0.21182266 | AF4: =INDEX('Emission Stepwise'!$H$2:$H$289,MATCH(31&"|"&$A4,'Emission Stepwise'!$C$2:$C$289,0)) -> 0.35960591 | AG4: =INDEX('Emission Stepwise'!$H$2:$H$289,MATCH(32&"|"&$A4,'Emission Stepwise'!$C$2:$C$289,0)) -> 0.66502463 | AH4: =INDEX('Emission Stepwise'!$H$2:$H$289,MATCH(33&"|"&$A4,'Emission Stepwise'!$C$2:$C$289,0)) -> 0.0098522167 | AI4: =INDEX('Emission Stepwise'!$H$2:$H$289,MATCH(34&"|"&$A4,'Emission Stepwise'!$C$2:$C$289,0)) -> 0.33004926 | AJ4: =INDEX('Emission Stepwise'!$H$2:$H$289,MATCH(35&"|"&$A4,'Emission Stepwise'!$C$2:$C$289,0)) -> 0.23152709 | AK4: =INDEX('Emission Stepwise'!$H$2:$H$289,MATCH(36&"|"&$A4,'Emission Stepwise'!$C$2:$C$289,0)) -> 0.26600985 | AL4: =INDEX('Emission Stepwise'!$H$2:$H$289,MATCH(37&"|"&$A4,'Emission Stepwise'!$C$2:$C$289,0)) -> 0.0098522167 | AM4: =INDEX('Emission Stepwise'!$H$2:$H$289,MATCH(38&"|"&$A4,'Emission Stepwise'!$C$2:$C$289,0)) -> 0.14778325 | AN4: =INDEX('Emission Stepwise'!$H$2:$H$289,MATCH(39&"|"&$A4,'Emission Stepwise'!$C$2:$C$289,0)) -> 0.25123153 | AO4: =INDEX('Emission Stepwise'!$H$2:$H$289,MATCH(40&"|"&$A4,'Emission Stepwise'!$C$2:$C$289,0)) -> 0.70935961 | AP4: =INDEX('Emission Stepwise'!$H$2:$H$289,MATCH(41&"|"&$A4,'Emission Stepwise'!$C$2:$C$289,0)) -> 0.38423645 | AQ4: =INDEX('Emission Stepwise'!$H$2:$H$289,MATCH(42&"|"&$A4,'Emission Stepwise'!$C$2:$C$289,0)) -> 0.10344828 | AR4: =INDEX('Emission Stepwise'!$H$2:$H$289,MATCH(43&"|"&$A4,'Emission Stepwise'!$C$2:$C$289,0)) -> 0.1182266 | AS4: =INDEX('Emission Stepwise'!$H$2:$H$289,MATCH(44&"|"&$A4,'Emission Stepwise'!$C$2:$C$289,0)) -> 0.15763547 | AT4: =INDEX('Emission Stepwise'!$H$2:$H$289,MATCH(45&"|"&$A4,'Emission Stepwise'!$C$2:$C$289,0)) -> 0.029850746 | AU4: =INDEX('Emission Stepwise'!$H$2:$H$289,MATCH(46&"|"&$A4,'Emission Stepwise'!$C$2:$C$289,0)) -> 0.029069767 | AV4: =INDEX('Emission Stepwise'!$H$2:$H$289,MATCH(47&"|"&$A4,'Emission Stepwise'!$C$2:$C$289,0)) -> 0.1182266 | AW4: =INDEX('Emission Stepwise'!$H$2:$H$289,MATCH(48&"|"&$A4,'Emission Stepwise'!$C$2:$C$289,0)) -> 0.82758621 | AX4: =INDEX('Emission Stepwise'!$H$2:$H$289,MATCH(49&"|"&$A4,'Emission Stepwise'!$C$2:$C$289,0)) -> 0.28571429 | AY4: =INDEX('Emission Stepwise'!$H$2:$H$289,MATCH(50&"|"&$A4,'Emission Stepwise'!$C$2:$C$289,0)) -> 0.43349754 | AZ4: =INDEX('Emission Stepwise'!$H$2:$H$289,MATCH(51&"|"&$A4,'Emission Stepwise'!$C$2:$C$289,0)) -> 0.20792079 | BA4: =INDEX('Emission Stepwise'!$H$2:$H$289,MATCH(52&"|"&$A4,'Emission Stepwise'!$C$2:$C$289,0)) -> 0.014778325 | BB4: =INDEX('Emission Stepwise'!$H$2:$H$289,MATCH(53&"|"&$A4,'Emission Stepwise'!$C$2:$C$289,0)) -> 0.0098522167 | BC4: =INDEX('Emission Stepwise'!$H$2:$H$289,MATCH(54&"|"&$A4,'Emission Stepwise'!$C$2:$C$289,0)) -> 0.0049261084 | BD4: =INDEX('Emission Stepwise'!$H$2:$H$289,MATCH(55&"|"&$A4,'Emission Stepwise'!$C$2:$C$289,0)) -> 0.0098522167 | BE4: =INDEX('Emission Stepwise'!$H$2:$H$289,MATCH(56&"|"&$A4,'Emission Stepwise'!$C$2:$C$289,0)) -> 0.96551724 | BF4: =INDEX('Emission Stepwise'!$H$2:$H$289,MATCH(57&"|"&$A4,'Emission Stepwise'!$C$2:$C$289,0)) -> 0.004950495 | BG4: =INDEX('Emission Stepwise'!$H$2:$H$289,MATCH(58&"|"&$A4,'Emission Stepwise'!$C$2:$C$289,0)) -> 0.0098522167 | BH4: =INDEX('Emission Stepwise'!$H$2:$H$289,MATCH(59&"|"&$A4,'Emission Stepwise'!$C$2:$C$289,0)) -> 0.064039409 | BI4: =INDEX('Emission Stepwise'!$H$2:$H$289,MATCH(60&"|"&$A4,'Emission Stepwise'!$C$2:$C$289,0)) -> 0.20197044 | BJ4: =INDEX('Emission Stepwise'!$H$2:$H$289,MATCH(61&"|"&$A4,'Emission Stepwise'!$C$2:$C$289,0)) -> 0.97536946 | BK4: =INDEX('Emission Stepwise'!$H$2:$H$289,MATCH(62&"|"&$A4,'Emission Stepwise'!$C$2:$C$289,0)) -> 0.83251232 | BL4: =INDEX('Emission Stepwise'!$H$2:$H$289,MATCH(63&"|"&$A4,'Emission Stepwise'!$C$2:$C$289,0)) -> 0.48275862 | BM4: =INDEX('Emission Stepwise'!$H$2:$H$289,MATCH(64&"|"&$A4,'Emission Stepwise'!$C$2:$C$289,0)) -> 0.21182266 | BN4: =INDEX('Emission Stepwise'!$H$2:$H$289,MATCH(65&"|"&$A4,'Emission Stepwise'!$C$2:$C$289,0)) -> 0.31683168 | BO4: =INDEX('Emission Stepwise'!$H$2:$H$289,MATCH(66&"|"&$A4,'Emission Stepwise'!$C$2:$C$289,0)) -> 0.52216749 | BP4: =INDEX('Emission Stepwise'!$H$2:$H$289,MATCH(67&"|"&$A4,'Emission Stepwise'!$C$2:$C$289,0)) -> 0.22660099 | BQ4: =INDEX('Emission Stepwise'!$H$2:$H$289,MATCH(68&"|"&$A4,'Emission Stepwise'!$C$2:$C$289,0)) -> 0.31034483 | BR4: =INDEX('Emission Stepwise'!$H$2:$H$289,MATCH(69&"|"&$A4,'Emission Stepwise'!$C$2:$C$289,0)) -> 0.43842365 | BS4: =INDEX('Emission Stepwise'!$H$2:$H$289,MATCH(70&"|"&$A4,'Emission Stepwise'!$C$2:$C$289,0)) -> 0.3546798 | BT4: =INDEX('Emission Stepwise'!$H$2:$H$289,MATCH(71&"|"&$A4,'Emission Stepwise'!$C$2:$C$289,0)) -> 0.51231527 | BU4: =INDEX('Emission Stepwise'!$H$2:$H$289,MATCH(72&"|"&$A4,'Emission Stepwise'!$C$2:$C$289,0)) -> 0.71921182
A5: G | B5: =INDEX('Emission Stepwise'!$H$2:$H$289,MATCH(1&"|"&$A5,'Emission Stepwise'!$C$2:$C$289,0)) -> 0.75369458 | C5: =INDEX('Emission Stepwise'!$H$2:$H$289,MATCH(2&"|"&$A5,'Emission Stepwise'!$C$2:$C$289,0)) -> 0.52216749 | D5: =INDEX('Emission Stepwise'!$H$2:$H$289,MATCH(3&"|"&$A5,'Emission Stepwise'!$C$2:$C$289,0)) -> 0.42364532 | E5: =INDEX('Emission Stepwise'!$H$2:$H$289,MATCH(4&"|"&$A5,'Emission Stepwise'!$C$2:$C$289,0)) -> 0.44334975 | F5: =INDEX('Emission Stepwise'!$H$2:$H$289,MATCH(5&"|"&$A5,'Emission Stepwise'!$C$2:$C$289,0)) -> 0.34482759 | G5: =INDEX('Emission Stepwise'!$H$2:$H$289,MATCH(6&"|"&$A5,'Emission Stepwise'!$C$2:$C$289,0)) -> 0.24137931 | H5: =INDEX('Emission Stepwise'!$H$2:$H$289,MATCH(7&"|"&$A5,'Emission Stepwise'!$C$2:$C$289,0)) -> 0.52216749 | I5: =INDEX('Emission Stepwise'!$H$2:$H$289,MATCH(8&"|"&$A5,'Emission Stepwise'!$C$2:$C$289,0)) -> 0.0098522167 | J5: =INDEX('Emission Stepwise'!$H$2:$H$289,MATCH(9&"|"&$A5,'Emission Stepwise'!$C$2:$C$289,0)) -> 0.30693069 | K5: =INDEX('Emission Stepwise'!$H$2:$H$289,MATCH(10&"|"&$A5,'Emission Stepwise'!$C$2:$C$289,0)) -> 0.94581281 | L5: =INDEX('Emission Stepwise'!$H$2:$H$289,MATCH(11&"|"&$A5,'Emission Stepwise'!$C$2:$C$289,0)) -> 0.034482759 | M5: =INDEX('Emission Stepwise'!$H$2:$H$289,MATCH(12&"|"&$A5,'Emission Stepwise'!$C$2:$C$289,0)) -> 0.19211823 | N5: =INDEX('Emission Stepwise'!$H$2:$H$289,MATCH(13&"|"&$A5,'Emission Stepwise'!$C$2:$C$289,0)) -> 0.098522167 | O5: =INDEX('Emission Stepwise'!$H$2:$H$289,MATCH(14&"|"&$A5,'Emission Stepwise'!$C$2:$C$289,0)) -> 0.0098522167 | P5: =INDEX('Emission Stepwise'!$H$2:$H$289,MATCH(15&"|"&$A5,'Emission Stepwise'!$C$2:$C$289,0)) -> 0.8019802 | Q5: =INDEX('Emission Stepwise'!$H$2:$H$289,MATCH(16&"|"&$A5,'Emission Stepwise'!$C$2:$C$289,0)) -> 0.029411765 | R5: =INDEX('Emission Stepwise'!$H$2:$H$289,MATCH(17&"|"&$A5,'Emission Stepwise'!$C$2:$C$289,0)) -> 0.045 | S5: =INDEX('Emission Stepwise'!$H$2:$H$289,MATCH(18&"|"&$A5,'Emission Stepwise'!$C$2:$C$289,0)) -> 0.98029557 | T5: =INDEX('Emission Stepwise'!$H$2:$H$289,MATCH(19&"|"&$A5,'Emission Stepwise'!$C$2:$C$289,0)) -> 0.97044335 | U5: =INDEX('Emission Stepwise'!$H$2:$H$289,MATCH(20&"|"&$A5,'Emission Stepwise'!$C$2:$C$289,0)) -> 0.094059406 | V5: =INDEX('Emission Stepwise'!$H$2:$H$289,MATCH(21&"|"&$A5,'Emission Stepwise'!$C$2:$C$289,0)) -> 0.039408867 | W5: =INDEX('Emission Stepwise'!$H$2:$H$289,MATCH(22&"|"&$A5,'Emission Stepwise'!$C$2:$C$289,0)) -> 0.71428571 | X5: =INDEX('Emission Stepwise'!$H$2:$H$289,MATCH(23&"|"&$A5,'Emission Stepwise'!$C$2:$C$289,0)) -> 0.14778325 | Y5: =INDEX('Emission Stepwise'!$H$2:$H$289,MATCH(24&"|"&$A5,'Emission Stepwise'!$C$2:$C$289,0)) -> 0.73891626 | Z5: =INDEX('Emission Stepwise'!$H$2:$H$289,MATCH(25&"|"&$A5,'Emission Stepwise'!$C$2:$C$289,0)) -> 0.039408867 | AA5: =INDEX('Emission Stepwise'!$H$2:$H$289,MATCH(26&"|"&$A5,'Emission Stepwise'!$C$2:$C$289,0)) -> 0.49753695 | AB5: =INDEX('Emission Stepwise'!$H$2:$H$289,MATCH(27&"|"&$A5,'Emission Stepwise'!$C$2:$C$289,0)) -> 0.15763547 | AC5: =INDEX('Emission Stepwise'!$H$2:$H$289,MATCH(28&"|"&$A5,'Emission Stepwise'!$C$2:$C$289,0)) -> 0.11330049 | AD5: =INDEX('Emission Stepwise'!$H$2:$H$289,MATCH(29&"|"&$A5,'Emission Stepwise'!$C$2:$C$289,0)) -> 0.38423645 | AE5: =INDEX('Emission Stepwise'!$H$2:$H$289,MATCH(30&"|"&$A5,'Emission Stepwise'!$C$2:$C$289,0)) -> 0.74384236 | AF5: =INDEX('Emission Stepwise'!$H$2:$H$289,MATCH(31&"|"&$A5,'Emission Stepwise'!$C$2:$C$289,0)) -> 0.27093596 | AG5: =INDEX('Emission Stepwise'!$H$2:$H$289,MATCH(32&"|"&$A5,'Emission Stepwise'!$C$2:$C$289,0)) -> 0.0049261084 | AH5: =INDEX('Emission Stepwise'!$H$2:$H$289,MATCH(33&"|"&$A5,'Emission Stepwise'!$C$2:$C$289,0)) -> 0.0049261084 | AI5: =INDEX('Emission Stepwise'!$H$2:$H$289,MATCH(34&"|"&$A5,'Emission Stepwise'!$C$2:$C$289,0)) -> 0.33004926 | AJ5: =INDEX('Emission Stepwise'!$H$2:$H$289,MATCH(35&"|"&$A5,'Emission Stepwise'!$C$2:$C$289,0)) -> 0.25615764 | AK5: =INDEX('Emission Stepwise'!$H$2:$H$289,MATCH(36&"|"&$A5,'Emission Stepwise'!$C$2:$C$289,0)) -> 0.16256158 | AL5: =INDEX('Emission Stepwise'!$H$2:$H$289,MATCH(37&"|"&$A5,'Emission Stepwise'!$C$2:$C$289,0)) -> 0.24137931 | AM5: =INDEX('Emission Stepwise'!$H$2:$H$289,MATCH(38&"|"&$A5,'Emission Stepwise'!$C$2:$C$289,0)) -> 0.0098522167 | AN5: =INDEX('Emission Stepwise'!$H$2:$H$289,MATCH(39&"|"&$A5,'Emission Stepwise'!$C$2:$C$289,0)) -> 0.35960591 | AO5: =INDEX('Emission Stepwise'!$H$2:$H$289,MATCH(40&"|"&$A5,'Emission Stepwise'!$C$2:$C$289,0)) -> 0.2364532 | AP5: =INDEX('Emission Stepwise'!$H$2:$H$289,MATCH(41&"|"&$A5,'Emission Stepwise'!$C$2:$C$289,0)) -> 0.1773399 | AQ5: =INDEX('Emission Stepwise'!$H$2:$H$289,MATCH(42&"|"&$A5,'Emission Stepwise'!$C$2:$C$289,0)) -> 0.52216749 | AR5: =INDEX('Emission Stepwise'!$H$2:$H$289,MATCH(43&"|"&$A5,'Emission Stepwise'!$C$2:$C$289,0)) -> 0.49261084 | AS5: =INDEX('Emission Stepwise'!$H$2:$H$289,MATCH(44&"|"&$A5,'Emission Stepwise'!$C$2:$C$289,0)) -> 0.23152709 | AT5: =INDEX('Emission Stepwise'!$H$2:$H$289,MATCH(45&"|"&$A5,'Emission Stepwise'!$C$2:$C$289,0)) -> 0.74626866 | AU5: =INDEX('Emission Stepwise'!$H$2:$H$289,MATCH(46&"|"&$A5,'Emission Stepwise'!$C$2:$C$289,0)) -> 0.79651163 | AV5: =INDEX('Emission Stepwise'!$H$2:$H$289,MATCH(47&"|"&$A5,'Emission Stepwise'!$C$2:$C$289,0)) -> 0.083743842 | AW5: =INDEX('Emission Stepwise'!$H$2:$H$289,MATCH(48&"|"&$A5,'Emission Stepwise'!$C$2:$C$289,0)) -> 0.014778325 | AX5: =INDEX('Emission Stepwise'!$H$2:$H$289,MATCH(49&"|"&$A5,'Emission Stepwise'!$C$2:$C$289,0)) -> 0.49753695 | AY5: =INDEX('Emission Stepwise'!$H$2:$H$289,MATCH(50&"|"&$A5,'Emission Stepwise'!$C$2:$C$289,0)) -> 0.27093596 | AZ5: =INDEX('Emission Stepwise'!$H$2:$H$289,MATCH(51&"|"&$A5,'Emission Stepwise'!$C$2:$C$289,0)) -> 0.4950495 | BA5: =INDEX('Emission Stepwise'!$H$2:$H$289,MATCH(52&"|"&$A5,'Emission Stepwise'!$C$2:$C$289,0)) -> 0.82758621 | BB5: =INDEX('Emission Stepwise'!$H$2:$H$289,MATCH(53&"|"&$A5,'Emission Stepwise'!$C$2:$C$289,0)) -> 0.96551724 | BC5: =INDEX('Emission Stepwise'!$H$2:$H$289,MATCH(54&"|"&$A5,'Emission Stepwise'!$C$2:$C$289,0)) -> 0.0049261084 | BD5: =INDEX('Emission Stepwise'!$H$2:$H$289,MATCH(55&"|"&$A5,'Emission Stepwise'!$C$2:$C$289,0)) -> 0.0098522167 | BE5: =INDEX('Emission Stepwise'!$H$2:$H$289,MATCH(56&"|"&$A5,'Emission Stepwise'!$C$2:$C$289,0)) -> 0.0098522167 | BF5: =INDEX('Emission Stepwise'!$H$2:$H$289,MATCH(57&"|"&$A5,'Emission Stepwise'!$C$2:$C$289,0)) -> 0.6039604 | BG5: =INDEX('Emission Stepwise'!$H$2:$H$289,MATCH(58&"|"&$A5,'Emission Stepwise'!$C$2:$C$289,0)) -> 0.0049261084 | BH5: =INDEX('Emission Stepwise'!$H$2:$H$289,MATCH(59&"|"&$A5,'Emission Stepwise'!$C$2:$C$289,0)) -> 0.23152709 | BI5: =INDEX('Emission Stepwise'!$H$2:$H$289,MATCH(60&"|"&$A5,'Emission Stepwise'!$C$2:$C$289,0)) -> 0.014778325 | BJ5: =INDEX('Emission Stepwise'!$H$2:$H$289,MATCH(61&"|"&$A5,'Emission Stepwise'!$C$2:$C$289,0)) -> 0.0098522167 | BK5: =INDEX('Emission Stepwise'!$H$2:$H$289,MATCH(62&"|"&$A5,'Emission Stepwise'!$C$2:$C$289,0)) -> 0.014778325 | BL5: =INDEX('Emission Stepwise'!$H$2:$H$289,MATCH(63&"|"&$A5,'Emission Stepwise'!$C$2:$C$289,0)) -> 0.24137931 | BM5: =INDEX('Emission Stepwise'!$H$2:$H$289,MATCH(64&"|"&$A5,'Emission Stepwise'!$C$2:$C$289,0)) -> 0.45812808 | BN5: =INDEX('Emission Stepwise'!$H$2:$H$289,MATCH(65&"|"&$A5,'Emission Stepwise'!$C$2:$C$289,0)) -> 0.28712871 | BO5: =INDEX('Emission Stepwise'!$H$2:$H$289,MATCH(66&"|"&$A5,'Emission Stepwise'!$C$2:$C$289,0)) -> 0.014778325 | BP5: =INDEX('Emission Stepwise'!$H$2:$H$289,MATCH(67&"|"&$A5,'Emission Stepwise'!$C$2:$C$289,0)) -> 0.37438424 | BQ5: =INDEX('Emission Stepwise'!$H$2:$H$289,MATCH(68&"|"&$A5,'Emission Stepwise'!$C$2:$C$289,0)) -> 0.43349754 | BR5: =INDEX('Emission Stepwise'!$H$2:$H$289,MATCH(69&"|"&$A5,'Emission Stepwise'!$C$2:$C$289,0)) -> 0.34975369 | BS5: =INDEX('Emission Stepwise'!$H$2:$H$289,MATCH(70&"|"&$A5,'Emission Stepwise'!$C$2:$C$289,0)) -> 0.37438424 | BT5: =INDEX('Emission Stepwise'!$H$2:$H$289,MATCH(71&"|"&$A5,'Emission Stepwise'!$C$2:$C$289,0)) -> 0.408867 | BU5: =INDEX('Emission Stepwise'!$H$2:$H$289,MATCH(72&"|"&$A5,'Emission Stepwise'!$C$2:$C$289,0)) -> 0.088669951
A6: U | B6: =INDEX('Emission Stepwise'!$H$2:$H$289,MATCH(1&"|"&$A6,'Emission Stepwise'!$C$2:$C$289,0)) -> 0.068965517 | C6: =INDEX('Emission Stepwise'!$H$2:$H$289,MATCH(2&"|"&$A6,'Emission Stepwise'!$C$2:$C$289,0)) -> 0.034482759 | D6: =INDEX('Emission Stepwise'!$H$2:$H$289,MATCH(3&"|"&$A6,'Emission Stepwise'!$C$2:$C$289,0)) -> 0.1182266 | E6: =INDEX('Emission Stepwise'!$H$2:$H$289,MATCH(4&"|"&$A6,'Emission Stepwise'!$C$2:$C$289,0)) -> 0.17241379 | F6: =INDEX('Emission Stepwise'!$H$2:$H$289,MATCH(5&"|"&$A6,'Emission Stepwise'!$C$2:$C$289,0)) -> 0.10837438 | G6: =INDEX('Emission Stepwise'!$H$2:$H$289,MATCH(6&"|"&$A6,'Emission Stepwise'!$C$2:$C$289,0)) -> 0.26108374 | H6: =INDEX('Emission Stepwise'!$H$2:$H$289,MATCH(7&"|"&$A6,'Emission Stepwise'!$C$2:$C$289,0)) -> 0.22167488 | I6: =INDEX('Emission Stepwise'!$H$2:$H$289,MATCH(8&"|"&$A6,'Emission Stepwise'!$C$2:$C$289,0)) -> 0.97536946 | J6: =INDEX('Emission Stepwise'!$H$2:$H$289,MATCH(9&"|"&$A6,'Emission Stepwise'!$C$2:$C$289,0)) -> 0.004950495 | K6: =INDEX('Emission Stepwise'!$H$2:$H$289,MATCH(10&"|"&$A6,'Emission Stepwise'!$C$2:$C$289,0)) -> 0.0049261084 | L6: =INDEX('Emission Stepwise'!$H$2:$H$289,MATCH(11&"|"&$A6,'Emission Stepwise'!$C$2:$C$289,0)) -> 0.20197044 | M6: =INDEX('Emission Stepwise'!$H$2:$H$289,MATCH(12&"|"&$A6,'Emission Stepwise'!$C$2:$C$289,0)) -> 0.591133 | N6: =INDEX('Emission Stepwise'!$H$2:$H$289,MATCH(13&"|"&$A6,'Emission Stepwise'!$C$2:$C$289,0)) -> 0.19211823 | O6: =INDEX('Emission Stepwise'!$H$2:$H$289,MATCH(14&"|"&$A6,'Emission Stepwise'!$C$2:$C$289,0)) -> 0.0049261084 | P6: =INDEX('Emission Stepwise'!$H$2:$H$289,MATCH(15&"|"&$A6,'Emission Stepwise'!$C$2:$C$289,0)) -> 0.014851485 | Q6: =INDEX('Emission Stepwise'!$H$2:$H$289,MATCH(16&"|"&$A6,'Emission Stepwise'!$C$2:$C$289,0)) -> 0.58823529 | R6: =INDEX('Emission Stepwise'!$H$2:$H$289,MATCH(17&"|"&$A6,'Emission Stepwise'!$C$2:$C$289,0)) -> 0.57 | S6: =INDEX('Emission Stepwise'!$H$2:$H$289,MATCH(18&"|"&$A6,'Emission Stepwise'!$C$2:$C$289,0)) -> 0.0049261084 | T6: =INDEX('Emission Stepwise'!$H$2:$H$289,MATCH(19&"|"&$A6,'Emission Stepwise'!$C$2:$C$289,0)) -> 0.014778325 | U6: =INDEX('Emission Stepwise'!$H$2:$H$289,MATCH(20&"|"&$A6,'Emission Stepwise'!$C$2:$C$289,0)) -> 0.58910891 | V6: =INDEX('Emission Stepwise'!$H$2:$H$289,MATCH(21&"|"&$A6,'Emission Stepwise'!$C$2:$C$289,0)) -> 0.054187192 | W6: =INDEX('Emission Stepwise'!$H$2:$H$289,MATCH(22&"|"&$A6,'Emission Stepwise'!$C$2:$C$289,0)) -> 0.073891626 | X6: =INDEX('Emission Stepwise'!$H$2:$H$289,MATCH(23&"|"&$A6,'Emission Stepwise'!$C$2:$C$289,0)) -> 0.064039409 | Y6: =INDEX('Emission Stepwise'!$H$2:$H$289,MATCH(24&"|"&$A6,'Emission Stepwise'!$C$2:$C$289,0)) -> 0.039408867 | Z6: =INDEX('Emission Stepwise'!$H$2:$H$289,MATCH(25&"|"&$A6,'Emission Stepwise'!$C$2:$C$289,0)) -> 0.073891626 | AA6: =INDEX('Emission Stepwise'!$H$2:$H$289,MATCH(26&"|"&$A6,'Emission Stepwise'!$C$2:$C$289,0)) -> 0.0591133 | AB6: =INDEX('Emission Stepwise'!$H$2:$H$289,MATCH(27&"|"&$A6,'Emission Stepwise'!$C$2:$C$289,0)) -> 0.25615764 | AC6: =INDEX('Emission Stepwise'!$H$2:$H$289,MATCH(28&"|"&$A6,'Emission Stepwise'!$C$2:$C$289,0)) -> 0.25123153 | AD6: =INDEX('Emission Stepwise'!$H$2:$H$289,MATCH(29&"|"&$A6,'Emission Stepwise'!$C$2:$C$289,0)) -> 0.27586207 | AE6: =INDEX('Emission Stepwise'!$H$2:$H$289,MATCH(30&"|"&$A6,'Emission Stepwise'!$C$2:$C$289,0)) -> 0.039408867 | AF6: =INDEX('Emission Stepwise'!$H$2:$H$289,MATCH(31&"|"&$A6,'Emission Stepwise'!$C$2:$C$289,0)) -> 0.098522167 | AG6: =INDEX('Emission Stepwise'!$H$2:$H$289,MATCH(32&"|"&$A6,'Emission Stepwise'!$C$2:$C$289,0)) -> 0.2955665 | AH6: =INDEX('Emission Stepwise'!$H$2:$H$289,MATCH(33&"|"&$A6,'Emission Stepwise'!$C$2:$C$289,0)) -> 0.97536946 | AI6: =INDEX('Emission Stepwise'!$H$2:$H$289,MATCH(34&"|"&$A6,'Emission Stepwise'!$C$2:$C$289,0)) -> 0.29064039 | AJ6: =INDEX('Emission Stepwise'!$H$2:$H$289,MATCH(35&"|"&$A6,'Emission Stepwise'!$C$2:$C$289,0)) -> 0.20689655 | AK6: =INDEX('Emission Stepwise'!$H$2:$H$289,MATCH(36&"|"&$A6,'Emission Stepwise'!$C$2:$C$289,0)) -> 0.3546798 | AL6: =INDEX('Emission Stepwise'!$H$2:$H$289,MATCH(37&"|"&$A6,'Emission Stepwise'!$C$2:$C$289,0)) -> 0.0049261084 | AM6: =INDEX('Emission Stepwise'!$H$2:$H$289,MATCH(38&"|"&$A6,'Emission Stepwise'!$C$2:$C$289,0)) -> 0.1182266 | AN6: =INDEX('Emission Stepwise'!$H$2:$H$289,MATCH(39&"|"&$A6,'Emission Stepwise'!$C$2:$C$289,0)) -> 0.2955665 | AO6: =INDEX('Emission Stepwise'!$H$2:$H$289,MATCH(40&"|"&$A6,'Emission Stepwise'!$C$2:$C$289,0)) -> 0.044334975 | AP6: =INDEX('Emission Stepwise'!$H$2:$H$289,MATCH(41&"|"&$A6,'Emission Stepwise'!$C$2:$C$289,0)) -> 0.16748768 | AQ6: =INDEX('Emission Stepwise'!$H$2:$H$289,MATCH(42&"|"&$A6,'Emission Stepwise'!$C$2:$C$289,0)) -> 0.13300493 | AR6: =INDEX('Emission Stepwise'!$H$2:$H$289,MATCH(43&"|"&$A6,'Emission Stepwise'!$C$2:$C$289,0)) -> 0.16256158 | AS6: =INDEX('Emission Stepwise'!$H$2:$H$289,MATCH(44&"|"&$A6,'Emission Stepwise'!$C$2:$C$289,0)) -> 0.1182266 | AT6: =INDEX('Emission Stepwise'!$H$2:$H$289,MATCH(45&"|"&$A6,'Emission Stepwise'!$C$2:$C$289,0)) -> 0.14427861 | AU6: =INDEX('Emission Stepwise'!$H$2:$H$289,MATCH(46&"|"&$A6,'Emission Stepwise'!$C$2:$C$289,0)) -> 0.075581395 | AV6: =INDEX('Emission Stepwise'!$H$2:$H$289,MATCH(47&"|"&$A6,'Emission Stepwise'!$C$2:$C$289,0)) -> 0.66502463 | AW6: =INDEX('Emission Stepwise'!$H$2:$H$289,MATCH(48&"|"&$A6,'Emission Stepwise'!$C$2:$C$289,0)) -> 0.14778325 | AX6: =INDEX('Emission Stepwise'!$H$2:$H$289,MATCH(49&"|"&$A6,'Emission Stepwise'!$C$2:$C$289,0)) -> 0.0591133 | AY6: =INDEX('Emission Stepwise'!$H$2:$H$289,MATCH(50&"|"&$A6,'Emission Stepwise'!$C$2:$C$289,0)) -> 0.1773399 | AZ6: =INDEX('Emission Stepwise'!$H$2:$H$289,MATCH(51&"|"&$A6,'Emission Stepwise'!$C$2:$C$289,0)) -> 0.15346535 | BA6: =INDEX('Emission Stepwise'!$H$2:$H$289,MATCH(52&"|"&$A6,'Emission Stepwise'!$C$2:$C$289,0)) -> 0.024630542 | BB6: =INDEX('Emission Stepwise'!$H$2:$H$289,MATCH(53&"|"&$A6,'Emission Stepwise'!$C$2:$C$289,0)) -> 0.014778325 | BC6: =INDEX('Emission Stepwise'!$H$2:$H$289,MATCH(54&"|"&$A6,'Emission Stepwise'!$C$2:$C$289,0)) -> 0.97536946 | BD6: =INDEX('Emission Stepwise'!$H$2:$H$289,MATCH(55&"|"&$A6,'Emission Stepwise'!$C$2:$C$289,0)) -> 0.97044335 | BE6: =INDEX('Emission Stepwise'!$H$2:$H$289,MATCH(56&"|"&$A6,'Emission Stepwise'!$C$2:$C$289,0)) -> 0.0098522167 | BF6: =INDEX('Emission Stepwise'!$H$2:$H$289,MATCH(57&"|"&$A6,'Emission Stepwise'!$C$2:$C$289,0)) -> 0.0099009901 | BG6: =INDEX('Emission Stepwise'!$H$2:$H$289,MATCH(58&"|"&$A6,'Emission Stepwise'!$C$2:$C$289,0)) -> 0.0098522167 | BH6: =INDEX('Emission Stepwise'!$H$2:$H$289,MATCH(59&"|"&$A6,'Emission Stepwise'!$C$2:$C$289,0)) -> 0.25123153 | BI6: =INDEX('Emission Stepwise'!$H$2:$H$289,MATCH(60&"|"&$A6,'Emission Stepwise'!$C$2:$C$289,0)) -> 0.77339901 | BJ6: =INDEX('Emission Stepwise'!$H$2:$H$289,MATCH(61&"|"&$A6,'Emission Stepwise'!$C$2:$C$289,0)) -> 0.0098522167 | BK6: =INDEX('Emission Stepwise'!$H$2:$H$289,MATCH(62&"|"&$A6,'Emission Stepwise'!$C$2:$C$289,0)) -> 0.13300493 | BL6: =INDEX('Emission Stepwise'!$H$2:$H$289,MATCH(63&"|"&$A6,'Emission Stepwise'!$C$2:$C$289,0)) -> 0.16256158 | BM6: =INDEX('Emission Stepwise'!$H$2:$H$289,MATCH(64&"|"&$A6,'Emission Stepwise'!$C$2:$C$289,0)) -> 0.16748768 | BN6: =INDEX('Emission Stepwise'!$H$2:$H$289,MATCH(65&"|"&$A6,'Emission Stepwise'!$C$2:$C$289,0)) -> 0.34653465 | BO6: =INDEX('Emission Stepwise'!$H$2:$H$289,MATCH(66&"|"&$A6,'Emission Stepwise'!$C$2:$C$289,0)) -> 0.24630542 | BP6: =INDEX('Emission Stepwise'!$H$2:$H$289,MATCH(67&"|"&$A6,'Emission Stepwise'!$C$2:$C$289,0)) -> 0.19211823 | BQ6: =INDEX('Emission Stepwise'!$H$2:$H$289,MATCH(68&"|"&$A6,'Emission Stepwise'!$C$2:$C$289,0)) -> 0.1773399 | BR6: =INDEX('Emission Stepwise'!$H$2:$H$289,MATCH(69&"|"&$A6,'Emission Stepwise'!$C$2:$C$289,0)) -> 0.083743842 | BS6: =INDEX('Emission Stepwise'!$H$2:$H$289,MATCH(70&"|"&$A6,'Emission Stepwise'!$C$2:$C$289,0)) -> 0.15270936 | BT6: =INDEX('Emission Stepwise'!$H$2:$H$289,MATCH(71&"|"&$A6,'Emission Stepwise'!$C$2:$C$289,0)) -> 0.049261084 | BU6: =INDEX('Emission Stepwise'!$H$2:$H$289,MATCH(72&"|"&$A6,'Emission Stepwise'!$C$2:$C$289,0)) -> 0.10837438
A7: Column sum check | B7: =ROUND(SUM(B3:B6),9) -> 1 | C7: =ROUND(SUM(C3:C6),9) -> 1 | D7: =ROUND(SUM(D3:D6),9) -> 1 | E7: =ROUND(SUM(E3:E6),9) -> 1 | F7: =ROUND(SUM(F3:F6),9) -> 1 | G7: =ROUND(SUM(G3:G6),9) -> 1 | H7: =ROUND(SUM(H3:H6),9) -> 1 | I7: =ROUND(SUM(I3:I6),9) -> 1 | ... BU7: =ROUND(SUM(BU3:BU6),9) -> 1
A9: RAW (UNSMOOTHED) EMISSION MATRIX
A10: Base / position | B10: 1 | C10: 2 | D10: 3 | E10: 4 | F10: 5 | G10: 6 | H10: 7 | I10: 8 | J10: 9 | K10: 10 | L10: 11 | M10: 12 | N10: 13 | O10: 14 | P10: 15 | Q10: 16 | R10: 17 | S10: 18 | T10: 19 | U10: 20 | V10: 21 | W10: 22 | X10: 23 | Y10: 24 | Z10: 25 | AA10: 26 | AB10: 27 | AC10: 28 | AD10: 29 | AE10: 30 | AF10: 31 | AG10: 32 | AH10: 33 | AI10: 34 | AJ10: 35 | AK10: 36 | AL10: 37 | AM10: 38 | AN10: 39 | AO10: 40 | AP10: 41 | AQ10: 42 | AR10: 43 | AS10: 44 | AT10: 45 | AU10: 46 | AV10: 47 | AW10: 48 | AX10: 49 | AY10: 50 | AZ10: 51 | BA10: 52 | BB10: 53 | BC10: 54 | BD10: 55 | BE10: 56 | BF10: 57 | BG10: 58 | BH10: 59 | BI10: 60 | BJ10: 61 | BK10: 62 | BL10: 63 | BM10: 64 | BN10: 65 | BO10: 66 | BP10: 67 | BQ10: 68 | BR10: 69 | BS10: 70 | BT10: 71 | BU10: 72
A11: A | B11: =INDEX('Emission Stepwise'!$G$2:$G$289,MATCH(1&"|"&$A11,'Emission Stepwise'!$C$2:$C$289,0)) -> 0.065326633 | C11: =INDEX('Emission Stepwise'!$G$2:$G$289,MATCH(2&"|"&$A11,'Emission Stepwise'!$C$2:$C$289,0)) -> 0.030150754 | D11: =INDEX('Emission Stepwise'!$G$2:$G$289,MATCH(3&"|"&$A11,'Emission Stepwise'!$C$2:$C$289,0)) -> 0.070351759 | E11: =INDEX('Emission Stepwise'!$G$2:$G$289,MATCH(4&"|"&$A11,'Emission Stepwise'!$C$2:$C$289,0)) -> 0.075376884 | F11: =INDEX('Emission Stepwise'!$G$2:$G$289,MATCH(5&"|"&$A11,'Emission Stepwise'!$C$2:$C$289,0)) -> 0.15075377 | G11: =INDEX('Emission Stepwise'!$G$2:$G$289,MATCH(6&"|"&$A11,'Emission Stepwise'!$C$2:$C$289,0)) -> 0.17085427 | H11: =INDEX('Emission Stepwise'!$G$2:$G$289,MATCH(7&"|"&$A11,'Emission Stepwise'!$C$2:$C$289,0)) -> 0.2361809 | I11: =INDEX('Emission Stepwise'!$G$2:$G$289,MATCH(8&"|"&$A11,'Emission Stepwise'!$C$2:$C$289,0)) -> 0.0050251256 | J11: =INDEX('Emission Stepwise'!$G$2:$G$289,MATCH(9&"|"&$A11,'Emission Stepwise'!$C$2:$C$289,0)) -> 0.65656566 | K11: =INDEX('Emission Stepwise'!$G$2:$G$289,MATCH(10&"|"&$A11,'Emission Stepwise'!$C$2:$C$289,0)) -> 0 | L11: =INDEX('Emission Stepwise'!$G$2:$G$289,MATCH(11&"|"&$A11,'Emission Stepwise'!$C$2:$C$289,0)) -> 0.035175879 | M11: =INDEX('Emission Stepwise'!$G$2:$G$289,MATCH(12&"|"&$A11,'Emission Stepwise'!$C$2:$C$289,0)) -> 0.065326633 | N11: =INDEX('Emission Stepwise'!$G$2:$G$289,MATCH(13&"|"&$A11,'Emission Stepwise'!$C$2:$C$289,0)) -> 0.065326633 | O11: =INDEX('Emission Stepwise'!$G$2:$G$289,MATCH(14&"|"&$A11,'Emission Stepwise'!$C$2:$C$289,0)) -> 0.98994975 | P11: =INDEX('Emission Stepwise'!$G$2:$G$289,MATCH(15&"|"&$A11,'Emission Stepwise'!$C$2:$C$289,0)) -> 0.16666667 | Q11: =INDEX('Emission Stepwise'!$G$2:$G$289,MATCH(16&"|"&$A11,'Emission Stepwise'!$C$2:$C$289,0)) -> 0.022727273 | R11: =INDEX('Emission Stepwise'!$G$2:$G$289,MATCH(17&"|"&$A11,'Emission Stepwise'!$C$2:$C$289,0)) -> 0.06122449 | S11: =INDEX('Emission Stepwise'!$G$2:$G$289,MATCH(18&"|"&$A11,'Emission Stepwise'!$C$2:$C$289,0)) -> 0.0050251256 | T11: =INDEX('Emission Stepwise'!$G$2:$G$289,MATCH(19&"|"&$A11,'Emission Stepwise'!$C$2:$C$289,0)) -> 0.0050251256 | U11: =INDEX('Emission Stepwise'!$G$2:$G$289,MATCH(20&"|"&$A11,'Emission Stepwise'!$C$2:$C$289,0)) -> 0.085858586 | V11: =INDEX('Emission Stepwise'!$G$2:$G$289,MATCH(21&"|"&$A11,'Emission Stepwise'!$C$2:$C$289,0)) -> 0.89447236 | W11: =INDEX('Emission Stepwise'!$G$2:$G$289,MATCH(22&"|"&$A11,'Emission Stepwise'!$C$2:$C$289,0)) -> 0.20603015 | X11: =INDEX('Emission Stepwise'!$G$2:$G$289,MATCH(23&"|"&$A11,'Emission Stepwise'!$C$2:$C$289,0)) -> 0.60301508 | Y11: =INDEX('Emission Stepwise'!$G$2:$G$289,MATCH(24&"|"&$A11,'Emission Stepwise'!$C$2:$C$289,0)) -> 0.18592965 | Z11: =INDEX('Emission Stepwise'!$G$2:$G$289,MATCH(25&"|"&$A11,'Emission Stepwise'!$C$2:$C$289,0)) -> 0.0050251256 | AA11: =INDEX('Emission Stepwise'!$G$2:$G$289,MATCH(26&"|"&$A11,'Emission Stepwise'!$C$2:$C$289,0)) -> 0.41708543 | AB11: =INDEX('Emission Stepwise'!$G$2:$G$289,MATCH(27&"|"&$A11,'Emission Stepwise'!$C$2:$C$289,0)) -> 0.12060302 | AC11: =INDEX('Emission Stepwise'!$G$2:$G$289,MATCH(28&"|"&$A11,'Emission Stepwise'!$C$2:$C$289,0)) -> 0.12060302 | AD11: =INDEX('Emission Stepwise'!$G$2:$G$289,MATCH(29&"|"&$A11,'Emission Stepwise'!$C$2:$C$289,0)) -> 0.16080402 | AE11: =INDEX('Emission Stepwise'!$G$2:$G$289,MATCH(30&"|"&$A11,'Emission Stepwise'!$C$2:$C$289,0)) -> 0 | AF11: =INDEX('Emission Stepwise'!$G$2:$G$289,MATCH(31&"|"&$A11,'Emission Stepwise'!$C$2:$C$289,0)) -> 0.27135678 | AG11: =INDEX('Emission Stepwise'!$G$2:$G$289,MATCH(32&"|"&$A11,'Emission Stepwise'!$C$2:$C$289,0)) -> 0.030150754 | AH11: =INDEX('Emission Stepwise'!$G$2:$G$289,MATCH(33&"|"&$A11,'Emission Stepwise'!$C$2:$C$289,0)) -> 0.0050251256 | AI11: =INDEX('Emission Stepwise'!$G$2:$G$289,MATCH(34&"|"&$A11,'Emission Stepwise'!$C$2:$C$289,0)) -> 0.045226131 | AJ11: =INDEX('Emission Stepwise'!$G$2:$G$289,MATCH(35&"|"&$A11,'Emission Stepwise'!$C$2:$C$289,0)) -> 0.30653266 | AK11: =INDEX('Emission Stepwise'!$G$2:$G$289,MATCH(36&"|"&$A11,'Emission Stepwise'!$C$2:$C$289,0)) -> 0.2160804 | AL11: =INDEX('Emission Stepwise'!$G$2:$G$289,MATCH(37&"|"&$A11,'Emission Stepwise'!$C$2:$C$289,0)) -> 0.75376884 | AM11: =INDEX('Emission Stepwise'!$G$2:$G$289,MATCH(38&"|"&$A11,'Emission Stepwise'!$C$2:$C$289,0)) -> 0.73366834 | AN11: =INDEX('Emission Stepwise'!$G$2:$G$289,MATCH(39&"|"&$A11,'Emission Stepwise'!$C$2:$C$289,0)) -> 0.090452261 | AO11: =INDEX('Emission Stepwise'!$G$2:$G$289,MATCH(40&"|"&$A11,'Emission Stepwise'!$C$2:$C$289,0)) -> 0.0050251256 | AP11: =INDEX('Emission Stepwise'!$G$2:$G$289,MATCH(41&"|"&$A11,'Emission Stepwise'!$C$2:$C$289,0)) -> 0.27135678 | AQ11: =INDEX('Emission Stepwise'!$G$2:$G$289,MATCH(42&"|"&$A11,'Emission Stepwise'!$C$2:$C$289,0)) -> 0.24120603 | AR11: =INDEX('Emission Stepwise'!$G$2:$G$289,MATCH(43&"|"&$A11,'Emission Stepwise'!$C$2:$C$289,0)) -> 0.22613065 | AS11: =INDEX('Emission Stepwise'!$G$2:$G$289,MATCH(44&"|"&$A11,'Emission Stepwise'!$C$2:$C$289,0)) -> 0.49748744 | AT11: =INDEX('Emission Stepwise'!$G$2:$G$289,MATCH(45&"|"&$A11,'Emission Stepwise'!$C$2:$C$289,0)) -> 0.076142132 | AU11: =INDEX('Emission Stepwise'!$G$2:$G$289,MATCH(46&"|"&$A11,'Emission Stepwise'!$C$2:$C$289,0)) -> 0.095238095 | AV11: =INDEX('Emission Stepwise'!$G$2:$G$289,MATCH(47&"|"&$A11,'Emission Stepwise'!$C$2:$C$289,0)) -> 0.13065327 | AW11: =INDEX('Emission Stepwise'!$G$2:$G$289,MATCH(48&"|"&$A11,'Emission Stepwise'!$C$2:$C$289,0)) -> 0.0050251256 | AX11: =INDEX('Emission Stepwise'!$G$2:$G$289,MATCH(49&"|"&$A11,'Emission Stepwise'!$C$2:$C$289,0)) -> 0.15577889 | AY11: =INDEX('Emission Stepwise'!$G$2:$G$289,MATCH(50&"|"&$A11,'Emission Stepwise'!$C$2:$C$289,0)) -> 0.11557789 | AZ11: =INDEX('Emission Stepwise'!$G$2:$G$289,MATCH(51&"|"&$A11,'Emission Stepwise'!$C$2:$C$289,0)) -> 0.14141414 | BA11: =INDEX('Emission Stepwise'!$G$2:$G$289,MATCH(52&"|"&$A11,'Emission Stepwise'!$C$2:$C$289,0)) -> 0.13065327 | BB11: =INDEX('Emission Stepwise'!$G$2:$G$289,MATCH(53&"|"&$A11,'Emission Stepwise'!$C$2:$C$289,0)) -> 0.0050251256 | BC11: =INDEX('Emission Stepwise'!$G$2:$G$289,MATCH(54&"|"&$A11,'Emission Stepwise'!$C$2:$C$289,0)) -> 0.010050251 | BD11: =INDEX('Emission Stepwise'!$G$2:$G$289,MATCH(55&"|"&$A11,'Emission Stepwise'!$C$2:$C$289,0)) -> 0.0050251256 | BE11: =INDEX('Emission Stepwise'!$G$2:$G$289,MATCH(56&"|"&$A11,'Emission Stepwise'!$C$2:$C$289,0)) -> 0.010050251 | BF11: =INDEX('Emission Stepwise'!$G$2:$G$289,MATCH(57&"|"&$A11,'Emission Stepwise'!$C$2:$C$289,0)) -> 0.38383838 | BG11: =INDEX('Emission Stepwise'!$G$2:$G$289,MATCH(58&"|"&$A11,'Emission Stepwise'!$C$2:$C$289,0)) -> 0.98994975 | BH11: =INDEX('Emission Stepwise'!$G$2:$G$289,MATCH(59&"|"&$A11,'Emission Stepwise'!$C$2:$C$289,0)) -> 0.45728643 | BI11: =INDEX('Emission Stepwise'!$G$2:$G$289,MATCH(60&"|"&$A11,'Emission Stepwise'!$C$2:$C$289,0)) -> 0.0050251256 | BJ11: =INDEX('Emission Stepwise'!$G$2:$G$289,MATCH(61&"|"&$A11,'Emission Stepwise'!$C$2:$C$289,0)) -> 0 | BK11: =INDEX('Emission Stepwise'!$G$2:$G$289,MATCH(62&"|"&$A11,'Emission Stepwise'!$C$2:$C$289,0)) -> 0.015075377 | BL11: =INDEX('Emission Stepwise'!$G$2:$G$289,MATCH(63&"|"&$A11,'Emission Stepwise'!$C$2:$C$289,0)) -> 0.11055276 | BM11: =INDEX('Emission Stepwise'!$G$2:$G$289,MATCH(64&"|"&$A11,'Emission Stepwise'!$C$2:$C$289,0)) -> 0.16080402 | BN11: =INDEX('Emission Stepwise'!$G$2:$G$289,MATCH(65&"|"&$A11,'Emission Stepwise'!$C$2:$C$289,0)) -> 0.045454545 | BO11: =INDEX('Emission Stepwise'!$G$2:$G$289,MATCH(66&"|"&$A11,'Emission Stepwise'!$C$2:$C$289,0)) -> 0.2160804 | BP11: =INDEX('Emission Stepwise'!$G$2:$G$289,MATCH(67&"|"&$A11,'Emission Stepwise'!$C$2:$C$289,0)) -> 0.20603015 | BQ11: =INDEX('Emission Stepwise'!$G$2:$G$289,MATCH(68&"|"&$A11,'Emission Stepwise'!$C$2:$C$289,0)) -> 0.075376884 | BR11: =INDEX('Emission Stepwise'!$G$2:$G$289,MATCH(69&"|"&$A11,'Emission Stepwise'!$C$2:$C$289,0)) -> 0.12562814 | BS11: =INDEX('Emission Stepwise'!$G$2:$G$289,MATCH(70&"|"&$A11,'Emission Stepwise'!$C$2:$C$289,0)) -> 0.11557789 | BT11: =INDEX('Emission Stepwise'!$G$2:$G$289,MATCH(71&"|"&$A11,'Emission Stepwise'!$C$2:$C$289,0)) -> 0.025125628 | BU11: =INDEX('Emission Stepwise'!$G$2:$G$289,MATCH(72&"|"&$A11,'Emission Stepwise'!$C$2:$C$289,0)) -> 0.08040201
A12: C | B12: =INDEX('Emission Stepwise'!$G$2:$G$289,MATCH(1&"|"&$A12,'Emission Stepwise'!$C$2:$C$289,0)) -> 0.10552764 | C12: =INDEX('Emission Stepwise'!$G$2:$G$289,MATCH(2&"|"&$A12,'Emission Stepwise'!$C$2:$C$289,0)) -> 0.4120603 | D12: =INDEX('Emission Stepwise'!$G$2:$G$289,MATCH(3&"|"&$A12,'Emission Stepwise'!$C$2:$C$289,0)) -> 0.38693467 | E12: =INDEX('Emission Stepwise'!$G$2:$G$289,MATCH(4&"|"&$A12,'Emission Stepwise'!$C$2:$C$289,0)) -> 0.30653266 | F12: =INDEX('Emission Stepwise'!$G$2:$G$289,MATCH(5&"|"&$A12,'Emission Stepwise'!$C$2:$C$289,0)) -> 0.39698492 | G12: =INDEX('Emission Stepwise'!$G$2:$G$289,MATCH(6&"|"&$A12,'Emission Stepwise'!$C$2:$C$289,0)) -> 0.32663317 | H12: =INDEX('Emission Stepwise'!$G$2:$G$289,MATCH(7&"|"&$A12,'Emission Stepwise'!$C$2:$C$289,0)) -> 0.015075377 | I12: =INDEX('Emission Stepwise'!$G$2:$G$289,MATCH(8&"|"&$A12,'Emission Stepwise'!$C$2:$C$289,0)) -> 0 | J12: =INDEX('Emission Stepwise'!$G$2:$G$289,MATCH(9&"|"&$A12,'Emission Stepwise'!$C$2:$C$289,0)) -> 0.035353535 | K12: =INDEX('Emission Stepwise'!$G$2:$G$289,MATCH(10&"|"&$A12,'Emission Stepwise'!$C$2:$C$289,0)) -> 0.040201005 | L12: =INDEX('Emission Stepwise'!$G$2:$G$289,MATCH(11&"|"&$A12,'Emission Stepwise'!$C$2:$C$289,0)) -> 0.73366834 | M12: =INDEX('Emission Stepwise'!$G$2:$G$289,MATCH(12&"|"&$A12,'Emission Stepwise'!$C$2:$C$289,0)) -> 0.14572864 | N12: =INDEX('Emission Stepwise'!$G$2:$G$289,MATCH(13&"|"&$A12,'Emission Stepwise'!$C$2:$C$289,0)) -> 0.64824121 | O12: =INDEX('Emission Stepwise'!$G$2:$G$289,MATCH(14&"|"&$A12,'Emission Stepwise'!$C$2:$C$289,0)) -> 0.0050251256 | P12: =INDEX('Emission Stepwise'!$G$2:$G$289,MATCH(15&"|"&$A12,'Emission Stepwise'!$C$2:$C$289,0)) -> 0.01010101 | Q12: =INDEX('Emission Stepwise'!$G$2:$G$289,MATCH(16&"|"&$A12,'Emission Stepwise'!$C$2:$C$289,0)) -> 0.35606061 | R12: =INDEX('Emission Stepwise'!$G$2:$G$289,MATCH(17&"|"&$A12,'Emission Stepwise'!$C$2:$C$289,0)) -> 0.32142857 | S12: =INDEX('Emission Stepwise'!$G$2:$G$289,MATCH(18&"|"&$A12,'Emission Stepwise'!$C$2:$C$289,0)) -> 0 | T12: =INDEX('Emission Stepwise'!$G$2:$G$289,MATCH(19&"|"&$A12,'Emission Stepwise'!$C$2:$C$289,0)) -> 0 | U12: =INDEX('Emission Stepwise'!$G$2:$G$289,MATCH(20&"|"&$A12,'Emission Stepwise'!$C$2:$C$289,0)) -> 0.22727273 | V12: =INDEX('Emission Stepwise'!$G$2:$G$289,MATCH(21&"|"&$A12,'Emission Stepwise'!$C$2:$C$289,0)) -> 0.020100503 | W12: =INDEX('Emission Stepwise'!$G$2:$G$289,MATCH(22&"|"&$A12,'Emission Stepwise'!$C$2:$C$289,0)) -> 0 | X12: =INDEX('Emission Stepwise'!$G$2:$G$289,MATCH(23&"|"&$A12,'Emission Stepwise'!$C$2:$C$289,0)) -> 0.19095477 | Y12: =INDEX('Emission Stepwise'!$G$2:$G$289,MATCH(24&"|"&$A12,'Emission Stepwise'!$C$2:$C$289,0)) -> 0.030150754 | Z12: =INDEX('Emission Stepwise'!$G$2:$G$289,MATCH(25&"|"&$A12,'Emission Stepwise'!$C$2:$C$289,0)) -> 0.88944724 | AA12: =INDEX('Emission Stepwise'!$G$2:$G$289,MATCH(26&"|"&$A12,'Emission Stepwise'!$C$2:$C$289,0)) -> 0.025125628 | AB12: =INDEX('Emission Stepwise'!$G$2:$G$289,MATCH(27&"|"&$A12,'Emission Stepwise'!$C$2:$C$289,0)) -> 0.46733668 | AC12: =INDEX('Emission Stepwise'!$G$2:$G$289,MATCH(28&"|"&$A12,'Emission Stepwise'!$C$2:$C$289,0)) -> 0.51758794 | AD12: =INDEX('Emission Stepwise'!$G$2:$G$289,MATCH(29&"|"&$A12,'Emission Stepwise'!$C$2:$C$289,0)) -> 0.1758794 | AE12: =INDEX('Emission Stepwise'!$G$2:$G$289,MATCH(30&"|"&$A12,'Emission Stepwise'!$C$2:$C$289,0)) -> 0.21105528 | AF12: =INDEX('Emission Stepwise'!$G$2:$G$289,MATCH(31&"|"&$A12,'Emission Stepwise'!$C$2:$C$289,0)) -> 0.36180905 | AG12: =INDEX('Emission Stepwise'!$G$2:$G$289,MATCH(32&"|"&$A12,'Emission Stepwise'!$C$2:$C$289,0)) -> 0.67336683 | AH12: =INDEX('Emission Stepwise'!$G$2:$G$289,MATCH(33&"|"&$A12,'Emission Stepwise'!$C$2:$C$289,0)) -> 0.0050251256 | AI12: =INDEX('Emission Stepwise'!$G$2:$G$289,MATCH(34&"|"&$A12,'Emission Stepwise'!$C$2:$C$289,0)) -> 0.33165829 | AJ12: =INDEX('Emission Stepwise'!$G$2:$G$289,MATCH(35&"|"&$A12,'Emission Stepwise'!$C$2:$C$289,0)) -> 0.23115578 | AK12: =INDEX('Emission Stepwise'!$G$2:$G$289,MATCH(36&"|"&$A12,'Emission Stepwise'!$C$2:$C$289,0)) -> 0.26633166 | AL12: =INDEX('Emission Stepwise'!$G$2:$G$289,MATCH(37&"|"&$A12,'Emission Stepwise'!$C$2:$C$289,0)) -> 0.0050251256 | AM12: =INDEX('Emission Stepwise'!$G$2:$G$289,MATCH(38&"|"&$A12,'Emission Stepwise'!$C$2:$C$289,0)) -> 0.14572864 | AN12: =INDEX('Emission Stepwise'!$G$2:$G$289,MATCH(39&"|"&$A12,'Emission Stepwise'!$C$2:$C$289,0)) -> 0.25125628 | AO12: =INDEX('Emission Stepwise'!$G$2:$G$289,MATCH(40&"|"&$A12,'Emission Stepwise'!$C$2:$C$289,0)) -> 0.71859296 | AP12: =INDEX('Emission Stepwise'!$G$2:$G$289,MATCH(41&"|"&$A12,'Emission Stepwise'!$C$2:$C$289,0)) -> 0.38693467 | AQ12: =INDEX('Emission Stepwise'!$G$2:$G$289,MATCH(42&"|"&$A12,'Emission Stepwise'!$C$2:$C$289,0)) -> 0.10050251 | AR12: =INDEX('Emission Stepwise'!$G$2:$G$289,MATCH(43&"|"&$A12,'Emission Stepwise'!$C$2:$C$289,0)) -> 0.11557789 | AS12: =INDEX('Emission Stepwise'!$G$2:$G$289,MATCH(44&"|"&$A12,'Emission Stepwise'!$C$2:$C$289,0)) -> 0.15577889 | AT12: =INDEX('Emission Stepwise'!$G$2:$G$289,MATCH(45&"|"&$A12,'Emission Stepwise'!$C$2:$C$289,0)) -> 0.025380711 | AU12: =INDEX('Emission Stepwise'!$G$2:$G$289,MATCH(46&"|"&$A12,'Emission Stepwise'!$C$2:$C$289,0)) -> 0.023809524 | AV12: =INDEX('Emission Stepwise'!$G$2:$G$289,MATCH(47&"|"&$A12,'Emission Stepwise'!$C$2:$C$289,0)) -> 0.11557789 | AW12: =INDEX('Emission Stepwise'!$G$2:$G$289,MATCH(48&"|"&$A12,'Emission Stepwise'!$C$2:$C$289,0)) -> 0.83919598 | AX12: =INDEX('Emission Stepwise'!$G$2:$G$289,MATCH(49&"|"&$A12,'Emission Stepwise'!$C$2:$C$289,0)) -> 0.28643216 | AY12: =INDEX('Emission Stepwise'!$G$2:$G$289,MATCH(50&"|"&$A12,'Emission Stepwise'!$C$2:$C$289,0)) -> 0.43718593 | AZ12: =INDEX('Emission Stepwise'!$G$2:$G$289,MATCH(51&"|"&$A12,'Emission Stepwise'!$C$2:$C$289,0)) -> 0.20707071 | BA12: =INDEX('Emission Stepwise'!$G$2:$G$289,MATCH(52&"|"&$A12,'Emission Stepwise'!$C$2:$C$289,0)) -> 0.010050251 | BB12: =INDEX('Emission Stepwise'!$G$2:$G$289,MATCH(53&"|"&$A12,'Emission Stepwise'!$C$2:$C$289,0)) -> 0.0050251256 | BC12: =INDEX('Emission Stepwise'!$G$2:$G$289,MATCH(54&"|"&$A12,'Emission Stepwise'!$C$2:$C$289,0)) -> 0 | BD12: =INDEX('Emission Stepwise'!$G$2:$G$289,MATCH(55&"|"&$A12,'Emission Stepwise'!$C$2:$C$289,0)) -> 0.0050251256 | BE12: =INDEX('Emission Stepwise'!$G$2:$G$289,MATCH(56&"|"&$A12,'Emission Stepwise'!$C$2:$C$289,0)) -> 0.9798995 | BF12: =INDEX('Emission Stepwise'!$G$2:$G$289,MATCH(57&"|"&$A12,'Emission Stepwise'!$C$2:$C$289,0)) -> 0 | BG12: =INDEX('Emission Stepwise'!$G$2:$G$289,MATCH(58&"|"&$A12,'Emission Stepwise'!$C$2:$C$289,0)) -> 0.0050251256 | BH12: =INDEX('Emission Stepwise'!$G$2:$G$289,MATCH(59&"|"&$A12,'Emission Stepwise'!$C$2:$C$289,0)) -> 0.060301508 | BI12: =INDEX('Emission Stepwise'!$G$2:$G$289,MATCH(60&"|"&$A12,'Emission Stepwise'!$C$2:$C$289,0)) -> 0.20100503 | BJ12: =INDEX('Emission Stepwise'!$G$2:$G$289,MATCH(61&"|"&$A12,'Emission Stepwise'!$C$2:$C$289,0)) -> 0.98994975 | BK12: =INDEX('Emission Stepwise'!$G$2:$G$289,MATCH(62&"|"&$A12,'Emission Stepwise'!$C$2:$C$289,0)) -> 0.84422111 | BL12: =INDEX('Emission Stepwise'!$G$2:$G$289,MATCH(63&"|"&$A12,'Emission Stepwise'!$C$2:$C$289,0)) -> 0.48743719 | BM12: =INDEX('Emission Stepwise'!$G$2:$G$289,MATCH(64&"|"&$A12,'Emission Stepwise'!$C$2:$C$289,0)) -> 0.21105528 | BN12: =INDEX('Emission Stepwise'!$G$2:$G$289,MATCH(65&"|"&$A12,'Emission Stepwise'!$C$2:$C$289,0)) -> 0.31818182 | BO12: =INDEX('Emission Stepwise'!$G$2:$G$289,MATCH(66&"|"&$A12,'Emission Stepwise'!$C$2:$C$289,0)) -> 0.52763819 | BP12: =INDEX('Emission Stepwise'!$G$2:$G$289,MATCH(67&"|"&$A12,'Emission Stepwise'!$C$2:$C$289,0)) -> 0.22613065 | BQ12: =INDEX('Emission Stepwise'!$G$2:$G$289,MATCH(68&"|"&$A12,'Emission Stepwise'!$C$2:$C$289,0)) -> 0.31155779 | BR12: =INDEX('Emission Stepwise'!$G$2:$G$289,MATCH(69&"|"&$A12,'Emission Stepwise'!$C$2:$C$289,0)) -> 0.44221106 | BS12: =INDEX('Emission Stepwise'!$G$2:$G$289,MATCH(70&"|"&$A12,'Emission Stepwise'!$C$2:$C$289,0)) -> 0.35678392 | BT12: =INDEX('Emission Stepwise'!$G$2:$G$289,MATCH(71&"|"&$A12,'Emission Stepwise'!$C$2:$C$289,0)) -> 0.51758794 | BU12: =INDEX('Emission Stepwise'!$G$2:$G$289,MATCH(72&"|"&$A12,'Emission Stepwise'!$C$2:$C$289,0)) -> 0.72864322
A13: G | B13: =INDEX('Emission Stepwise'!$G$2:$G$289,MATCH(1&"|"&$A13,'Emission Stepwise'!$C$2:$C$289,0)) -> 0.7638191 | C13: =INDEX('Emission Stepwise'!$G$2:$G$289,MATCH(2&"|"&$A13,'Emission Stepwise'!$C$2:$C$289,0)) -> 0.52763819 | D13: =INDEX('Emission Stepwise'!$G$2:$G$289,MATCH(3&"|"&$A13,'Emission Stepwise'!$C$2:$C$289,0)) -> 0.42713568 | E13: =INDEX('Emission Stepwise'!$G$2:$G$289,MATCH(4&"|"&$A13,'Emission Stepwise'!$C$2:$C$289,0)) -> 0.44723618 | F13: =INDEX('Emission Stepwise'!$G$2:$G$289,MATCH(5&"|"&$A13,'Emission Stepwise'!$C$2:$C$289,0)) -> 0.34673367 | G13: =INDEX('Emission Stepwise'!$G$2:$G$289,MATCH(6&"|"&$A13,'Emission Stepwise'!$C$2:$C$289,0)) -> 0.24120603 | H13: =INDEX('Emission Stepwise'!$G$2:$G$289,MATCH(7&"|"&$A13,'Emission Stepwise'!$C$2:$C$289,0)) -> 0.52763819 | I13: =INDEX('Emission Stepwise'!$G$2:$G$289,MATCH(8&"|"&$A13,'Emission Stepwise'!$C$2:$C$289,0)) -> 0.0050251256 | J13: =INDEX('Emission Stepwise'!$G$2:$G$289,MATCH(9&"|"&$A13,'Emission Stepwise'!$C$2:$C$289,0)) -> 0.30808081 | K13: =INDEX('Emission Stepwise'!$G$2:$G$289,MATCH(10&"|"&$A13,'Emission Stepwise'!$C$2:$C$289,0)) -> 0.95979899 | L13: =INDEX('Emission Stepwise'!$G$2:$G$289,MATCH(11&"|"&$A13,'Emission Stepwise'!$C$2:$C$289,0)) -> 0.030150754 | M13: =INDEX('Emission Stepwise'!$G$2:$G$289,MATCH(12&"|"&$A13,'Emission Stepwise'!$C$2:$C$289,0)) -> 0.19095477 | N13: =INDEX('Emission Stepwise'!$G$2:$G$289,MATCH(13&"|"&$A13,'Emission Stepwise'!$C$2:$C$289,0)) -> 0.095477387 | O13: =INDEX('Emission Stepwise'!$G$2:$G$289,MATCH(14&"|"&$A13,'Emission Stepwise'!$C$2:$C$289,0)) -> 0.0050251256 | P13: =INDEX('Emission Stepwise'!$G$2:$G$289,MATCH(15&"|"&$A13,'Emission Stepwise'!$C$2:$C$289,0)) -> 0.81313131 | Q13: =INDEX('Emission Stepwise'!$G$2:$G$289,MATCH(16&"|"&$A13,'Emission Stepwise'!$C$2:$C$289,0)) -> 0.022727273 | R13: =INDEX('Emission Stepwise'!$G$2:$G$289,MATCH(17&"|"&$A13,'Emission Stepwise'!$C$2:$C$289,0)) -> 0.040816327 | S13: =INDEX('Emission Stepwise'!$G$2:$G$289,MATCH(18&"|"&$A13,'Emission Stepwise'!$C$2:$C$289,0)) -> 0.99497487 | T13: =INDEX('Emission Stepwise'!$G$2:$G$289,MATCH(19&"|"&$A13,'Emission Stepwise'!$C$2:$C$289,0)) -> 0.98492462 | U13: =INDEX('Emission Stepwise'!$G$2:$G$289,MATCH(20&"|"&$A13,'Emission Stepwise'!$C$2:$C$289,0)) -> 0.090909091 | V13: =INDEX('Emission Stepwise'!$G$2:$G$289,MATCH(21&"|"&$A13,'Emission Stepwise'!$C$2:$C$289,0)) -> 0.035175879 | W13: =INDEX('Emission Stepwise'!$G$2:$G$289,MATCH(22&"|"&$A13,'Emission Stepwise'!$C$2:$C$289,0)) -> 0.72361809 | X13: =INDEX('Emission Stepwise'!$G$2:$G$289,MATCH(23&"|"&$A13,'Emission Stepwise'!$C$2:$C$289,0)) -> 0.14572864 | Y13: =INDEX('Emission Stepwise'!$G$2:$G$289,MATCH(24&"|"&$A13,'Emission Stepwise'!$C$2:$C$289,0)) -> 0.74874372 | Z13: =INDEX('Emission Stepwise'!$G$2:$G$289,MATCH(25&"|"&$A13,'Emission Stepwise'!$C$2:$C$289,0)) -> 0.035175879 | AA13: =INDEX('Emission Stepwise'!$G$2:$G$289,MATCH(26&"|"&$A13,'Emission Stepwise'!$C$2:$C$289,0)) -> 0.50251256 | AB13: =INDEX('Emission Stepwise'!$G$2:$G$289,MATCH(27&"|"&$A13,'Emission Stepwise'!$C$2:$C$289,0)) -> 0.15577889 | AC13: =INDEX('Emission Stepwise'!$G$2:$G$289,MATCH(28&"|"&$A13,'Emission Stepwise'!$C$2:$C$289,0)) -> 0.11055276 | AD13: =INDEX('Emission Stepwise'!$G$2:$G$289,MATCH(29&"|"&$A13,'Emission Stepwise'!$C$2:$C$289,0)) -> 0.38693467 | AE13: =INDEX('Emission Stepwise'!$G$2:$G$289,MATCH(30&"|"&$A13,'Emission Stepwise'!$C$2:$C$289,0)) -> 0.75376884 | AF13: =INDEX('Emission Stepwise'!$G$2:$G$289,MATCH(31&"|"&$A13,'Emission Stepwise'!$C$2:$C$289,0)) -> 0.27135678 | AG13: =INDEX('Emission Stepwise'!$G$2:$G$289,MATCH(32&"|"&$A13,'Emission Stepwise'!$C$2:$C$289,0)) -> 0 | AH13: =INDEX('Emission Stepwise'!$G$2:$G$289,MATCH(33&"|"&$A13,'Emission Stepwise'!$C$2:$C$289,0)) -> 0 | AI13: =INDEX('Emission Stepwise'!$G$2:$G$289,MATCH(34&"|"&$A13,'Emission Stepwise'!$C$2:$C$289,0)) -> 0.33165829 | AJ13: =INDEX('Emission Stepwise'!$G$2:$G$289,MATCH(35&"|"&$A13,'Emission Stepwise'!$C$2:$C$289,0)) -> 0.25628141 | AK13: =INDEX('Emission Stepwise'!$G$2:$G$289,MATCH(36&"|"&$A13,'Emission Stepwise'!$C$2:$C$289,0)) -> 0.16080402 | AL13: =INDEX('Emission Stepwise'!$G$2:$G$289,MATCH(37&"|"&$A13,'Emission Stepwise'!$C$2:$C$289,0)) -> 0.24120603 | AM13: =INDEX('Emission Stepwise'!$G$2:$G$289,MATCH(38&"|"&$A13,'Emission Stepwise'!$C$2:$C$289,0)) -> 0.0050251256 | AN13: =INDEX('Emission Stepwise'!$G$2:$G$289,MATCH(39&"|"&$A13,'Emission Stepwise'!$C$2:$C$289,0)) -> 0.36180905 | AO13: =INDEX('Emission Stepwise'!$G$2:$G$289,MATCH(40&"|"&$A13,'Emission Stepwise'!$C$2:$C$289,0)) -> 0.2361809 | AP13: =INDEX('Emission Stepwise'!$G$2:$G$289,MATCH(41&"|"&$A13,'Emission Stepwise'!$C$2:$C$289,0)) -> 0.1758794 | AQ13: =INDEX('Emission Stepwise'!$G$2:$G$289,MATCH(42&"|"&$A13,'Emission Stepwise'!$C$2:$C$289,0)) -> 0.52763819 | AR13: =INDEX('Emission Stepwise'!$G$2:$G$289,MATCH(43&"|"&$A13,'Emission Stepwise'!$C$2:$C$289,0)) -> 0.49748744 | AS13: =INDEX('Emission Stepwise'!$G$2:$G$289,MATCH(44&"|"&$A13,'Emission Stepwise'!$C$2:$C$289,0)) -> 0.23115578 | AT13: =INDEX('Emission Stepwise'!$G$2:$G$289,MATCH(45&"|"&$A13,'Emission Stepwise'!$C$2:$C$289,0)) -> 0.75634518 | AU13: =INDEX('Emission Stepwise'!$G$2:$G$289,MATCH(46&"|"&$A13,'Emission Stepwise'!$C$2:$C$289,0)) -> 0.80952381 | AV13: =INDEX('Emission Stepwise'!$G$2:$G$289,MATCH(47&"|"&$A13,'Emission Stepwise'!$C$2:$C$289,0)) -> 0.08040201 | AW13: =INDEX('Emission Stepwise'!$G$2:$G$289,MATCH(48&"|"&$A13,'Emission Stepwise'!$C$2:$C$289,0)) -> 0.010050251 | AX13: =INDEX('Emission Stepwise'!$G$2:$G$289,MATCH(49&"|"&$A13,'Emission Stepwise'!$C$2:$C$289,0)) -> 0.50251256 | AY13: =INDEX('Emission Stepwise'!$G$2:$G$289,MATCH(50&"|"&$A13,'Emission Stepwise'!$C$2:$C$289,0)) -> 0.27135678 | AZ13: =INDEX('Emission Stepwise'!$G$2:$G$289,MATCH(51&"|"&$A13,'Emission Stepwise'!$C$2:$C$289,0)) -> 0.5 | BA13: =INDEX('Emission Stepwise'!$G$2:$G$289,MATCH(52&"|"&$A13,'Emission Stepwise'!$C$2:$C$289,0)) -> 0.83919598 | BB13: =INDEX('Emission Stepwise'!$G$2:$G$289,MATCH(53&"|"&$A13,'Emission Stepwise'!$C$2:$C$289,0)) -> 0.9798995 | BC13: =INDEX('Emission Stepwise'!$G$2:$G$289,MATCH(54&"|"&$A13,'Emission Stepwise'!$C$2:$C$289,0)) -> 0 | BD13: =INDEX('Emission Stepwise'!$G$2:$G$289,MATCH(55&"|"&$A13,'Emission Stepwise'!$C$2:$C$289,0)) -> 0.0050251256 | BE13: =INDEX('Emission Stepwise'!$G$2:$G$289,MATCH(56&"|"&$A13,'Emission Stepwise'!$C$2:$C$289,0)) -> 0.0050251256 | BF13: =INDEX('Emission Stepwise'!$G$2:$G$289,MATCH(57&"|"&$A13,'Emission Stepwise'!$C$2:$C$289,0)) -> 0.61111111 | BG13: =INDEX('Emission Stepwise'!$G$2:$G$289,MATCH(58&"|"&$A13,'Emission Stepwise'!$C$2:$C$289,0)) -> 0 | BH13: =INDEX('Emission Stepwise'!$G$2:$G$289,MATCH(59&"|"&$A13,'Emission Stepwise'!$C$2:$C$289,0)) -> 0.23115578 | BI13: =INDEX('Emission Stepwise'!$G$2:$G$289,MATCH(60&"|"&$A13,'Emission Stepwise'!$C$2:$C$289,0)) -> 0.010050251 | BJ13: =INDEX('Emission Stepwise'!$G$2:$G$289,MATCH(61&"|"&$A13,'Emission Stepwise'!$C$2:$C$289,0)) -> 0.0050251256 | BK13: =INDEX('Emission Stepwise'!$G$2:$G$289,MATCH(62&"|"&$A13,'Emission Stepwise'!$C$2:$C$289,0)) -> 0.010050251 | BL13: =INDEX('Emission Stepwise'!$G$2:$G$289,MATCH(63&"|"&$A13,'Emission Stepwise'!$C$2:$C$289,0)) -> 0.24120603 | BM13: =INDEX('Emission Stepwise'!$G$2:$G$289,MATCH(64&"|"&$A13,'Emission Stepwise'!$C$2:$C$289,0)) -> 0.46231156 | BN13: =INDEX('Emission Stepwise'!$G$2:$G$289,MATCH(65&"|"&$A13,'Emission Stepwise'!$C$2:$C$289,0)) -> 0.28787879 | BO13: =INDEX('Emission Stepwise'!$G$2:$G$289,MATCH(66&"|"&$A13,'Emission Stepwise'!$C$2:$C$289,0)) -> 0.010050251 | BP13: =INDEX('Emission Stepwise'!$G$2:$G$289,MATCH(67&"|"&$A13,'Emission Stepwise'!$C$2:$C$289,0)) -> 0.37688442 | BQ13: =INDEX('Emission Stepwise'!$G$2:$G$289,MATCH(68&"|"&$A13,'Emission Stepwise'!$C$2:$C$289,0)) -> 0.43718593 | BR13: =INDEX('Emission Stepwise'!$G$2:$G$289,MATCH(69&"|"&$A13,'Emission Stepwise'!$C$2:$C$289,0)) -> 0.35175879 | BS13: =INDEX('Emission Stepwise'!$G$2:$G$289,MATCH(70&"|"&$A13,'Emission Stepwise'!$C$2:$C$289,0)) -> 0.37688442 | BT13: =INDEX('Emission Stepwise'!$G$2:$G$289,MATCH(71&"|"&$A13,'Emission Stepwise'!$C$2:$C$289,0)) -> 0.4120603 | BU13: =INDEX('Emission Stepwise'!$G$2:$G$289,MATCH(72&"|"&$A13,'Emission Stepwise'!$C$2:$C$289,0)) -> 0.085427136
A14: U | B14: =INDEX('Emission Stepwise'!$G$2:$G$289,MATCH(1&"|"&$A14,'Emission Stepwise'!$C$2:$C$289,0)) -> 0.065326633 | C14: =INDEX('Emission Stepwise'!$G$2:$G$289,MATCH(2&"|"&$A14,'Emission Stepwise'!$C$2:$C$289,0)) -> 0.030150754 | D14: =INDEX('Emission Stepwise'!$G$2:$G$289,MATCH(3&"|"&$A14,'Emission Stepwise'!$C$2:$C$289,0)) -> 0.11557789 | E14: =INDEX('Emission Stepwise'!$G$2:$G$289,MATCH(4&"|"&$A14,'Emission Stepwise'!$C$2:$C$289,0)) -> 0.17085427 | F14: =INDEX('Emission Stepwise'!$G$2:$G$289,MATCH(5&"|"&$A14,'Emission Stepwise'!$C$2:$C$289,0)) -> 0.10552764 | G14: =INDEX('Emission Stepwise'!$G$2:$G$289,MATCH(6&"|"&$A14,'Emission Stepwise'!$C$2:$C$289,0)) -> 0.26130653 | H14: =INDEX('Emission Stepwise'!$G$2:$G$289,MATCH(7&"|"&$A14,'Emission Stepwise'!$C$2:$C$289,0)) -> 0.22110553 | I14: =INDEX('Emission Stepwise'!$G$2:$G$289,MATCH(8&"|"&$A14,'Emission Stepwise'!$C$2:$C$289,0)) -> 0.98994975 | J14: =INDEX('Emission Stepwise'!$G$2:$G$289,MATCH(9&"|"&$A14,'Emission Stepwise'!$C$2:$C$289,0)) -> 0 | K14: =INDEX('Emission Stepwise'!$G$2:$G$289,MATCH(10&"|"&$A14,'Emission Stepwise'!$C$2:$C$289,0)) -> 0 | L14: =INDEX('Emission Stepwise'!$G$2:$G$289,MATCH(11&"|"&$A14,'Emission Stepwise'!$C$2:$C$289,0)) -> 0.20100503 | M14: =INDEX('Emission Stepwise'!$G$2:$G$289,MATCH(12&"|"&$A14,'Emission Stepwise'!$C$2:$C$289,0)) -> 0.59798995 | N14: =INDEX('Emission Stepwise'!$G$2:$G$289,MATCH(13&"|"&$A14,'Emission Stepwise'!$C$2:$C$289,0)) -> 0.19095477 | O14: =INDEX('Emission Stepwise'!$G$2:$G$289,MATCH(14&"|"&$A14,'Emission Stepwise'!$C$2:$C$289,0)) -> 0 | P14: =INDEX('Emission Stepwise'!$G$2:$G$289,MATCH(15&"|"&$A14,'Emission Stepwise'!$C$2:$C$289,0)) -> 0.01010101 | Q14: =INDEX('Emission Stepwise'!$G$2:$G$289,MATCH(16&"|"&$A14,'Emission Stepwise'!$C$2:$C$289,0)) -> 0.59848485 | R14: =INDEX('Emission Stepwise'!$G$2:$G$289,MATCH(17&"|"&$A14,'Emission Stepwise'!$C$2:$C$289,0)) -> 0.57653061 | S14: =INDEX('Emission Stepwise'!$G$2:$G$289,MATCH(18&"|"&$A14,'Emission Stepwise'!$C$2:$C$289,0)) -> 0 | T14: =INDEX('Emission Stepwise'!$G$2:$G$289,MATCH(19&"|"&$A14,'Emission Stepwise'!$C$2:$C$289,0)) -> 0.010050251 | U14: =INDEX('Emission Stepwise'!$G$2:$G$289,MATCH(20&"|"&$A14,'Emission Stepwise'!$C$2:$C$289,0)) -> 0.5959596 | V14: =INDEX('Emission Stepwise'!$G$2:$G$289,MATCH(21&"|"&$A14,'Emission Stepwise'!$C$2:$C$289,0)) -> 0.050251256 | W14: =INDEX('Emission Stepwise'!$G$2:$G$289,MATCH(22&"|"&$A14,'Emission Stepwise'!$C$2:$C$289,0)) -> 0.070351759 | X14: =INDEX('Emission Stepwise'!$G$2:$G$289,MATCH(23&"|"&$A14,'Emission Stepwise'!$C$2:$C$289,0)) -> 0.060301508 | Y14: =INDEX('Emission Stepwise'!$G$2:$G$289,MATCH(24&"|"&$A14,'Emission Stepwise'!$C$2:$C$289,0)) -> 0.035175879 | Z14: =INDEX('Emission Stepwise'!$G$2:$G$289,MATCH(25&"|"&$A14,'Emission Stepwise'!$C$2:$C$289,0)) -> 0.070351759 | AA14: =INDEX('Emission Stepwise'!$G$2:$G$289,MATCH(26&"|"&$A14,'Emission Stepwise'!$C$2:$C$289,0)) -> 0.055276382 | AB14: =INDEX('Emission Stepwise'!$G$2:$G$289,MATCH(27&"|"&$A14,'Emission Stepwise'!$C$2:$C$289,0)) -> 0.25628141 | AC14: =INDEX('Emission Stepwise'!$G$2:$G$289,MATCH(28&"|"&$A14,'Emission Stepwise'!$C$2:$C$289,0)) -> 0.25125628 | AD14: =INDEX('Emission Stepwise'!$G$2:$G$289,MATCH(29&"|"&$A14,'Emission Stepwise'!$C$2:$C$289,0)) -> 0.27638191 | AE14: =INDEX('Emission Stepwise'!$G$2:$G$289,MATCH(30&"|"&$A14,'Emission Stepwise'!$C$2:$C$289,0)) -> 0.035175879 | AF14: =INDEX('Emission Stepwise'!$G$2:$G$289,MATCH(31&"|"&$A14,'Emission Stepwise'!$C$2:$C$289,0)) -> 0.095477387 | AG14: =INDEX('Emission Stepwise'!$G$2:$G$289,MATCH(32&"|"&$A14,'Emission Stepwise'!$C$2:$C$289,0)) -> 0.29648241 | AH14: =INDEX('Emission Stepwise'!$G$2:$G$289,MATCH(33&"|"&$A14,'Emission Stepwise'!$C$2:$C$289,0)) -> 0.98994975 | AI14: =INDEX('Emission Stepwise'!$G$2:$G$289,MATCH(34&"|"&$A14,'Emission Stepwise'!$C$2:$C$289,0)) -> 0.29145729 | AJ14: =INDEX('Emission Stepwise'!$G$2:$G$289,MATCH(35&"|"&$A14,'Emission Stepwise'!$C$2:$C$289,0)) -> 0.20603015 | AK14: =INDEX('Emission Stepwise'!$G$2:$G$289,MATCH(36&"|"&$A14,'Emission Stepwise'!$C$2:$C$289,0)) -> 0.35678392 | AL14: =INDEX('Emission Stepwise'!$G$2:$G$289,MATCH(37&"|"&$A14,'Emission Stepwise'!$C$2:$C$289,0)) -> 0 | AM14: =INDEX('Emission Stepwise'!$G$2:$G$289,MATCH(38&"|"&$A14,'Emission Stepwise'!$C$2:$C$289,0)) -> 0.11557789 | AN14: =INDEX('Emission Stepwise'!$G$2:$G$289,MATCH(39&"|"&$A14,'Emission Stepwise'!$C$2:$C$289,0)) -> 0.29648241 | AO14: =INDEX('Emission Stepwise'!$G$2:$G$289,MATCH(40&"|"&$A14,'Emission Stepwise'!$C$2:$C$289,0)) -> 0.040201005 | AP14: =INDEX('Emission Stepwise'!$G$2:$G$289,MATCH(41&"|"&$A14,'Emission Stepwise'!$C$2:$C$289,0)) -> 0.16582915 | AQ14: =INDEX('Emission Stepwise'!$G$2:$G$289,MATCH(42&"|"&$A14,'Emission Stepwise'!$C$2:$C$289,0)) -> 0.13065327 | AR14: =INDEX('Emission Stepwise'!$G$2:$G$289,MATCH(43&"|"&$A14,'Emission Stepwise'!$C$2:$C$289,0)) -> 0.16080402 | AS14: =INDEX('Emission Stepwise'!$G$2:$G$289,MATCH(44&"|"&$A14,'Emission Stepwise'!$C$2:$C$289,0)) -> 0.11557789 | AT14: =INDEX('Emission Stepwise'!$G$2:$G$289,MATCH(45&"|"&$A14,'Emission Stepwise'!$C$2:$C$289,0)) -> 0.14213198 | AU14: =INDEX('Emission Stepwise'!$G$2:$G$289,MATCH(46&"|"&$A14,'Emission Stepwise'!$C$2:$C$289,0)) -> 0.071428571 | AV14: =INDEX('Emission Stepwise'!$G$2:$G$289,MATCH(47&"|"&$A14,'Emission Stepwise'!$C$2:$C$289,0)) -> 0.67336683 | AW14: =INDEX('Emission Stepwise'!$G$2:$G$289,MATCH(48&"|"&$A14,'Emission Stepwise'!$C$2:$C$289,0)) -> 0.14572864 | AX14: =INDEX('Emission Stepwise'!$G$2:$G$289,MATCH(49&"|"&$A14,'Emission Stepwise'!$C$2:$C$289,0)) -> 0.055276382 | AY14: =INDEX('Emission Stepwise'!$G$2:$G$289,MATCH(50&"|"&$A14,'Emission Stepwise'!$C$2:$C$289,0)) -> 0.1758794 | AZ14: =INDEX('Emission Stepwise'!$G$2:$G$289,MATCH(51&"|"&$A14,'Emission Stepwise'!$C$2:$C$289,0)) -> 0.15151515 | BA14: =INDEX('Emission Stepwise'!$G$2:$G$289,MATCH(52&"|"&$A14,'Emission Stepwise'!$C$2:$C$289,0)) -> 0.020100503 | BB14: =INDEX('Emission Stepwise'!$G$2:$G$289,MATCH(53&"|"&$A14,'Emission Stepwise'!$C$2:$C$289,0)) -> 0.010050251 | BC14: =INDEX('Emission Stepwise'!$G$2:$G$289,MATCH(54&"|"&$A14,'Emission Stepwise'!$C$2:$C$289,0)) -> 0.98994975 | BD14: =INDEX('Emission Stepwise'!$G$2:$G$289,MATCH(55&"|"&$A14,'Emission Stepwise'!$C$2:$C$289,0)) -> 0.98492462 | BE14: =INDEX('Emission Stepwise'!$G$2:$G$289,MATCH(56&"|"&$A14,'Emission Stepwise'!$C$2:$C$289,0)) -> 0.0050251256 | BF14: =INDEX('Emission Stepwise'!$G$2:$G$289,MATCH(57&"|"&$A14,'Emission Stepwise'!$C$2:$C$289,0)) -> 0.0050505051 | BG14: =INDEX('Emission Stepwise'!$G$2:$G$289,MATCH(58&"|"&$A14,'Emission Stepwise'!$C$2:$C$289,0)) -> 0.0050251256 | BH14: =INDEX('Emission Stepwise'!$G$2:$G$289,MATCH(59&"|"&$A14,'Emission Stepwise'!$C$2:$C$289,0)) -> 0.25125628 | BI14: =INDEX('Emission Stepwise'!$G$2:$G$289,MATCH(60&"|"&$A14,'Emission Stepwise'!$C$2:$C$289,0)) -> 0.7839196 | BJ14: =INDEX('Emission Stepwise'!$G$2:$G$289,MATCH(61&"|"&$A14,'Emission Stepwise'!$C$2:$C$289,0)) -> 0.0050251256 | BK14: =INDEX('Emission Stepwise'!$G$2:$G$289,MATCH(62&"|"&$A14,'Emission Stepwise'!$C$2:$C$289,0)) -> 0.13065327 | BL14: =INDEX('Emission Stepwise'!$G$2:$G$289,MATCH(63&"|"&$A14,'Emission Stepwise'!$C$2:$C$289,0)) -> 0.16080402 | BM14: =INDEX('Emission Stepwise'!$G$2:$G$289,MATCH(64&"|"&$A14,'Emission Stepwise'!$C$2:$C$289,0)) -> 0.16582915 | BN14: =INDEX('Emission Stepwise'!$G$2:$G$289,MATCH(65&"|"&$A14,'Emission Stepwise'!$C$2:$C$289,0)) -> 0.34848485 | BO14: =INDEX('Emission Stepwise'!$G$2:$G$289,MATCH(66&"|"&$A14,'Emission Stepwise'!$C$2:$C$289,0)) -> 0.24623116 | BP14: =INDEX('Emission Stepwise'!$G$2:$G$289,MATCH(67&"|"&$A14,'Emission Stepwise'!$C$2:$C$289,0)) -> 0.19095477 | BQ14: =INDEX('Emission Stepwise'!$G$2:$G$289,MATCH(68&"|"&$A14,'Emission Stepwise'!$C$2:$C$289,0)) -> 0.1758794 | BR14: =INDEX('Emission Stepwise'!$G$2:$G$289,MATCH(69&"|"&$A14,'Emission Stepwise'!$C$2:$C$289,0)) -> 0.08040201 | BS14: =INDEX('Emission Stepwise'!$G$2:$G$289,MATCH(70&"|"&$A14,'Emission Stepwise'!$C$2:$C$289,0)) -> 0.15075377 | BT14: =INDEX('Emission Stepwise'!$G$2:$G$289,MATCH(71&"|"&$A14,'Emission Stepwise'!$C$2:$C$289,0)) -> 0.045226131 | BU14: =INDEX('Emission Stepwise'!$G$2:$G$289,MATCH(72&"|"&$A14,'Emission Stepwise'!$C$2:$C$289,0)) -> 0.10552764
A15: Column sum check | B15: =ROUND(SUM(B11:B14),9) -> 1 | C15: =ROUND(SUM(C11:C14),9) -> 1 | D15: =ROUND(SUM(D11:D14),9) -> 1 | E15: =ROUND(SUM(E11:E14),9) -> 1 | F15: =ROUND(SUM(F11:F14),9) -> 1 | G15: =ROUND(SUM(G11:G14),9) -> 1 | H15: =ROUND(SUM(H11:H14),9) -> 1 | I15: =ROUND(SUM(I11:I14),9) -> 1 | ... BU15: =ROUND(SUM(BU11:BU14),9) -> 1

Sheet Transition Stepwise
A1: Step i | B1: Step | C1: From X | D1: To Y | E1: Key | F1: Count c | G1: FROM total Cx | H1: Alpha | I1: Raw t_raw | J1: Smoothed t | K1: c+a | L1: Cx+4a | M1: Formula | N1: Row sum check
A2: 1 | B2: 1->2 | C2: A | D2: A | E2: =A2&"|"&C2&"|"&D2 -> 1|A|A | F2: 0 | G2: =SUMIFS($F$2:$F$1137,$A$2:$A$1137,A2,$C$2:$C$1137,C2) -> 13 | H2: 1 | I2: =IF(G2=0,"",F2/G2) -> 0 | J2: =K2/L2 -> 0.058823529 | K2: =F2+H2 -> 1 | L2: =G2+4*H2 -> 17 | M2: t = (c + a) / (Cx + 4a) | N2: =ROUND(SUMIFS($J$2:$J$1137,$A$2:$A$1137,A2,$C$2:$C$1137,C2),9) -> 1
A3: 1 | B3: 1->2 | C3: A | D3: C | E3: =A3&"|"&C3&"|"&D3 -> 1|A|C | F3: 1 | G3: =SUMIFS($F$2:$F$1137,$A$2:$A$1137,A3,$C$2:$C$1137,C3) -> 13 | H3: 1 | I3: =IF(G3=0,"",F3/G3) -> 0.076923077 | J3: =K3/L3 -> 0.11764706 | K3: =F3+H3 -> 2 | L3: =G3+4*H3 -> 17 | M3: t = (c + a) / (Cx + 4a) | N3: =ROUND(SUMIFS($J$2:$J$1137,$A$2:$A$1137,A3,$C$2:$C$1137,C3),9) -> 1
A4: 1 | B4: 1->2 | C4: A | D4: G | E4: =A4&"|"&C4&"|"&D4 -> 1|A|G | F4: 12 | G4: =SUMIFS($F$2:$F$1137,$A$2:$A$1137,A4,$C$2:$C$1137,C4) -> 13 | H4: 1 | I4: =IF(G4=0,"",F4/G4) -> 0.92307692 | J4: =K4/L4 -> 0.76470588 | K4: =F4+H4 -> 13 | L4: =G4+4*H4 -> 17 | M4: t = (c + a) / (Cx + 4a) | N4: =ROUND(SUMIFS($J$2:$J$1137,$A$2:$A$1137,A4,$C$2:$C$1137,C4),9) -> 1
A5: 1 | B5: 1->2 | C5: A | D5: U | E5: =A5&"|"&C5&"|"&D5 -> 1|A|U | F5: 0 | G5: =SUMIFS($F$2:$F$1137,$A$2:$A$1137,A5,$C$2:$C$1137,C5) -> 13 | H5: 1 | I5: =IF(G5=0,"",F5/G5) -> 0 | J5: =K5/L5 -> 0.058823529 | K5: =F5+H5 -> 1 | L5: =G5+4*H5 -> 17 | M5: t = (c + a) / (Cx + 4a) | N5: =ROUND(SUMIFS($J$2:$J$1137,$A$2:$A$1137,A5,$C$2:$C$1137,C5),9) -> 1
A6: 1 | B6: 1->2 | C6: C | D6: A | E6: =A6&"|"&C6&"|"&D6 -> 1|C|A | F6: 0 | G6: =SUMIFS($F$2:$F$1137,$A$2:$A$1137,A6,$C$2:$C$1137,C6) -> 21 | H6: 1 | I6: =IF(G6=0,"",F6/G6) -> 0 | J6: =K6/L6 -> 0.04 | K6: =F6+H6 -> 1 | L6: =G6+4*H6 -> 25 | M6: t = (c + a) / (Cx + 4a) | N6: =ROUND(SUMIFS($J$2:$J$1137,$A$2:$A$1137,A6,$C$2:$C$1137,C6),9) -> 1
A7: 1 | B7: 1->2 | C7: C | D7: C | E7: =A7&"|"&C7&"|"&D7 -> 1|C|C | F7: 4 | G7: =SUMIFS($F$2:$F$1137,$A$2:$A$1137,A7,$C$2:$C$1137,C7) -> 21 | H7: 1 | I7: =IF(G7=0,"",F7/G7) -> 0.19047619 | J7: =K7/L7 -> 0.2 | K7: =F7+H7 -> 5 | L7: =G7+4*H7 -> 25 | M7: t = (c + a) / (Cx + 4a) | N7: =ROUND(SUMIFS($J$2:$J$1137,$A$2:$A$1137,A7,$C$2:$C$1137,C7),9) -> 1
A8: 1 | B8: 1->2 | C8: C | D8: G | E8: =A8&"|"&C8&"|"&D8 -> 1|C|G | F8: 16 | G8: =SUMIFS($F$2:$F$1137,$A$2:$A$1137,A8,$C$2:$C$1137,C8) -> 21 | H8: 1 | I8: =IF(G8=0,"",F8/G8) -> 0.76190476 | J8: =K8/L8 -> 0.68 | K8: =F8+H8 -> 17 | L8: =G8+4*H8 -> 25 | M8: t = (c + a) / (Cx + 4a) | N8: =ROUND(SUMIFS($J$2:$J$1137,$A$2:$A$1137,A8,$C$2:$C$1137,C8),9) -> 1
A9: 1 | B9: 1->2 | C9: C | D9: U | E9: =A9&"|"&C9&"|"&D9 -> 1|C|U | F9: 1 | G9: =SUMIFS($F$2:$F$1137,$A$2:$A$1137,A9,$C$2:$C$1137,C9) -> 21 | H9: 1 | I9: =IF(G9=0,"",F9/G9) -> 0.047619048 | J9: =K9/L9 -> 0.08 | K9: =F9+H9 -> 2 | L9: =G9+4*H9 -> 25 | M9: t = (c + a) / (Cx + 4a) | N9: =ROUND(SUMIFS($J$2:$J$1137,$A$2:$A$1137,A9,$C$2:$C$1137,C9),9) -> 1
A10: 1 | B10: 1->2 | C10: G | D10: A | E10: =A10&"|"&C10&"|"&D10 -> 1|G|A | F10: 6 | G10: =SUMIFS($F$2:$F$1137,$A$2:$A$1137,A10,$C$2:$C$1137,C10) -> 152 | H10: 1 | I10: =IF(G10=0,"",F10/G10) -> 0.039473684 | J10: =K10/L10 -> 0.044871795 | K10: =F10+H10 -> 7 | L10: =G10+4*H10 -> 156 | M10: t = (c + a) / (Cx + 4a) | N10: =ROUND(SUMIFS($J$2:$J$1137,$A$2:$A$1137,A10,$C$2:$C$1137,C10),9) -> 1
A11: 1 | B11: 1->2 | C11: G | D11: C | E11: =A11&"|"&C11&"|"&D11 -> 1|G|C | F11: 68 | G11: =SUMIFS($F$2:$F$1137,$A$2:$A$1137,A11,$C$2:$C$1137,C11) -> 152 | H11: 1 | I11: =IF(G11=0,"",F11/G11) -> 0.44736842 | J11: =K11/L11 -> 0.44230769 | K11: =F11+H11 -> 69 | L11: =G11+4*H11 -> 156 | M11: t = (c + a) / (Cx + 4a) | N11: =ROUND(SUMIFS($J$2:$J$1137,$A$2:$A$1137,A11,$C$2:$C$1137,C11),9) -> 1
A12: 1 | B12: 1->2 | C12: G | D12: G | E12: =A12&"|"&C12&"|"&D12 -> 1|G|G | F12: 73 | G12: =SUMIFS($F$2:$F$1137,$A$2:$A$1137,A12,$C$2:$C$1137,C12) -> 152 | H12: 1 | I12: =IF(G12=0,"",F12/G12) -> 0.48026316 | J12: =K12/L12 -> 0.47435897 | K12: =F12+H12 -> 74 | L12: =G12+4*H12 -> 156 | M12: t = (c + a) / (Cx + 4a) | N12: =ROUND(SUMIFS($J$2:$J$1137,$A$2:$A$1137,A12,$C$2:$C$1137,C12),9) -> 1
A13: 1 | B13: 1->2 | C13: G | D13: U | E13: =A13&"|"&C13&"|"&D13 -> 1|G|U | F13: 5 | G13: =SUMIFS($F$2:$F$1137,$A$2:$A$1137,A13,$C$2:$C$1137,C13) -> 152 | H13: 1 | I13: =IF(G13=0,"",F13/G13) -> 0.032894737 | J13: =K13/L13 -> 0.038461538 | K13: =F13+H13 -> 6 | L13: =G13+4*H13 -> 156 | M13: t = (c + a) / (Cx + 4a) | N13: =ROUND(SUMIFS($J$2:$J$1137,$A$2:$A$1137,A13,$C$2:$C$1137,C13),9) -> 1
... A1137: 71 | B1137: 71->72 | C1137: U | D1137: U | E1137: =A1137&"|"&C1137&"|"&D1137 -> 71|U|U | F1137: 0 | G1137: =SUMIFS($F$2:$F$1137,$A$2:$A$1137,A1137,$C$2:$C$1137,C1137) -> 9 | H1137: 1 | I1137: =IF(G1137=0,"",F1137/G1137) -> 0 | J1137: =K1137/L1137 -> 0.076923077 | K1137: =F1137+H1137 -> 1 | L1137: =G1137+4*H1137 -> 13 | M1137: t = (c + a) / (Cx + 4a) | N1137: =ROUND(SUMIFS($J$2:$J$1137,$A$2:$A$1137,A1137,$C$2:$C$1137,C1137),9) -> 1

Sheet Transition Count Matrices
A1: 71 POSITION-SPECIFIC TRANSITION COUNT MATRICES
A2: Rows = FROM base X; columns = TO base Y
A4: Transition 1 -> 2
A5: FROM \ TO | B5: A | C5: C | D5: G | E5: U | F5: Row total
A6: A | B6: =INDEX('Transition Stepwise'!$F$2:$F$1137,MATCH(1&"|"&$A6&"|"&B$5,'Transition Stepwise'!$E$2:$E$1137,0)) -> 0 | C6: =INDEX('Transition Stepwise'!$F$2:$F$1137,MATCH(1&"|"&$A6&"|"&C$5,'Transition Stepwise'!$E$2:$E$1137,0)) -> 1 | D6: =INDEX('Transition Stepwise'!$F$2:$F$1137,MATCH(1&"|"&$A6&"|"&D$5,'Transition Stepwise'!$E$2:$E$1137,0)) -> 12 | E6: =INDEX('Transition Stepwise'!$F$2:$F$1137,MATCH(1&"|"&$A6&"|"&E$5,'Transition Stepwise'!$E$2:$E$1137,0)) -> 0 | F6: =ROUND(SUM(B6:E6),9) -> 13
A7: C | B7: =INDEX('Transition Stepwise'!$F$2:$F$1137,MATCH(1&"|"&$A7&"|"&B$5,'Transition Stepwise'!$E$2:$E$1137,0)) -> 0 | C7: =INDEX('Transition Stepwise'!$F$2:$F$1137,MATCH(1&"|"&$A7&"|"&C$5,'Transition Stepwise'!$E$2:$E$1137,0)) -> 4 | D7: =INDEX('Transition Stepwise'!$F$2:$F$1137,MATCH(1&"|"&$A7&"|"&D$5,'Transition Stepwise'!$E$2:$E$1137,0)) -> 16 | E7: =INDEX('Transition Stepwise'!$F$2:$F$1137,MATCH(1&"|"&$A7&"|"&E$5,'Transition Stepwise'!$E$2:$E$1137,0)) -> 1 | F7: =ROUND(SUM(B7:E7),9) -> 21
A8: G | B8: =INDEX('Transition Stepwise'!$F$2:$F$1137,MATCH(1&"|"&$A8&"|"&B$5,'Transition Stepwise'!$E$2:$E$1137,0)) -> 6 | C8: =INDEX('Transition Stepwise'!$F$2:$F$1137,MATCH(1&"|"&$A8&"|"&C$5,'Transition Stepwise'!$E$2:$E$1137,0)) -> 68 | D8: =INDEX('Transition Stepwise'!$F$2:$F$1137,MATCH(1&"|"&$A8&"|"&D$5,'Transition Stepwise'!$E$2:$E$1137,0)) -> 73 | E8: =INDEX('Transition Stepwise'!$F$2:$F$1137,MATCH(1&"|"&$A8&"|"&E$5,'Transition Stepwise'!$E$2:$E$1137,0)) -> 5 | F8: =ROUND(SUM(B8:E8),9) -> 152
A9: U | B9: =INDEX('Transition Stepwise'!$F$2:$F$1137,MATCH(1&"|"&$A9&"|"&B$5,'Transition Stepwise'!$E$2:$E$1137,0)) -> 0 | C9: =INDEX('Transition Stepwise'!$F$2:$F$1137,MATCH(1&"|"&$A9&"|"&C$5,'Transition Stepwise'!$E$2:$E$1137,0)) -> 9 | D9: =INDEX('Transition Stepwise'!$F$2:$F$1137,MATCH(1&"|"&$A9&"|"&D$5,'Transition Stepwise'!$E$2:$E$1137,0)) -> 4 | E9: =INDEX('Transition Stepwise'!$F$2:$F$1137,MATCH(1&"|"&$A9&"|"&E$5,'Transition Stepwise'!$E$2:$E$1137,0)) -> 0 | F9: =ROUND(SUM(B9:E9),9) -> 13
A12: Transition 2 -> 3
A13: FROM \ TO | B13: A | C13: C | D13: G | E13: U | F13: Row total
A14: A | B14: =INDEX('Transition Stepwise'!$F$2:$F$1137,MATCH(2&"|"&$A14&"|"&B$13,'Transition Stepwise'!$E$2:$E$1137,0)) -> 0 | C14: =INDEX('Transition Stepwise'!$F$2:$F$1137,MATCH(2&"|"&$A14&"|"&C$13,'Transition Stepwise'!$E$2:$E$1137,0)) -> 5 | D14: =INDEX('Transition Stepwise'!$F$2:$F$1137,MATCH(2&"|"&$A14&"|"&D$13,'Transition Stepwise'!$E$2:$E$1137,0)) -> 1 | E14: =INDEX('Transition Stepwise'!$F$2:$F$1137,MATCH(2&"|"&$A14&"|"&E$13,'Transition Stepwise'!$E$2:$E$1137,0)) -> 0 | F14: =ROUND(SUM(B14:E14),9) -> 6
A15: C | B15: =INDEX('Transition Stepwise'!$F$2:$F$1137,MATCH(2&"|"&$A15&"|"&B$13,'Transition Stepwise'!$E$2:$E$1137,0)) -> 2 | C15: =INDEX('Transition Stepwise'!$F$2:$F$1137,MATCH(2&"|"&$A15&"|"&C$13,'Transition Stepwise'!$E$2:$E$1137,0)) -> 44 | D15: =INDEX('Transition Stepwise'!$F$2:$F$1137,MATCH(2&"|"&$A15&"|"&D$13,'Transition Stepwise'!$E$2:$E$1137,0)) -> 22 | E15: =INDEX('Transition Stepwise'!$F$2:$F$1137,MATCH(2&"|"&$A15&"|"&E$13,'Transition Stepwise'!$E$2:$E$1137,0)) -> 14 | F15: =ROUND(SUM(B15:E15),9) -> 82
A16: G | B16: =INDEX('Transition Stepwise'!$F$2:$F$1137,MATCH(2&"|"&$A16&"|"&B$13,'Transition Stepwise'!$E$2:$E$1137,0)) -> 12 | C16: =INDEX('Transition Stepwise'!$F$2:$F$1137,MATCH(2&"|"&$A16&"|"&C$13,'Transition Stepwise'!$E$2:$E$1137,0)) -> 24 | D16: =INDEX('Transition Stepwise'!$F$2:$F$1137,MATCH(2&"|"&$A16&"|"&D$13,'Transition Stepwise'!$E$2:$E$1137,0)) -> 61 | E16: =INDEX('Transition Stepwise'!$F$2:$F$1137,MATCH(2&"|"&$A16&"|"&E$13,'Transition Stepwise'!$E$2:$E$1137,0)) -> 8 | F16: =ROUND(SUM(B16:E16),9) -> 105
A17: U | B17: =INDEX('Transition Stepwise'!$F$2:$F$1137,MATCH(2&"|"&$A17&"|"&B$13,'Transition Stepwise'!$E$2:$E$1137,0)) -> 0 | C17: =INDEX('Transition Stepwise'!$F$2:$F$1137,MATCH(2&"|"&$A17&"|"&C$13,'Transition Stepwise'!$E$2:$E$1137,0)) -> 4 | D17: =INDEX('Transition Stepwise'!$F$2:$F$1137,MATCH(2&"|"&$A17&"|"&D$13,'Transition Stepwise'!$E$2:$E$1137,0)) -> 1 | E17: =INDEX('Transition Stepwise'!$F$2:$F$1137,MATCH(2&"|"&$A17&"|"&E$13,'Transition Stepwise'!$E$2:$E$1137,0)) -> 1 | F17: =ROUND(SUM(B17:E17),9) -> 6
A20: Transition 3 -> 4
A21: FROM \ TO | B21: A | C21: C | D21: G | E21: U | F21: Row total
A22: A | B22: =INDEX('Transition Stepwise'!$F$2:$F$1137,MATCH(3&"|"&$A22&"|"&B$21,'Transition Stepwise'!$E$2:$E$1137,0)) -> 2 | C22: =INDEX('Transition Stepwise'!$F$2:$F$1137,MATCH(3&"|"&$A22&"|"&C$21,'Transition Stepwise'!$E$2:$E$1137,0)) -> 3 | D22: =INDEX('Transition Stepwise'!$F$2:$F$1137,MATCH(3&"|"&$A22&"|"&D$21,'Transition Stepwise'!$E$2:$E$1137,0)) -> 9 | E22: =INDEX('Transition Stepwise'!$F$2:$F$1137,MATCH(3&"|"&$A22&"|"&E$21,'Transition Stepwise'!$E$2:$E$1137,0)) -> 0 | F22: =ROUND(SUM(B22:E22),9) -> 14
A23: C | B23: =INDEX('Transition Stepwise'!$F$2:$F$1137,MATCH(3&"|"&$A23&"|"&B$21,'Transition Stepwise'!$E$2:$E$1137,0)) -> 7 | C23: =INDEX('Transition Stepwise'!$F$2:$F$1137,MATCH(3&"|"&$A23&"|"&C$21,'Transition Stepwise'!$E$2:$E$1137,0)) -> 22 | D23: =INDEX('Transition Stepwise'!$F$2:$F$1137,MATCH(3&"|"&$A23&"|"&D$21,'Transition Stepwise'!$E$2:$E$1137,0)) -> 31 | E23: =INDEX('Transition Stepwise'!$F$2:$F$1137,MATCH(3&"|"&$A23&"|"&E$21,'Transition Stepwise'!$E$2:$E$1137,0)) -> 17 | F23: =ROUND(SUM(B23:E23),9) -> 77
A24: G | B24: =INDEX('Transition Stepwise'!$F$2:$F$1137,MATCH(3&"|"&$A24&"|"&B$21,'Transition Stepwise'!$E$2:$E$1137,0)) -> 6 | C24: =INDEX('Transition Stepwise'!$F$2:$F$1137,MATCH(3&"|"&$A24&"|"&C$21,'Transition Stepwise'!$E$2:$E$1137,0)) -> 28 | D24: =INDEX('Transition Stepwise'!$F$2:$F$1137,MATCH(3&"|"&$A24&"|"&D$21,'Transition Stepwise'!$E$2:$E$1137,0)) -> 40 | E24: =INDEX('Transition Stepwise'!$F$2:$F$1137,MATCH(3&"|"&$A24&"|"&E$21,'Transition Stepwise'!$E$2:$E$1137,0)) -> 11 | F24: =ROUND(SUM(B24:E24),9) -> 85
A25: U | B25: =INDEX('Transition Stepwise'!$F$2:$F$1137,MATCH(3&"|"&$A25&"|"&B$21,'Transition Stepwise'!$E$2:$E$1137,0)) -> 0 | C25: =INDEX('Transition Stepwise'!$F$2:$F$1137,MATCH(3&"|"&$A25&"|"&C$21,'Transition Stepwise'!$E$2:$E$1137,0)) -> 8 | D25: =INDEX('Transition Stepwise'!$F$2:$F$1137,MATCH(3&"|"&$A25&"|"&D$21,'Transition Stepwise'!$E$2:$E$1137,0)) -> 9 | E25: =INDEX('Transition Stepwise'!$F$2:$F$1137,MATCH(3&"|"&$A25&"|"&E$21,'Transition Stepwise'!$E$2:$E$1137,0)) -> 6 | F25: =ROUND(SUM(B25:E25),9) -> 23
A28: Transition 4 -> 5
A29: FROM \ TO | B29: A | C29: C | D29: G | E29: U | F29: Row total
A30: A | B30: =INDEX('Transition Stepwise'!$F$2:$F$1137,MATCH(4&"|"&$A30&"|"&B$29,'Transition Stepwise'!$E$2:$E$1137,0)) -> 4 | C30: =INDEX('Transition Stepwise'!$F$2:$F$1137,MATCH(4&"|"&$A30&"|"&C$29,'Transition Stepwise'!$E$2:$E$1137,0)) -> 3 | D30: =INDEX('Transition Stepwise'!$F$2:$F$1137,MATCH(4&"|"&$A30&"|"&D$29,'Transition Stepwise'!$E$2:$E$1137,0)) -> 7 | E30: =INDEX('Transition Stepwise'!$F$2:$F$1137,MATCH(4&"|"&$A30&"|"&E$29,'Transition Stepwise'!$E$2:$E$1137,0)) -> 1 | F30: =ROUND(SUM(B30:E30),9) -> 15
A31: C | B31: =INDEX('Transition Stepwise'!$F$2:$F$1137,MATCH(4&"|"&$A31&"|"&B$29,'Transition Stepwise'!$E$2:$E$1137,0)) -> 3 | C31: =INDEX('Transition Stepwise'!$F$2:$F$1137,MATCH(4&"|"&$A31&"|"&C$29,'Transition Stepwise'!$E$2:$E$1137,0)) -> 38 | D31: =INDEX('Transition Stepwise'!$F$2:$F$1137,MATCH(4&"|"&$A31&"|"&D$29,'Transition Stepwise'!$E$2:$E$1137,0)) -> 13 | E31: =INDEX('Transition Stepwise'!$F$2:$F$1137,MATCH(4&"|"&$A31&"|"&E$29,'Transition Stepwise'!$E$2:$E$1137,0)) -> 7 | F31: =ROUND(SUM(B31:E31),9) -> 61
A32: G | B32: =INDEX('Transition Stepwise'!$F$2:$F$1137,MATCH(4&"|"&$A32&"|"&B$29,'Transition Stepwise'!$E$2:$E$1137,0)) -> 20 | C32: =INDEX('Transition Stepwise'!$F$2:$F$1137,MATCH(4&"|"&$A32&"|"&C$29,'Transition Stepwise'!$E$2:$E$1137,0)) -> 20 | D32: =INDEX('Transition Stepwise'!$F$2:$F$1137,MATCH(4&"|"&$A32&"|"&D$29,'Transition Stepwise'!$E$2:$E$1137,0)) -> 43 | E32: =INDEX('Transition Stepwise'!$F$2:$F$1137,MATCH(4&"|"&$A32&"|"&E$29,'Transition Stepwise'!$E$2:$E$1137,0)) -> 6 | F32: =ROUND(SUM(B32:E32),9) -> 89
A33: U | B33: =INDEX('Transition Stepwise'!$F$2:$F$1137,MATCH(4&"|"&$A33&"|"&B$29,'Transition Stepwise'!$E$2:$E$1137,0)) -> 3 | C33: =INDEX('Transition Stepwise'!$F$2:$F$1137,MATCH(4&"|"&$A33&"|"&C$29,'Transition Stepwise'!$E$2:$E$1137,0)) -> 18 | D33: =INDEX('Transition Stepwise'!$F$2:$F$1137,MATCH(4&"|"&$A33&"|"&D$29,'Transition Stepwise'!$E$2:$E$1137,0)) -> 6 | E33: =INDEX('Transition Stepwise'!$F$2:$F$1137,MATCH(4&"|"&$A33&"|"&E$29,'Transition Stepwise'!$E$2:$E$1137,0)) -> 7 | F33: =ROUND(SUM(B33:E33),9) -> 34
A36: Transition 5 -> 6
A37: FROM \ TO | B37: A | C37: C | D37: G | E37: U | F37: Row total
A38: A | B38: =INDEX('Transition Stepwise'!$F$2:$F$1137,MATCH(5&"|"&$A38&"|"&B$37,'Transition Stepwise'!$E$2:$E$1137,0)) -> 6 | C38: =INDEX('Transition Stepwise'!$F$2:$F$1137,MATCH(5&"|"&$A38&"|"&C$37,'Transition Stepwise'!$E$2:$E$1137,0)) -> 8 | D38: =INDEX('Transition Stepwise'!$F$2:$F$1137,MATCH(5&"|"&$A38&"|"&D$37,'Transition Stepwise'!$E$2:$E$1137,0)) -> 5 | E38: =INDEX('Transition Stepwise'!$F$2:$F$1137,MATCH(5&"|"&$A38&"|"&E$37,'Transition Stepwise'!$E$2:$E$1137,0)) -> 11 | F38: =ROUND(SUM(B38:E38),9) -> 30
A39: C | B39: =INDEX('Transition Stepwise'!$F$2:$F$1137,MATCH(5&"|"&$A39&"|"&B$37,'Transition Stepwise'!$E$2:$E$1137,0)) -> 12 | C39: =INDEX('Transition Stepwise'!$F$2:$F$1137,MATCH(5&"|"&$A39&"|"&C$37,'Transition Stepwise'!$E$2:$E$1137,0)) -> 37 | D39: =INDEX('Transition Stepwise'!$F$2:$F$1137,MATCH(5&"|"&$A39&"|"&D$37,'Transition Stepwise'!$E$2:$E$1137,0)) -> 14 | E39: =INDEX('Transition Stepwise'!$F$2:$F$1137,MATCH(5&"|"&$A39&"|"&E$37,'Transition Stepwise'!$E$2:$E$1137,0)) -> 16 | F39: =ROUND(SUM(B39:E39),9) -> 79
A40: G | B40: =INDEX('Transition Stepwise'!$F$2:$F$1137,MATCH(5&"|"&$A40&"|"&B$37,'Transition Stepwise'!$E$2:$E$1137,0)) -> 16 | C40: =INDEX('Transition Stepwise'!$F$2:$F$1137,MATCH(5&"|"&$A40&"|"&C$37,'Transition Stepwise'!$E$2:$E$1137,0)) -> 12 | D40: =INDEX('Transition Stepwise'!$F$2:$F$1137,MATCH(5&"|"&$A40&"|"&D$37,'Transition Stepwise'!$E$2:$E$1137,0)) -> 21 | E40: =INDEX('Transition Stepwise'!$F$2:$F$1137,MATCH(5&"|"&$A40&"|"&E$37,'Transition Stepwise'!$E$2:$E$1137,0)) -> 20 | F40: =ROUND(SUM(B40:E40),9) -> 69
A41: U | B41: =INDEX('Transition Stepwise'!$F$2:$F$1137,MATCH(5&"|"&$A41&"|"&B$37,'Transition Stepwise'!$E$2:$E$1137,0)) -> 0 | C41: =INDEX('Transition Stepwise'!$F$2:$F$1137,MATCH(5&"|"&$A41&"|"&C$37,'Transition Stepwise'!$E$2:$E$1137,0)) -> 8 | D41: =INDEX('Transition Stepwise'!$F$2:$F$1137,MATCH(5&"|"&$A41&"|"&D$37,'Transition Stepwise'!$E$2:$E$1137,0)) -> 8 | E41: =INDEX('Transition Stepwise'!$F$2:$F$1137,MATCH(5&"|"&$A41&"|"&E$37,'Transition Stepwise'!$E$2:$E$1137,0)) -> 5 | F41: =ROUND(SUM(B41:E41),9) -> 21
A44: Transition 6 -> 7
A45: FROM \ TO | B45: A | C45: C | D45: G | E45: U | F45: Row total
A46: A | B46: =INDEX('Transition Stepwise'!$F$2:$F$1137,MATCH(6&"|"&$A46&"|"&B$45,'Transition Stepwise'!$E$2:$E$1137,0)) -> 9 | C46: =INDEX('Transition Stepwise'!$F$2:$F$1137,MATCH(6&"|"&$A46&"|"&C$45,'Transition Stepwise'!$E$2:$E$1137,0)) -> 1 | D46: =INDEX('Transition Stepwise'!$F$2:$F$1137,MATCH(6&"|"&$A46&"|"&D$45,'Transition Stepwise'!$E$2:$E$1137,0)) -> 14 | E46: =INDEX('Transition Stepwise'!$F$2:$F$1137,MATCH(6&"|"&$A46&"|"&E$45,'Transition Stepwise'!$E$2:$E$1137,0)) -> 10 | F46: =ROUND(SUM(B46:E46),9) -> 34
A47: C | B47: =INDEX('Transition Stepwise'!$F$2:$F$1137,MATCH(6&"|"&$A47&"|"&B$45,'Transition Stepwise'!$E$2:$E$1137,0)) -> 8 | C47: =INDEX('Transition Stepwise'!$F$2:$F$1137,MATCH(6&"|"&$A47&"|"&C$45,'Transition Stepwise'!$E$2:$E$1137,0)) -> 1 | D47: =INDEX('Transition Stepwise'!$F$2:$F$1137,MATCH(6&"|"&$A47&"|"&D$45,'Transition Stepwise'!$E$2:$E$1137,0)) -> 39 | E47: =INDEX('Transition Stepwise'!$F$2:$F$1137,MATCH(6&"|"&$A47&"|"&E$45,'Transition Stepwise'!$E$2:$E$1137,0)) -> 17 | F47: =ROUND(SUM(B47:E47),9) -> 65
A48: G | B48: =INDEX('Transition Stepwise'!$F$2:$F$1137,MATCH(6&"|"&$A48&"|"&B$45,'Transition Stepwise'!$E$2:$E$1137,0)) -> 11 | C48: =INDEX('Transition Stepwise'!$F$2:$F$1137,MATCH(6&"|"&$A48&"|"&C$45,'Transition Stepwise'!$E$2:$E$1137,0)) -> 1 | D48: =INDEX('Transition Stepwise'!$F$2:$F$1137,MATCH(6&"|"&$A48&"|"&D$45,'Transition Stepwise'!$E$2:$E$1137,0)) -> 23 | E48: =INDEX('Transition Stepwise'!$F$2:$F$1137,MATCH(6&"|"&$A48&"|"&E$45,'Transition Stepwise'!$E$2:$E$1137,0)) -> 13 | F48: =ROUND(SUM(B48:E48),9) -> 48
A49: U | B49: =INDEX('Transition Stepwise'!$F$2:$F$1137,MATCH(6&"|"&$A49&"|"&B$45,'Transition Stepwise'!$E$2:$E$1137,0)) -> 19 | C49: =INDEX('Transition Stepwise'!$F$2:$F$1137,MATCH(6&"|"&$A49&"|"&C$45,'Transition Stepwise'!$E$2:$E$1137,0)) -> 0 | D49: =INDEX('Transition Stepwise'!$F$2:$F$1137,MATCH(6&"|"&$A49&"|"&D$45,'Transition Stepwise'!$E$2:$E$1137,0)) -> 29 | E49: =INDEX('Transition Stepwise'!$F$2:$F$1137,MATCH(6&"|"&$A49&"|"&E$45,'Transition Stepwise'!$E$2:$E$1137,0)) -> 4 | F49: =ROUND(SUM(B49:E49),9) -> 52
A52: Transition 7 -> 8
A53: FROM \ TO | B53: A | C53: C | D53: G | E53: U | F53: Row total
A54: A | B54: =INDEX('Transition Stepwise'!$F$2:$F$1137,MATCH(7&"|"&$A54&"|"&B$53,'Transition Stepwise'!$E$2:$E$1137,0)) -> 1 | C54: =INDEX('Transition Stepwise'!$F$2:$F$1137,MATCH(7&"|"&$A54&"|"&C$53,'Transition Stepwise'!$E$2:$E$1137,0)) -> 0 | D54: =INDEX('Transition Stepwise'!$F$2:$F$1137,MATCH(7&"|"&$A54&"|"&D$53,'Transition Stepwise'!$E$2:$E$1137,0)) -> 0 | E54: =INDEX('Transition Stepwise'!$F$2:$F$1137,MATCH(7&"|"&$A54&"|"&E$53,'Transition Stepwise'!$E$2:$E$1137,0)) -> 46 | F54: =ROUND(SUM(B54:E54),9) -> 47
A55: C | B55: =INDEX('Transition Stepwise'!$F$2:$F$1137,MATCH(7&"|"&$A55&"|"&B$53,'Transition Stepwise'!$E$2:$E$1137,0)) -> 0 | C55: =INDEX('Transition Stepwise'!$F$2:$F$1137,MATCH(7&"|"&$A55&"|"&C$53,'Transition Stepwise'!$E$2:$E$1137,0)) -> 0 | D55: =INDEX('Transition Stepwise'!$F$2:$F$1137,MATCH(7&"|"&$A55&"|"&D$53,'Transition Stepwise'!$E$2:$E$1137,0)) -> 0 | E55: =INDEX('Transition Stepwise'!$F$2:$F$1137,MATCH(7&"|"&$A55&"|"&E$53,'Transition Stepwise'!$E$2:$E$1137,0)) -> 3 | F55: =ROUND(SUM(B55:E55),9) -> 3
A56: G | B56: =INDEX('Transition Stepwise'!$F$2:$F$1137,MATCH(7&"|"&$A56&"|"&B$53,'Transition Stepwise'!$E$2:$E$1137,0)) -> 0 | C56: =INDEX('Transition Stepwise'!$F$2:$F$1137,MATCH(7&"|"&$A56&"|"&C$53,'Transition Stepwise'!$E$2:$E$1137,0)) -> 0 | D56: =INDEX('Transition Stepwise'!$F$2:$F$1137,MATCH(7&"|"&$A56&"|"&D$53,'Transition Stepwise'!$E$2:$E$1137,0)) -> 1 | E56: =INDEX('Transition Stepwise'!$F$2:$F$1137,MATCH(7&"|"&$A56&"|"&E$53,'Transition Stepwise'!$E$2:$E$1137,0)) -> 104 | F56: =ROUND(SUM(B56:E56),9) -> 105
A57: U | B57: =INDEX('Transition Stepwise'!$F$2:$F$1137,MATCH(7&"|"&$A57&"|"&B$53,'Transition Stepwise'!$E$2:$E$1137,0)) -> 0 | C57: =INDEX('Transition Stepwise'!$F$2:$F$1137,MATCH(7&"|"&$A57&"|"&C$53,'Transition Stepwise'!$E$2:$E$1137,0)) -> 0 | D57: =INDEX('Transition Stepwise'!$F$2:$F$1137,MATCH(7&"|"&$A57&"|"&D$53,'Transition Stepwise'!$E$2:$E$1137,0)) -> 0 | E57: =INDEX('Transition Stepwise'!$F$2:$F$1137,MATCH(7&"|"&$A57&"|"&E$53,'Transition Stepwise'!$E$2:$E$1137,0)) -> 44 | F57: =ROUND(SUM(B57:E57),9) -> 44
A60: Transition 8 -> 9
A61: FROM \ TO | B61: A | C61: C | D61: G | E61: U | F61: Row total
A62: A | B62: =INDEX('Transition Stepwise'!$F$2:$F$1137,MATCH(8&"|"&$A62&"|"&B$61,'Transition Stepwise'!$E$2:$E$1137,0)) -> 1 | C62: =INDEX('Transition Stepwise'!$F$2:$F$1137,MATCH(8&"|"&$A62&"|"&C$61,'Transition Stepwise'!$E$2:$E$1137,0)) -> 0 | D62: =INDEX('Transition Stepwise'!$F$2:$F$1137,MATCH(8&"|"&$A62&"|"&D$61,'Transition Stepwise'!$E$2:$E$1137,0)) -> 0 | E62: =INDEX('Transition Stepwise'!$F$2:$F$1137,MATCH(8&"|"&$A62&"|"&E$61,'Transition Stepwise'!$E$2:$E$1137,0)) -> 0 | F62: =ROUND(SUM(B62:E62),9) -> 1
A63: C | B63: =INDEX('Transition Stepwise'!$F$2:$F$1137,MATCH(8&"|"&$A63&"|"&B$61,'Transition Stepwise'!$E$2:$E$1137,0)) -> 0 | C63: =INDEX('Transition Stepwise'!$F$2:$F$1137,MATCH(8&"|"&$A63&"|"&C$61,'Transition Stepwise'!$E$2:$E$1137,0)) -> 0 | D63: =INDEX('Transition Stepwise'!$F$2:$F$1137,MATCH(8&"|"&$A63&"|"&D$61,'Transition Stepwise'!$E$2:$E$1137,0)) -> 0 | E63: =INDEX('Transition Stepwise'!$F$2:$F$1137,MATCH(8&"|"&$A63&"|"&E$61,'Transition Stepwise'!$E$2:$E$1137,0)) -> 0 | F63: =ROUND(SUM(B63:E63),9) -> 0
A64: G | B64: =INDEX('Transition Stepwise'!$F$2:$F$1137,MATCH(8&"|"&$A64&"|"&B$61,'Transition Stepwise'!$E$2:$E$1137,0)) -> 0 | C64: =INDEX('Transition Stepwise'!$F$2:$F$1137,MATCH(8&"|"&$A64&"|"&C$61,'Transition Stepwise'!$E$2:$E$1137,0)) -> 1 | D64: =INDEX('Transition Stepwise'!$F$2:$F$1137,MATCH(8&"|"&$A64&"|"&D$61,'Transition Stepwise'!$E$2:$E$1137,0)) -> 0 | E64: =INDEX('Transition Stepwise'!$F$2:$F$1137,MATCH(8&"|"&$A64&"|"&E$61,'Transition Stepwise'!$E$2:$E$1137,0)) -> 0 | F64: =ROUND(SUM(B64:E64),9) -> 1
A65: U | B65: =INDEX('Transition Stepwise'!$F$2:$F$1137,MATCH(8&"|"&$A65&"|"&B$61,'Transition Stepwise'!$E$2:$E$1137,0)) -> 129 | C65: =INDEX('Transition Stepwise'!$F$2:$F$1137,MATCH(8&"|"&$A65&"|"&C$61,'Transition Stepwise'!$E$2:$E$1137,0)) -> 6 | D65: =INDEX('Transition Stepwise'!$F$2:$F$1137,MATCH(8&"|"&$A65&"|"&D$61,'Transition Stepwise'!$E$2:$E$1137,0)) -> 61 | E65: =INDEX('Transition Stepwise'!$F$2:$F$1137,MATCH(8&"|"&$A65&"|"&E$61,'Transition Stepwise'!$E$2:$E$1137,0)) -> 0 | F65: =ROUND(SUM(B65:E65),9) -> 196
A68: Transition 9 -> 10
A69: FROM \ TO | B69: A | C69: C | D69: G | E69: U | F69: Row total
A70: A | B70: =INDEX('Transition Stepwise'!$F$2:$F$1137,MATCH(9&"|"&$A70&"|"&B$69,'Transition Stepwise'!$E$2:$E$1137,0)) -> 0 | C70: =INDEX('Transition Stepwise'!$F$2:$F$1137,MATCH(9&"|"&$A70&"|"&C$69,'Transition Stepwise'!$E$2:$E$1137,0)) -> 2 | D70: =INDEX('Transition Stepwise'!$F$2:$F$1137,MATCH(9&"|"&$A70&"|"&D$69,'Transition Stepwise'!$E$2:$E$1137,0)) -> 128 | E70: =INDEX('Transition Stepwise'!$F$2:$F$1137,MATCH(9&"|"&$A70&"|"&E$69,'Transition Stepwise'!$E$2:$E$1137,0)) -> 0 | F70: =ROUND(SUM(B70:E70),9) -> 130
A71: C | B71: =INDEX('Transition Stepwise'!$F$2:$F$1137,MATCH(9&"|"&$A71&"|"&B$69,'Transition Stepwise'!$E$2:$E$1137,0)) -> 0 | C71: =INDEX('Transition Stepwise'!$F$2:$F$1137,MATCH(9&"|"&$A71&"|"&C$69,'Transition Stepwise'!$E$2:$E$1137,0)) -> 0 | D71: =INDEX('Transition Stepwise'!$F$2:$F$1137,MATCH(9&"|"&$A71&"|"&D$69,'Transition Stepwise'!$E$2:$E$1137,0)) -> 7 | E71: =INDEX('Transition Stepwise'!$F$2:$F$1137,MATCH(9&"|"&$A71&"|"&E$69,'Transition Stepwise'!$E$2:$E$1137,0)) -> 0 | F71: =ROUND(SUM(B71:E71),9) -> 7
A72: G | B72: =INDEX('Transition Stepwise'!$F$2:$F$1137,MATCH(9&"|"&$A72&"|"&B$69,'Transition Stepwise'!$E$2:$E$1137,0)) -> 0 | C72: =INDEX('Transition Stepwise'!$F$2:$F$1137,MATCH(9&"|"&$A72&"|"&C$69,'Transition Stepwise'!$E$2:$E$1137,0)) -> 6 | D72: =INDEX('Transition Stepwise'!$F$2:$F$1137,MATCH(9&"|"&$A72&"|"&D$69,'Transition Stepwise'!$E$2:$E$1137,0)) -> 55 | E72: =INDEX('Transition Stepwise'!$F$2:$F$1137,MATCH(9&"|"&$A72&"|"&E$69,'Transition Stepwise'!$E$2:$E$1137,0)) -> 0 | F72: =ROUND(SUM(B72:E72),9) -> 61
A73: U | B73: =INDEX('Transition Stepwise'!$F$2:$F$1137,MATCH(9&"|"&$A73&"|"&B$69,'Transition Stepwise'!$E$2:$E$1137,0)) -> 0 | C73: =INDEX('Transition Stepwise'!$F$2:$F$1137,MATCH(9&"|"&$A73&"|"&C$69,'Transition Stepwise'!$E$2:$E$1137,0)) -> 0 | D73: =INDEX('Transition Stepwise'!$F$2:$F$1137,MATCH(9&"|"&$A73&"|"&D$69,'Transition Stepwise'!$E$2:$E$1137,0)) -> 0 | E73: =INDEX('Transition Stepwise'!$F$2:$F$1137,MATCH(9&"|"&$A73&"|"&E$69,'Transition Stepwise'!$E$2:$E$1137,0)) -> 0 | F73: =ROUND(SUM(B73:E73),9) -> 0
A76: Transition 10 -> 11
A77: FROM \ TO | B77: A | C77: C | D77: G | E77: U | F77: Row total
A78: A | B78: =INDEX('Transition Stepwise'!$F$2:$F$1137,MATCH(10&"|"&$A78&"|"&B$77,'Transition Stepwise'!$E$2:$E$1137,0)) -> 0 | C78: =INDEX('Transition Stepwise'!$F$2:$F$1137,MATCH(10&"|"&$A78&"|"&C$77,'Transition Stepwise'!$E$2:$E$1137,0)) -> 0 | D78: =INDEX('Transition Stepwise'!$F$2:$F$1137,MATCH(10&"|"&$A78&"|"&D$77,'Transition Stepwise'!$E$2:$E$1137,0)) -> 0 | E78: =INDEX('Transition Stepwise'!$F$2:$F$1137,MATCH(10&"|"&$A78&"|"&E$77,'Transition Stepwise'!$E$2:$E$1137,0)) -> 0 | F78: =ROUND(SUM(B78:E78),9) -> 0
A79: C | B79: =INDEX('Transition Stepwise'!$F$2:$F$1137,MATCH(10&"|"&$A79&"|"&B$77,'Transition Stepwise'!$E$2:$E$1137,0)) -> 0 | C79: =INDEX('Transition Stepwise'!$F$2:$F$1137,MATCH(10&"|"&$A79&"|"&C$77,'Transition Stepwise'!$E$2:$E$1137,0)) -> 6 | D79: =INDEX('Transition Stepwise'!$F$2:$F$1137,MATCH(10&"|"&$A79&"|"&D$77,'Transition Stepwise'!$E$2:$E$1137,0)) -> 1 | E79: =INDEX('Transition Stepwise'!$F$2:$F$1137,MATCH(10&"|"&$A79&"|"&E$77,'Transition Stepwise'!$E$2:$E$1137,0)) -> 1 | F79: =ROUND(SUM(B79:E79),9) -> 8
A80: G | B80: =INDEX('Transition Stepwise'!$F$2:$F$1137,MATCH(10&"|"&$A80&"|"&B$77,'Transition Stepwise'!$E$2:$E$1137,0)) -> 7 | C80: =INDEX('Transition Stepwise'!$F$2:$F$1137,MATCH(10&"|"&$A80&"|"&C$77,'Transition Stepwise'!$E$2:$E$1137,0)) -> 140 | D80: =INDEX('Transition Stepwise'!$F$2:$F$1137,MATCH(10&"|"&$A80&"|"&D$77,'Transition Stepwise'!$E$2:$E$1137,0)) -> 5 | E80: =INDEX('Transition Stepwise'!$F$2:$F$1137,MATCH(10&"|"&$A80&"|"&E$77,'Transition Stepwise'!$E$2:$E$1137,0)) -> 39 | F80: =ROUND(SUM(B80:E80),9) -> 191
A81: U | B81: =INDEX('Transition Stepwise'!$F$2:$F$1137,MATCH(10&"|"&$A81&"|"&B$77,'Transition Stepwise'!$E$2:$E$1137,0)) -> 0 | C81: =INDEX('Transition Stepwise'!$F$2:$F$1137,MATCH(10&"|"&$A81&"|"&C$77,'Transition Stepwise'!$E$2:$E$1137,0)) -> 0 | D81: =INDEX('Transition Stepwise'!$F$2:$F$1137,MATCH(10&"|"&$A81&"|"&D$77,'Transition Stepwise'!$E$2:$E$1137,0)) -> 0 | E81: =INDEX('Transition Stepwise'!$F$2:$F$1137,MATCH(10&"|"&$A81&"|"&E$77,'Transition Stepwise'!$E$2:$E$1137,0)) -> 0 | F81: =ROUND(SUM(B81:E81),9) -> 0
A84: Transition 11 -> 12
A85: FROM \ TO | B85: A | C85: C | D85: G | E85: U | F85: Row total
A86: A | B86: =INDEX('Transition Stepwise'!$F$2:$F$1137,MATCH(11&"|"&$A86&"|"&B$85,'Transition Stepwise'!$E$2:$E$1137,0)) -> 0 | C86: =INDEX('Transition Stepwise'!$F$2:$F$1137,MATCH(11&"|"&$A86&"|"&C$85,'Transition Stepwise'!$E$2:$E$1137,0)) -> 0 | D86: =INDEX('Transition Stepwise'!$F$2:$F$1137,MATCH(11&"|"&$A86&"|"&D$85,'Transition Stepwise'!$E$2:$E$1137,0)) -> 4 | E86: =INDEX('Transition Stepwise'!$F$2:$F$1137,MATCH(11&"|"&$A86&"|"&E$85,'Transition Stepwise'!$E$2:$E$1137,0)) -> 3 | F86: =ROUND(SUM(B86:E86),9) -> 7
A87: C | B87: =INDEX('Transition Stepwise'!$F$2:$F$1137,MATCH(11&"|"&$A87&"|"&B$85,'Transition Stepwise'!$E$2:$E$1137,0)) -> 6 | C87: =INDEX('Transition Stepwise'!$F$2:$F$1137,MATCH(11&"|"&$A87&"|"&C$85,'Transition Stepwise'!$E$2:$E$1137,0)) -> 17 | D87: =INDEX('Transition Stepwise'!$F$2:$F$1137,MATCH(11&"|"&$A87&"|"&D$85,'Transition Stepwise'!$E$2:$E$1137,0)) -> 19 | E87: =INDEX('Transition Stepwise'!$F$2:$F$1137,MATCH(11&"|"&$A87&"|"&E$85,'Transition Stepwise'!$E$2:$E$1137,0)) -> 104 | F87: =ROUND(SUM(B87:E87),9) -> 146
A88: G | B88: =INDEX('Transition Stepwise'!$F$2:$F$1137,MATCH(11&"|"&$A88&"|"&B$85,'Transition Stepwise'!$E$2:$E$1137,0)) -> 2 | C88: =INDEX('Transition Stepwise'!$F$2:$F$1137,MATCH(11&"|"&$A88&"|"&C$85,'Transition Stepwise'!$E$2:$E$1137,0)) -> 0 | D88: =INDEX('Transition Stepwise'!$F$2:$F$1137,MATCH(11&"|"&$A88&"|"&D$85,'Transition Stepwise'!$E$2:$E$1137,0)) -> 3 | E88: =INDEX('Transition Stepwise'!$F$2:$F$1137,MATCH(11&"|"&$A88&"|"&E$85,'Transition Stepwise'!$E$2:$E$1137,0)) -> 1 | F88: =ROUND(SUM(B88:E88),9) -> 6
A89: U | B89: =INDEX('Transition Stepwise'!$F$2:$F$1137,MATCH(11&"|"&$A89&"|"&B$85,'Transition Stepwise'!$E$2:$E$1137,0)) -> 5 | C89: =INDEX('Transition Stepwise'!$F$2:$F$1137,MATCH(11&"|"&$A89&"|"&C$85,'Transition Stepwise'!$E$2:$E$1137,0)) -> 12 | D89: =INDEX('Transition Stepwise'!$F$2:$F$1137,MATCH(11&"|"&$A89&"|"&D$85,'Transition Stepwise'!$E$2:$E$1137,0)) -> 12 | E89: =INDEX('Transition Stepwise'!$F$2:$F$1137,MATCH(11&"|"&$A89&"|"&E$85,'Transition Stepwise'!$E$2:$E$1137,0)) -> 11 | F89: =ROUND(SUM(B89:E89),9) -> 40
A92: Transition 12 -> 13
A93: FROM \ TO | B93: A | C93: C | D93: G | E93: U | F93: Row total
A94: A | B94: =INDEX('Transition Stepwise'!$F$2:$F$1137,MATCH(12&"|"&$A94&"|"&B$93,'Transition Stepwise'!$E$2:$E$1137,0)) -> 0 | C94: =INDEX('Transition Stepwise'!$F$2:$F$1137,MATCH(12&"|"&$A94&"|"&C$93,'Transition Stepwise'!$E$2:$E$1137,0)) -> 0 | D94: =INDEX('Transition Stepwise'!$F$2:$F$1137,MATCH(12&"|"&$A94&"|"&D$93,'Transition Stepwise'!$E$2:$E$1137,0)) -> 6 | E94: =INDEX('Transition Stepwise'!$F$2:$F$1137,MATCH(12&"|"&$A94&"|"&E$93,'Transition Stepwise'!$E$2:$E$1137,0)) -> 7 | F94: =ROUND(SUM(B94:E94),9) -> 13
A95: C | B95: =INDEX('Transition Stepwise'!$F$2:$F$1137,MATCH(12&"|"&$A95&"|"&B$93,'Transition Stepwise'!$E$2:$E$1137,0)) -> 7 | C95: =INDEX('Transition Stepwise'!$F$2:$F$1137,MATCH(12&"|"&$A95&"|"&C$93,'Transition Stepwise'!$E$2:$E$1137,0)) -> 4 | D95: =INDEX('Transition Stepwise'!$F$2:$F$1137,MATCH(12&"|"&$A95&"|"&D$93,'Transition Stepwise'!$E$2:$E$1137,0)) -> 7 | E95: =INDEX('Transition Stepwise'!$F$2:$F$1137,MATCH(12&"|"&$A95&"|"&E$93,'Transition Stepwise'!$E$2:$E$1137,0)) -> 11 | F95: =ROUND(SUM(B95:E95),9) -> 29
A96: G | B96: =INDEX('Transition Stepwise'!$F$2:$F$1137,MATCH(12&"|"&$A96&"|"&B$93,'Transition Stepwise'!$E$2:$E$1137,0)) -> 5 | C96: =INDEX('Transition Stepwise'!$F$2:$F$1137,MATCH(12&"|"&$A96&"|"&C$93,'Transition Stepwise'!$E$2:$E$1137,0)) -> 19 | D96: =INDEX('Transition Stepwise'!$F$2:$F$1137,MATCH(12&"|"&$A96&"|"&D$93,'Transition Stepwise'!$E$2:$E$1137,0)) -> 5 | E96: =INDEX('Transition Stepwise'!$F$2:$F$1137,MATCH(12&"|"&$A96&"|"&E$93,'Transition Stepwise'!$E$2:$E$1137,0)) -> 9 | F96: =ROUND(SUM(B96:E96),9) -> 38
A97: U | B97: =INDEX('Transition Stepwise'!$F$2:$F$1137,MATCH(12&"|"&$A97&"|"&B$93,'Transition Stepwise'!$E$2:$E$1137,0)) -> 1 | C97: =INDEX('Transition Stepwise'!$F$2:$F$1137,MATCH(12&"|"&$A97&"|"&C$93,'Transition Stepwise'!$E$2:$E$1137,0)) -> 106 | D97: =INDEX('Transition Stepwise'!$F$2:$F$1137,MATCH(12&"|"&$A97&"|"&D$93,'Transition Stepwise'!$E$2:$E$1137,0)) -> 1 | E97: =INDEX('Transition Stepwise'!$F$2:$F$1137,MATCH(12&"|"&$A97&"|"&E$93,'Transition Stepwise'!$E$2:$E$1137,0)) -> 11 | F97: =ROUND(SUM(B97:E97),9) -> 119
A100: Transition 13 -> 14
A101: FROM \ TO | B101: A | C101: C | D101: G | E101: U | F101: Row total
A102: A | B102: =INDEX('Transition Stepwise'!$F$2:$F$1137,MATCH(13&"|"&$A102&"|"&B$101,'Transition Stepwise'!$E$2:$E$1137,0)) -> 12 | C102: =INDEX('Transition Stepwise'!$F$2:$F$1137,MATCH(13&"|"&$A102&"|"&C$101,'Transition Stepwise'!$E$2:$E$1137,0)) -> 0 | D102: =INDEX('Transition Stepwise'!$F$2:$F$1137,MATCH(13&"|"&$A102&"|"&D$101,'Transition Stepwise'!$E$2:$E$1137,0)) -> 1 | E102: =INDEX('Transition Stepwise'!$F$2:$F$1137,MATCH(13&"|"&$A102&"|"&E$101,'Transition Stepwise'!$E$2:$E$1137,0)) -> 0 | F102: =ROUND(SUM(B102:E102),9) -> 13
A103: C | B103: =INDEX('Transition Stepwise'!$F$2:$F$1137,MATCH(13&"|"&$A103&"|"&B$101,'Transition Stepwise'!$E$2:$E$1137,0)) -> 128 | C103: =INDEX('Transition Stepwise'!$F$2:$F$1137,MATCH(13&"|"&$A103&"|"&C$101,'Transition Stepwise'!$E$2:$E$1137,0)) -> 1 | D103: =INDEX('Transition Stepwise'!$F$2:$F$1137,MATCH(13&"|"&$A103&"|"&D$101,'Transition Stepwise'!$E$2:$E$1137,0)) -> 0 | E103: =INDEX('Transition Stepwise'!$F$2:$F$1137,MATCH(13&"|"&$A103&"|"&E$101,'Transition Stepwise'!$E$2:$E$1137,0)) -> 0 | F103: =ROUND(SUM(B103:E103),9) -> 129
A104: G | B104: =INDEX('Transition Stepwise'!$F$2:$F$1137,MATCH(13&"|"&$A104&"|"&B$101,'Transition Stepwise'!$E$2:$E$1137,0)) -> 19 | C104: =INDEX('Transition Stepwise'!$F$2:$F$1137,MATCH(13&"|"&$A104&"|"&C$101,'Transition Stepwise'!$E$2:$E$1137,0)) -> 0 | D104: =INDEX('Transition Stepwise'!$F$2:$F$1137,MATCH(13&"|"&$A104&"|"&D$101,'Transition Stepwise'!$E$2:$E$1137,0)) -> 0 | E104: =INDEX('Transition Stepwise'!$F$2:$F$1137,MATCH(13&"|"&$A104&"|"&E$101,'Transition Stepwise'!$E$2:$E$1137,0)) -> 0 | F104: =ROUND(SUM(B104:E104),9) -> 19
A105: U | B105: =INDEX('Transition Stepwise'!$F$2:$F$1137,MATCH(13&"|"&$A105&"|"&B$101,'Transition Stepwise'!$E$2:$E$1137,0)) -> 38 | C105: =INDEX('Transition Stepwise'!$F$2:$F$1137,MATCH(13&"|"&$A105&"|"&C$101,'Transition Stepwise'!$E$2:$E$1137,0)) -> 0 | D105: =INDEX('Transition Stepwise'!$F$2:$F$1137,MATCH(13&"|"&$A105&"|"&D$101,'Transition Stepwise'!$E$2:$E$1137,0)) -> 0 | E105: =INDEX('Transition Stepwise'!$F$2:$F$1137,MATCH(13&"|"&$A105&"|"&E$101,'Transition Stepwise'!$E$2:$E$1137,0)) -> 0 | F105: =ROUND(SUM(B105:E105),9) -> 38
A108: Transition 14 -> 15
A109: FROM \ TO | B109: A | C109: C | D109: G | E109: U | F109: Row total
A110: A | B110: =INDEX('Transition Stepwise'!$F$2:$F$1137,MATCH(14&"|"&$A110&"|"&B$109,'Transition Stepwise'!$E$2:$E$1137,0)) -> 32 | C110: =INDEX('Transition Stepwise'!$F$2:$F$1137,MATCH(14&"|"&$A110&"|"&C$109,'Transition Stepwise'!$E$2:$E$1137,0)) -> 1 | D110: =INDEX('Transition Stepwise'!$F$2:$F$1137,MATCH(14&"|"&$A110&"|"&D$109,'Transition Stepwise'!$E$2:$E$1137,0)) -> 161 | E110: =INDEX('Transition Stepwise'!$F$2:$F$1137,MATCH(14&"|"&$A110&"|"&E$109,'Transition Stepwise'!$E$2:$E$1137,0)) -> 2 | F110: =ROUND(SUM(B110:E110),9) -> 196
A111: C | B111: =INDEX('Transition Stepwise'!$F$2:$F$1137,MATCH(14&"|"&$A111&"|"&B$109,'Transition Stepwise'!$E$2:$E$1137,0)) -> 1 | C111: =INDEX('Transition Stepwise'!$F$2:$F$1137,MATCH(14&"|"&$A111&"|"&C$109,'Transition Stepwise'!$E$2:$E$1137,0)) -> 0 | D111: =INDEX('Transition Stepwise'!$F$2:$F$1137,MATCH(14&"|"&$A111&"|"&D$109,'Transition Stepwise'!$E$2:$E$1137,0)) -> 0 | E111: =INDEX('Transition Stepwise'!$F$2:$F$1137,MATCH(14&"|"&$A111&"|"&E$109,'Transition Stepwise'!$E$2:$E$1137,0)) -> 0 | F111: =ROUND(SUM(B111:E111),9) -> 1
A112: G | B112: =INDEX('Transition Stepwise'!$F$2:$F$1137,MATCH(14&"|"&$A112&"|"&B$109,'Transition Stepwise'!$E$2:$E$1137,0)) -> 0 | C112: =INDEX('Transition Stepwise'!$F$2:$F$1137,MATCH(14&"|"&$A112&"|"&C$109,'Transition Stepwise'!$E$2:$E$1137,0)) -> 1 | D112: =INDEX('Transition Stepwise'!$F$2:$F$1137,MATCH(14&"|"&$A112&"|"&D$109,'Transition Stepwise'!$E$2:$E$1137,0)) -> 0 | E112: =INDEX('Transition Stepwise'!$F$2:$F$1137,MATCH(14&"|"&$A112&"|"&E$109,'Transition Stepwise'!$E$2:$E$1137,0)) -> 0 | F112: =ROUND(SUM(B112:E112),9) -> 1
A113: U | B113: =INDEX('Transition Stepwise'!$F$2:$F$1137,MATCH(14&"|"&$A113&"|"&B$109,'Transition Stepwise'!$E$2:$E$1137,0)) -> 0 | C113: =INDEX('Transition Stepwise'!$F$2:$F$1137,MATCH(14&"|"&$A113&"|"&C$109,'Transition Stepwise'!$E$2:$E$1137,0)) -> 0 | D113: =INDEX('Transition Stepwise'!$F$2:$F$1137,MATCH(14&"|"&$A113&"|"&D$109,'Transition Stepwise'!$E$2:$E$1137,0)) -> 0 | E113: =INDEX('Transition Stepwise'!$F$2:$F$1137,MATCH(14&"|"&$A113&"|"&E$109,'Transition Stepwise'!$E$2:$E$1137,0)) -> 0 | F113: =ROUND(SUM(B113:E113),9) -> 0
A116: Transition 15 -> 16
A117: FROM \ TO | B117: A | C117: C | D117: G | E117: U | F117: Row total
A118: A | B118: =INDEX('Transition Stepwise'!$F$2:$F$1137,MATCH(15&"|"&$A118&"|"&B$117,'Transition Stepwise'!$E$2:$E$1137,0)) -> 1 | C118: =INDEX('Transition Stepwise'!$F$2:$F$1137,MATCH(15&"|"&$A118&"|"&C$117,'Transition Stepwise'!$E$2:$E$1137,0)) -> 1 | D118: =INDEX('Transition Stepwise'!$F$2:$F$1137,MATCH(15&"|"&$A118&"|"&D$117,'Transition Stepwise'!$E$2:$E$1137,0)) -> 0 | E118: =INDEX('Transition Stepwise'!$F$2:$F$1137,MATCH(15&"|"&$A118&"|"&E$117,'Transition Stepwise'!$E$2:$E$1137,0)) -> 15 | F118: =ROUND(SUM(B118:E118),9) -> 17
A119: C | B119: =INDEX('Transition Stepwise'!$F$2:$F$1137,MATCH(15&"|"&$A119&"|"&B$117,'Transition Stepwise'!$E$2:$E$1137,0)) -> 0 | C119: =INDEX('Transition Stepwise'!$F$2:$F$1137,MATCH(15&"|"&$A119&"|"&C$117,'Transition Stepwise'!$E$2:$E$1137,0)) -> 0 | D119: =INDEX('Transition Stepwise'!$F$2:$F$1137,MATCH(15&"|"&$A119&"|"&D$117,'Transition Stepwise'!$E$2:$E$1137,0)) -> 0 | E119: =INDEX('Transition Stepwise'!$F$2:$F$1137,MATCH(15&"|"&$A119&"|"&E$117,'Transition Stepwise'!$E$2:$E$1137,0)) -> 1 | F119: =ROUND(SUM(B119:E119),9) -> 1
A120: G | B120: =INDEX('Transition Stepwise'!$F$2:$F$1137,MATCH(15&"|"&$A120&"|"&B$117,'Transition Stepwise'!$E$2:$E$1137,0)) -> 2 | C120: =INDEX('Transition Stepwise'!$F$2:$F$1137,MATCH(15&"|"&$A120&"|"&C$117,'Transition Stepwise'!$E$2:$E$1137,0)) -> 45 | D120: =INDEX('Transition Stepwise'!$F$2:$F$1137,MATCH(15&"|"&$A120&"|"&D$117,'Transition Stepwise'!$E$2:$E$1137,0)) -> 3 | E120: =INDEX('Transition Stepwise'!$F$2:$F$1137,MATCH(15&"|"&$A120&"|"&E$117,'Transition Stepwise'!$E$2:$E$1137,0)) -> 63 | F120: =ROUND(SUM(B120:E120),9) -> 113
A121: U | B121: =INDEX('Transition Stepwise'!$F$2:$F$1137,MATCH(15&"|"&$A121&"|"&B$117,'Transition Stepwise'!$E$2:$E$1137,0)) -> 0 | C121: =INDEX('Transition Stepwise'!$F$2:$F$1137,MATCH(15&"|"&$A121&"|"&C$117,'Transition Stepwise'!$E$2:$E$1137,0)) -> 1 | D121: =INDEX('Transition Stepwise'!$F$2:$F$1137,MATCH(15&"|"&$A121&"|"&D$117,'Transition Stepwise'!$E$2:$E$1137,0)) -> 0 | E121: =INDEX('Transition Stepwise'!$F$2:$F$1137,MATCH(15&"|"&$A121&"|"&E$117,'Transition Stepwise'!$E$2:$E$1137,0)) -> 0 | F121: =ROUND(SUM(B121:E121),9) -> 1
A124: Transition 16 -> 17
A125: FROM \ TO | B125: A | C125: C | D125: G | E125: U | F125: Row total
A126: A | B126: =INDEX('Transition Stepwise'!$F$2:$F$1137,MATCH(16&"|"&$A126&"|"&B$125,'Transition Stepwise'!$E$2:$E$1137,0)) -> 0 | C126: =INDEX('Transition Stepwise'!$F$2:$F$1137,MATCH(16&"|"&$A126&"|"&C$125,'Transition Stepwise'!$E$2:$E$1137,0)) -> 1 | D126: =INDEX('Transition Stepwise'!$F$2:$F$1137,MATCH(16&"|"&$A126&"|"&D$125,'Transition Stepwise'!$E$2:$E$1137,0)) -> 0 | E126: =INDEX('Transition Stepwise'!$F$2:$F$1137,MATCH(16&"|"&$A126&"|"&E$125,'Transition Stepwise'!$E$2:$E$1137,0)) -> 2 | F126: =ROUND(SUM(B126:E126),9) -> 3
A127: C | B127: =INDEX('Transition Stepwise'!$F$2:$F$1137,MATCH(16&"|"&$A127&"|"&B$125,'Transition Stepwise'!$E$2:$E$1137,0)) -> 1 | C127: =INDEX('Transition Stepwise'!$F$2:$F$1137,MATCH(16&"|"&$A127&"|"&C$125,'Transition Stepwise'!$E$2:$E$1137,0)) -> 22 | D127: =INDEX('Transition Stepwise'!$F$2:$F$1137,MATCH(16&"|"&$A127&"|"&D$125,'Transition Stepwise'!$E$2:$E$1137,0)) -> 0 | E127: =INDEX('Transition Stepwise'!$F$2:$F$1137,MATCH(16&"|"&$A127&"|"&E$125,'Transition Stepwise'!$E$2:$E$1137,0)) -> 23 | F127: =ROUND(SUM(B127:E127),9) -> 46
A128: G | B128: =INDEX('Transition Stepwise'!$F$2:$F$1137,MATCH(16&"|"&$A128&"|"&B$125,'Transition Stepwise'!$E$2:$E$1137,0)) -> 0 | C128: =INDEX('Transition Stepwise'!$F$2:$F$1137,MATCH(16&"|"&$A128&"|"&C$125,'Transition Stepwise'!$E$2:$E$1137,0)) -> 0 | D128: =INDEX('Transition Stepwise'!$F$2:$F$1137,MATCH(16&"|"&$A128&"|"&D$125,'Transition Stepwise'!$E$2:$E$1137,0)) -> 1 | E128: =INDEX('Transition Stepwise'!$F$2:$F$1137,MATCH(16&"|"&$A128&"|"&E$125,'Transition Stepwise'!$E$2:$E$1137,0)) -> 2 | F128: =ROUND(SUM(B128:E128),9) -> 3
A129: U | B129: =INDEX('Transition Stepwise'!$F$2:$F$1137,MATCH(16&"|"&$A129&"|"&B$125,'Transition Stepwise'!$E$2:$E$1137,0)) -> 7 | C129: =INDEX('Transition Stepwise'!$F$2:$F$1137,MATCH(16&"|"&$A129&"|"&C$125,'Transition Stepwise'!$E$2:$E$1137,0)) -> 21 | D129: =INDEX('Transition Stepwise'!$F$2:$F$1137,MATCH(16&"|"&$A129&"|"&D$125,'Transition Stepwise'!$E$2:$E$1137,0)) -> 1 | E129: =INDEX('Transition Stepwise'!$F$2:$F$1137,MATCH(16&"|"&$A129&"|"&E$125,'Transition Stepwise'!$E$2:$E$1137,0)) -> 49 | F129: =ROUND(SUM(B129:E129),9) -> 78
A132: Transition 17 -> 18
A133: FROM \ TO | B133: A | C133: C | D133: G | E133: U | F133: Row total
...

Sheet Transition Prob Matrices
A1: 71 POSITION-SPECIFIC TRANSITION PROBABILITY MATRICES (smoothed)
A2: Rows = FROM base X; columns = TO base Y
A4: Transition 1 -> 2
A5: FROM \ TO | B5: A | C5: C | D5: G | E5: U | F5: Row sum
