Workbook

Sheet Read Me
A1: tRNA MODEL v5 — VALIDATION OF 9 PREDICTED CANDIDATES AGAINST A REALISTIC NEGATIVE CONTROL
A3: FILE FORMAT
A4: Compatibility | B4: Saved as .xlsx (Office Open XML), the native format of Excel 2007 and every later version. Only functions available in Excel 2007 are used (SUM, AVERAGE, MIN, MAX, ROUND, IF, AND, LN, INDEX, MATCH, CORREL, STDEVP, SUMIF, SUMIFS, COUNTIF, COUNTIFS, AVERAGEIFS). No post-2007 function, no array formula and no table feature is used, so every cell recalculates in Excel 2007.
A6: CHECKS ON THIS BATCH
A7: 1. Reference 200 unchanged | B7: tRNA_Database_T_Psi_C_200_1.xlsx is byte-identical to the file used in the previous round (same MD5). The reference model, and therefore the emission and transition matrices, are unchanged.
A8: 2. T-Psi-C OTHER 100 unchanged | B8: Byte-identical to the previous round. 101 rows, 96 unique records, 5 exact duplicate rows removed (4 Lys, 1 Tyr). Zero overlap with the reference 200.
A9: 3. MBSW 62 unchanged | B9: Byte-identical to the previous round. 62 mature archaeal tRNAs from tRNAscan-SE.
A10: 4. The 13 random-genome file is a true legacy .xls | B10: tRNA_randomgenome_13_positions_1-72.xls is a BIFF Composite Document, not a renamed .xlsx. It was converted to .xlsx before reading. It holds the same 13 sequences as the previous round: same names, same anticodons, same lengths, same gap counts.
A11: 5. The 9 pasted candidates were verified | B11: The 9 predicted candidates supplied in the message body were transcribed and compared cell by cell against the candidate file used previously: 0 differing cells across all 9 x 72. The T to U change and the anticodon spelling (UUA / CUA / UCA rather than tta / cta / tca) are notation only.
A12: 6. Every figure reproduced | B12: Because all inputs are unchanged, the whole analysis was re-derived from this new file set as an independent check. Every statistic reproduced exactly, to the last decimal place.
A13: 7. Roles of the sets | B13: The 13 random-genome sequences are the NEGATIVE control, not candidates. The 9 predicted candidates are what is being tested. Your message refers in one place to 'our 13 candidate tRNA'; that has been read as the random-genome decoy set, consistent with how it was described when first supplied.
A15: WHY THE DECOY SET MATTERS
A16: The gap it closes | B16: Up to v4 the only negative control was a positional permutation of a real tRNA. That is an easy negative: a scrambled tRNA has no reason to fold at all. The realistic false positive for a split-tRNA search is genomic sequence that already folds like a tRNA, which is exactly what your predictor returns when run on randomized genome.
A17: How well matched it is | B17: The 13 decoys carry the same anticodons as the real candidates (UUA and CUA), the same declared type (Sup), and overlapping lengths (71-95 against 70-93). They are therefore a properly matched hard negative.
A18: Predictor false-positive yield | B18: 13 candidates from 50 randomized genomes = 0.26 per genome.
A20: HEADLINE RESULT
A21: Against real tRNAs | B21: Separation stays perfect: AUC = 1.000. Every one of the 158 real tRNAs outscores every decoy and every permutation.
A22: Against the decoys | B22: The combined score separates the 9 predicted from the 13 decoys only weakly: predicted -0.2719 against decoy -0.3398, Mann-Whitney p = 0.333, AUC = 0.624. Seven of the nine fall inside the decoy range.
A23: The GC confound | B23: GC content separates predicted from decoy far better than the model does (AUC 0.859, p = 0.005). After the linear GC effect is removed the difference disappears completely (p = 0.973, AUC = 0.496). On this evidence the positional model adds nothing beyond base composition when the task is telling a real candidate from a randomized-genome decoy.
A24: Identity features run the wrong way | B24: The decoys score HIGHER than the predicted candidates on invariant match (0.667 against 0.602) and on the T-loop (0.631 against 0.556). These features cannot be used to argue for the candidates.
A25: Stem pairing is uninformative here | B25: Predicted 0.915 against decoy 0.919. The predictor selects for foldability, so both sets fold. Stem pairing was used as a supporting criterion in v4; against this null it has no discriminating power and that v4 criterion is withdrawn.
A27: REVISED THRESHOLD
A28: Against the decoy null | B28: Decoy maximum -0.1879; weakest of the 158 real tRNAs +0.0288; recommended cut = midpoint -0.0795.
A29: Against the permutation null | B29: Cut was -0.0896 in v4. The decoy-calibrated cut is slightly stricter.
A30: Candidates clearing it | B30: 1 of 9.
A31: Candidates above the decoy maximum | B31: 2 of 9.
A33: STATISTICAL POWER — READ THIS BEFORE QUOTING ANY p VALUE
A34: The floor | B34: With 13 decoys the smallest empirical p any candidate can receive is 1/(13+1) = 0.0714. No candidate can reach p < 0.05 against this null, however good it is. The two best candidates both sit at this floor.
A35: What it would take | B35: About 99 decoys are needed before p < 0.01 is even reachable. At the observed yield of 0.26 decoys per randomized genome that means roughly 380 randomized genomes.
A36: The better experiment | B36: Generate the decoys GC-matched to the candidates, or draw them from GC-matched genomic windows. Because GC is doing all the discriminating work, a GC-matched decoy set is the test that would actually settle the question.
A38: WHAT THIS DOES AND DOES NOT SHOW
A39: Shown | B39: All 9 candidates are clearly distinguishable from real mature tRNAs, and clearly better than scrambled sequence. One candidate, trna64, also sits above every decoy and clears the decoy-calibrated threshold.
A40: Not shown | B40: That the 9 candidates as a group are distinguishable from what the predictor finds in randomized genome. On the present evidence they are not, once GC is accounted for.
A42: COMPUTED INPUTS
A43: Note | B43: Reference leave-one-out scores, the 96 T-Psi-C OTHER scores, the 62 MBSW scores, the 960 permutation scores and all ROC and Mann-Whitney statistics are computed in Python and entered as values, shown in blue. The 22 candidates and decoys are scored by live spreadsheet formula from the emission and transition tables so the chain can be audited end to end.

Sheet Database + Frequency
A1: T-PSI-C REFERENCE DATABASE (200 records, positions 1-72) WITH NUCLEOTIDE FREQUENCY BENEATH, HORIZONTAL
A2: Organism | B2: Trna No | C2: tRNA | D2: Anti codon | E2: 1 | F2: 2 | G2: 3 | H2: 4 | I2: 5 | J2: 6 | K2: 7 | L2: 8 | M2: 9 | N2: 10 | O2: 11 | P2: 12 | Q2: 13 | R2: 14 | S2: 15 | T2: 16 | U2: 17 | V2: 18 | W2: 19 | X2: 20 | Y2: 21 | Z2: 22 | AA2: 23 | AB2: 24 | AC2: 25 | AD2: 26 | AE2: 27 | AF2: 28 | AG2: 29 | AH2: 30 | AI2: 31 | AJ2: 32 | AK2: 33 | AL2: 34 | AM2: 35 | AN2: 36 | AO2: 37 | AP2: 38 | AQ2: 39 | AR2: 40 | AS2: 41 | AT2: 42 | AU2: 43 | AV2: 44 | AW2: 45 | AX2: 46 | AY2: 47 | AZ2: 48 | BA2: 49 | BB2: 50 | BC2: 51 | BD2: 52 | BE2: 53 | BF2: 54 | BG2: 55 | BH2: 56 | BI2: 57 | BJ2: 58 | BK2: 59 | BL2: 60 | BM2: 61 | BN2: 62 | BO2: 63 | BP2: 64 | BQ2: 65 | BR2: 66 | BS2: 67 | BT2: 68 | BU2: 69 | BV2: 70 | BW2: 71 | BX2: 72
A3: Aeropyrum pernix(A) | B3: tdbR00000589 | C3: ARG | D3: UCU | E3: G | F3: G | G3: G | H3: C | I3: C | J3: C | K3: G | L3: U | M3: A | N3: G | O3: C | P3: U | Q3: C | R3: A | S3: G | T3: C | U3: C | V3: G | W3: G | X3: A | Y3: A | Z3: G | AA3: A | AB3: G | AC3: C | AD3: G | AE3: C | AF3: C | AG3: G | AH3: G | AI3: C | AJ3: C | AK3: U | AL3: U | AM3: C | AN3: U | AO3: A | AP3: A | AQ3: G | AR3: C | AS3: C | AT3: G | AU3: G | AV3: U | AW3: G | AX3: C | AY3: U | AZ3: G | BA3: C | BB3: C | BC3: G | BD3: G | BE3: G | BF3: U | BG3: U | BH3: C | BI3: A | BJ3: A | BK3: A | BL3: U | BM3: C | BN3: C | BO3: C | BP3: G | BQ3: G | BR3: C | BS3: G | BT3: G | BU3: G | BV3: C | BW3: C | BX3: C
A4: Aeropyrum pernix(A) | B4: tdbR00000588 | C4: ASC | D4: GUC | E4: G | F4: C | G4: C | H4: G | I4: C | J4: G | K4: G | L4: U | M4: A | N4: G | O4: U | P4: A | Q4: U | R4: A | S4: G | T4: C | U4: C | V4: G | W4: G | X4: A | Y4: A | Z4: G | AA4: U | AB4: A | AC4: U | AD4: G | AE4: C | AF4: G | AG4: G | AH4: G | AI4: C | AJ4: C | AK4: U | AL4: G | AM4: U | AN4: C | AO4: A | AP4: A | AQ4: G | AR4: C | AS4: C | AT4: C | AU4: G | AV4: U | AW4: G | AX4: - | AY4: A | AZ4: C | BA4: C | BB4: C | BC4: G | BD4: G | BE4: G | BF4: U | BG4: U | BH4: C | BI4: A | BJ4: A | BK4: A | BL4: U | BM4: C | BN4: C | BO4: C | BP4: G | BQ4: G | BR4: C | BS4: C | BT4: G | BU4: C | BV4: G | BW4: G | BX4: C
A5: Aeropyrum pernix(A) | B5: tdbR00000583 | C5: CYS | D5: GCA | E5: G | F5: C | G5: C | H5: G | I5: G | J5: G | K5: G | L5: U | M5: G | N5: G | O5: C | P5: C | Q5: G | R5: A | S5: G | T5: - | U5: C | V5: G | W5: G | X5: U | Y5: A | Z5: A | AA5: G | AB5: G | AC5: C | AD5: G | AE5: G | AF5: C | AG5: G | AH5: G | AI5: G | AJ5: C | AK5: U | AL5: G | AM5: C | AN5: A | AO5: G | AP5: A | AQ5: C | AR5: C | AS5: C | AT5: G | AU5: U | AV5: U | AW5: A | AX5: G | AY5: U | AZ5: C | BA5: C | BB5: C | BC5: G | BD5: G | BE5: G | BF5: U | BG5: U | BH5: C | BI5: G | BJ5: A | BK5: A | BL5: U | BM5: C | BN5: C | BO5: C | BP5: G | BQ5: G | BR5: C | BS5: C | BT5: C | BU5: C | BV5: G | BW5: G | BX5: C
A6: Aeropyrum pernix(A) | B6: tdbR00000581 | C6: LYS | D6: CUU | E6: G | F6: G | G6: G | H6: C | I6: C | J6: C | K6: G | L6: U | M6: A | N6: G | O6: C | P6: U | Q6: C | R6: A | S6: G | T6: C | U6: C | V6: G | W6: G | X6: U | Y6: A | Z6: G | AA6: A | AB6: G | AC6: C | AD6: G | AE6: G | AF6: C | AG6: G | AH6: G | AI6: G | AJ6: C | AK6: U | AL6: C | AM6: U | AN6: U | AO6: A | AP6: A | AQ6: C | AR6: C | AS6: C | AT6: G | AU6: C | AV6: G | AW6: A | AX6: G | AY6: U | AZ6: C | BA6: C | BB6: C | BC6: G | BD6: G | BE6: G | BF6: U | BG6: U | BH6: C | BI6: A | BJ6: A | BK6: A | BL6: U | BM6: C | BN6: C | BO6: C | BP6: G | BQ6: G | BR6: C | BS6: G | BT6: G | BU6: G | BV6: C | BW6: C | BX6: C
A7: Aeropyrum pernix(A) | B7: tdbR00000580 | C7: LYS | D7: UUU | E7: G | F7: G | G7: G | H7: C | I7: C | J7: C | K7: G | L7: U | M7: A | N7: G | O7: C | P7: U | Q7: C | R7: A | S7: G | T7: C | U7: C | V7: G | W7: G | X7: C | Y7: A | Z7: G | AA7: A | AB7: G | AC7: C | AD7: G | AE7: G | AF7: C | AG7: G | AH7: G | AI7: G | AJ7: C | AK7: U | AL7: U | AM7: U | AN7: U | AO7: A | AP7: C | AQ7: C | AR7: C | AS7: C | AT7: G | AU7: C | AV7: G | AW7: G | AX7: A | AY7: U | AZ7: C | BA7: C | BB7: C | BC7: G | BD7: G | BE7: G | BF7: U | BG7: U | BH7: C | BI7: A | BJ7: A | BK7: A | BL7: U | BM7: C | BN7: C | BO7: C | BP7: G | BQ7: G | BR7: C | BS7: G | BT7: G | BU7: G | BV7: C | BW7: C | BX7: C
A8: Aeropyrum pernix(A) | B8: tdbR00000586 | C8: MET | D8: CAU | E8: G | F8: G | G8: G | H8: C | I8: C | J8: C | K8: G | L8: U | M8: A | N8: G | O8: C | P8: U | Q8: C | R8: A | S8: G | T8: C | U8: C | V8: G | W8: G | X8: U | Y8: A | Z8: G | AA8: A | AB8: G | AC8: C | AD8: G | AE8: C | AF8: C | AG8: C | AH8: G | AI8: G | AJ8: C | AK8: U | AL8: C | AM8: A | AN8: U | AO8: A | AP8: A | AQ8: C | AR8: C | AS8: G | AT8: G | AU8: G | AV8: U | AW8: G | AX8: G | AY8: U | AZ8: C | BA8: G | BB8: G | BC8: G | BD8: G | BE8: G | BF8: U | BG8: U | BH8: C | BI8: A | BJ8: A | BK8: A | BL8: U | BM8: C | BN8: C | BO8: C | BP8: C | BQ8: C | BR8: C | BS8: G | BT8: G | BU8: G | BV8: C | BW8: C | BX8: C
A9: Aeropyrum pernix(A) | B9: tdbR00000587 | C9: MET | D9: CAU | E9: G | F9: C | G9: C | H9: G | I9: C | J9: C | K9: G | L9: U | M9: A | N9: G | O9: C | P9: U | Q9: C | R9: A | S9: G | T9: C | U9: C | V9: G | W9: G | X9: C | Y9: A | Z9: G | AA9: A | AB9: G | AC9: C | AD9: G | AE9: C | AF9: C | AG9: G | AH9: G | AI9: A | AJ9: C | AK9: U | AL9: C | AM9: A | AN9: U | AO9: A | AP9: A | AQ9: U | AR9: C | AS9: C | AT9: G | AU9: G | AV9: A | AW9: G | AX9: G | AY9: U | AZ9: C | BA9: C | BB9: C | BC9: G | BD9: G | BE9: G | BF9: U | BG9: U | BH9: C | BI9: G | BJ9: A | BK9: A | BL9: U | BM9: C | BN9: C | BO9: C | BP9: G | BQ9: G | BR9: C | BS9: G | BT9: G | BU9: C | BV9: G | BW9: G | BX9: C
A10: Aeropyrum pernix(A) | B10: tdbR00000579 | C10: PRO | D10: CGG | E10: G | F10: G | G10: G | H10: C | I10: C | J10: C | K10: G | L10: G | M10: C | N10: G | O10: U | P10: C | Q10: U | R10: A | S10: G | T10: C | U10: C | V10: G | W10: G | X10: C | Y10: A | Z10: A | AA10: G | AB10: A | AC10: U | AD10: G | AE10: C | AF10: G | AG10: G | AH10: G | AI10: G | AJ10: U | AK10: A | AL10: C | AM10: G | AN10: G | AO10: G | AP10: A | AQ10: C | AR10: C | AS10: C | AT10: C | AU10: G | AV10: U | AW10: G | AX10: G | AY10: U | AZ10: C | BA10: C | BB10: G | BC10: G | BD10: G | BE10: G | BF10: U | BG10: U | BH10: C | BI10: A | BJ10: A | BK10: A | BL10: U | BM10: C | BN10: C | BO10: C | BP10: C | BQ10: G | BR10: C | BS10: G | BT10: G | BU10: G | BV10: C | BW10: C | BX10: C
A11: Aeropyrum pernix(A) | B11: tdbR00000584 | C11: PRO | D11: GGG | E11: G | F11: G | G11: G | H11: G | I11: C | J11: C | K11: G | L11: U | M11: C | N11: G | O11: U | P11: C | Q11: U | R11: A | S11: G | T11: C | U11: C | V11: G | W11: G | X11: C | Y11: A | Z11: G | AA11: G | AB11: A | AC11: U | AD11: G | AE11: C | AF11: C | AG11: A | AH11: G | AI11: C | AJ11: C | AK11: U | AL11: G | AM11: G | AN11: G | AO11: G | AP11: C | AQ11: G | AR11: C | AS11: U | AT11: G | AU11: G | AV11: U | AW11: G | AX11: G | AY11: U | AZ11: C | BA11: C | BB11: C | BC11: G | BD11: G | BE11: G | BF11: U | BG11: U | BH11: C | BI11: A | BJ11: A | BK11: A | BL11: U | BM11: C | BN11: C | BO11: C | BP11: G | BQ11: G | BR11: C | BS11: G | BT11: G | BU11: C | BV11: C | BW11: C | BX11: C
A12: Aeropyrum pernix(A) | B12: tdbR00000585 | C12: THR | D12: CGU | E12: G | F12: C | G12: C | H12: G | I12: C | J12: C | K12: G | L12: U | M12: A | N12: G | O12: C | P12: U | Q12: C | R12: A | S12: G | T12: - | U12: C | V12: G | W12: G | X12: U | Y12: A | Z12: G | AA12: A | AB12: G | AC12: C | AD12: G | AE12: C | AF12: C | AG12: G | AH12: G | AI12: C | AJ12: C | AK12: U | AL12: C | AM12: G | AN12: U | AO12: A | AP12: A | AQ12: G | AR12: C | AS12: C | AT12: G | AU12: G | AV12: U | AW12: G | AX12: G | AY12: U | AZ12: C | BA12: G | BB12: C | BC12: G | BD12: G | BE12: G | BF12: U | BG12: U | BH12: C | BI12: G | BJ12: A | BK12: A | BL12: U | BM12: C | BN12: C | BO12: C | BP12: G | BQ12: C | BR12: C | BS12: G | BT12: G | BU12: C | BV12: G | BW12: G | BX12: C
A13: Aeropyrum pernix(A) | B13: tdbR00000582 | C13: TYR | D13: GUA | E13: C | F13: C | G13: C | H13: G | I13: C | J13: C | K13: G | L13: U | M13: A | N13: G | O13: C | P13: U | Q13: C | R13: A | S13: G | T13: - | U13: C | V13: G | W13: G | X13: C | Y13: A | Z13: G | AA13: A | AB13: G | AC13: C | AD13: G | AE13: C | AF13: C | AG13: C | AH13: G | AI13: G | AJ13: C | AK13: U | AL13: G | AM13: U | AN13: A | AO13: C | AP13: A | AQ13: C | AR13: C | AS13: G | AT13: G | AU13: G | AV13: U | AW13: G | AX13: G | AY13: U | AZ13: C | BA13: C | BB13: G | BC13: G | BD13: G | BE13: G | BF13: U | BG13: U | BH13: C | BI13: G | BJ13: A | BK13: A | BL13: U | BM13: C | BN13: C | BO13: C | BP13: C | BQ13: G | BR13: C | BS13: G | BT13: G | BU13: C | BV13: G | BW13: G | BX13: G
A14: Escherichia coli(B) | B14: tdbR00000008 | C14: Ala | D14: GGC | E14: G | F14: G | G14: G | H14: G | I14: C | J14: U | K14: A | L14: U | M14: A | N14: G | O14: C | P14: U | Q14: C | R14: A | S14: G | T14: C | U14: U | V14: G | W14: G | X14: G | Y14: A | Z14: G | AA14: A | AB14: G | AC14: C | AD14: G | AE14: C | AF14: U | AG14: U | AH14: G | AI14: C | AJ14: A | AK14: U | AL14: G | AM14: G | AN14: C | AO14: A | AP14: U | AQ14: G | AR14: C | AS14: A | AT14: A | AU14: G | AV14: A | AW14: G | AX14: G | AY14: U | AZ14: C | BA14: A | BB14: G | BC14: C | BD14: G | BE14: G | BF14: U | BG14: U | BH14: C | BI14: G | BJ14: A | BK14: U | BL14: C | BM14: C | BN14: C | BO14: G | BP14: C | BQ14: U | BR14: U | BS14: A | BT14: G | BU14: C | BV14: U | BW14: C | BX14: C
... A202: Homo sapiens | B202: tdbR00000868 | C202: Thr | D202: AGU | E202: G | F202: C | G202: U | H202: C | I202: U | J202: U | K202: G | L202: U | M202: A | N202: G | O202: C | P202: U | Q202: C | R202: A | S202: G | T202: - | U202: U | V202: G | W202: G | X202: U | Y202: A | Z202: G | AA202: A | AB202: G | AC202: C | AD202: G | AE202: C | AF202: U | AG202: U | AH202: G | AI202: C | AJ202: C | AK202: U | AL202: A | AM202: G | AN202: U | AO202: A | AP202: A | AQ202: G | AR202: C | AS202: A | AT202: A | AU202: G | AV202: A | AW202: G | AX202: G | AY202: C | AZ202: C | BA202: C | BB202: A | BC202: G | BD202: U | BE202: G | BF202: U | BG202: U | BH202: C | BI202: A | BJ202: A | BK202: G | BL202: U | BM202: C | BN202: A | BO202: C | BP202: U | BQ202: G | BR202: C | BS202: U | BT202: G | BU202: G | BV202: A | BW202: G | BX202: C
A205: NUCLEOTIDE FREQUENCY — HORIZONTAL
A206: Counted over the 200 records above. Missing cells excluded from the valid total.
D207: Position | E207: 1 | F207: 2 | G207: 3 | H207: 4 | I207: 5 | J207: 6 | K207: 7 | L207: 8 | M207: 9 | N207: 10 | O207: 11 | P207: 12 | Q207: 13 | R207: 14 | S207: 15 | T207: 16 | U207: 17 | V207: 18 | W207: 19 | X207: 20 | Y207: 21 | Z207: 22 | AA207: 23 | AB207: 24 | AC207: 25 | AD207: 26 | AE207: 27 | AF207: 28 | AG207: 29 | AH207: 30 | AI207: 31 | AJ207: 32 | AK207: 33 | AL207: 34 | AM207: 35 | AN207: 36 | AO207: 37 | AP207: 38 | AQ207: 39 | AR207: 40 | AS207: 41 | AT207: 42 | AU207: 43 | AV207: 44 | AW207: 45 | AX207: 46 | AY207: 47 | AZ207: 48 | BA207: 49 | BB207: 50 | BC207: 51 | BD207: 52 | BE207: 53 | BF207: 54 | BG207: 55 | BH207: 56 | BI207: 57 | BJ207: 58 | BK207: 59 | BL207: 60 | BM207: 61 | BN207: 62 | BO207: 63 | BP207: 64 | BQ207: 65 | BR207: 66 | BS207: 67 | BT207: 68 | BU207: 69 | BV207: 70 | BW207: 71 | BX207: 72
D208: A | E208: 13 | F208: 6 | G208: 14 | H208: 16 | I208: 31 | J208: 34 | K208: 48 | L208: 1 | M208: 131 | N208: 0 | O208: 7 | P208: 13 | Q208: 13 | R208: 198 | S208: 33 | T208: 3 | U208: 12 | V208: 1 | W208: 1 | X208: 17 | Y208: 179 | Z208: 41 | AA208: 121 | AB208: 37 | AC208: 1 | AD208: 84 | AE208: 24 | AF208: 24 | AG208: 32 | AH208: 0 | AI208: 54 | AJ208: 6 | AK208: 1 | AL208: 9 | AM208: 62 | AN208: 43 | AO208: 151 | AP208: 147 | AQ208: 18 | AR208: 1 | AS208: 54 | AT208: 49 | AU208: 45 | AV208: 100 | AW208: 15 | AX208: 16 | AY208: 26 | AZ208: 1 | BA208: 31 | BB208: 23 | BC208: 28 | BD208: 26 | BE208: 1 | BF208: 2 | BG208: 1 | BH208: 2 | BI208: 77 | BJ208: 198 | BK208: 91 | BL208: 1 | BM208: 0 | BN208: 3 | BO208: 23 | BP208: 33 | BQ208: 9 | BR208: 43 | BS208: 42 | BT208: 15 | BU208: 25 | BV208: 23 | BW208: 5 | BX208: 16
D209: C | E209: 22 | F209: 82 | G209: 77 | H209: 61 | I209: 79 | J209: 65 | K209: 3 | L209: 0 | M209: 7 | N209: 8 | O209: 147 | P209: 29 | Q209: 130 | R209: 1 | S209: 2 | T209: 48 | U209: 63 | V209: 0 | W209: 0 | X209: 45 | Y209: 4 | Z209: 0 | AA209: 38 | AB209: 6 | AC209: 178 | AD209: 5 | AE209: 93 | AF209: 103 | AG209: 36 | AH209: 43 | AI209: 72 | AJ209: 135 | AK209: 1 | AL209: 66 | AM209: 46 | AN209: 53 | AO209: 1 | AP209: 29 | AQ209: 51 | AR209: 143 | AS209: 77 | AT209: 20 | AU209: 23 | AV209: 31 | AW209: 5 | AX209: 4 | AY209: 23 | AZ209: 168 | BA209: 57 | BB209: 87 | BC209: 41 | BD209: 2 | BE209: 1 | BF209: 0 | BG209: 1 | BH209: 196 | BI209: 0 | BJ209: 1 | BK209: 12 | BL209: 40 | BM209: 198 | BN209: 169 | BO209: 97 | BP209: 42 | BQ209: 63 | BR209: 105 | BS209: 45 | BT209: 62 | BU209: 88 | BV209: 72 | BW209: 104 | BX209: 145
D210: G | E210: 152 | F210: 106 | G210: 86 | H210: 89 | I210: 69 | J210: 48 | K210: 105 | L210: 1 | M210: 61 | N210: 192 | O210: 6 | P210: 38 | Q210: 19 | R210: 1 | S210: 162 | T210: 3 | U210: 8 | V210: 199 | W210: 197 | X210: 18 | Y210: 7 | Z210: 145 | AA210: 29 | AB210: 150 | AC210: 7 | AD210: 100 | AE210: 31 | AF210: 22 | AG210: 77 | AH210: 150 | AI210: 55 | AJ210: 0 | AK210: 0 | AL210: 67 | AM210: 51 | AN210: 32 | AO210: 48 | AP210: 1 | AQ210: 72 | AR210: 48 | AS210: 36 | AT210: 105 | AU210: 100 | AV210: 46 | AW210: 150 | AX210: 137 | AY210: 16 | AZ210: 2 | BA210: 101 | BB210: 54 | BC210: 99 | BD210: 168 | BE210: 196 | BF210: 0 | BG210: 1 | BH210: 1 | BI210: 121 | BJ210: 0 | BK210: 47 | BL210: 2 | BM210: 1 | BN210: 2 | BO210: 48 | BP210: 92 | BQ210: 57 | BR210: 2 | BS210: 75 | BT210: 87 | BU210: 70 | BV210: 75 | BW210: 82 | BX210: 18
D211: U | E211: 13 | F211: 6 | G211: 23 | H211: 34 | I211: 21 | J211: 53 | K211: 44 | L211: 198 | M211: 0 | N211: 0 | O211: 40 | P211: 120 | Q211: 38 | R211: 0 | S211: 2 | T211: 79 | U211: 114 | V211: 0 | W211: 2 | X211: 119 | Y211: 10 | Z211: 14 | AA211: 12 | AB211: 7 | AC211: 14 | AD211: 11 | AE211: 52 | AF211: 51 | AG211: 55 | AH211: 7 | AI211: 19 | AJ211: 59 | AK211: 198 | AL211: 58 | AM211: 41 | AN211: 72 | AO211: 0 | AP211: 23 | AQ211: 59 | AR211: 8 | AS211: 33 | AT211: 26 | AU211: 32 | AV211: 23 | AW211: 28 | AX211: 12 | AY211: 135 | AZ211: 29 | BA211: 11 | BB211: 36 | BC211: 31 | BD211: 4 | BE211: 2 | BF211: 198 | BG211: 197 | BH211: 1 | BI211: 1 | BJ211: 1 | BK211: 50 | BL211: 157 | BM211: 1 | BN211: 26 | BO211: 32 | BP211: 33 | BQ211: 70 | BR211: 50 | BS211: 38 | BT211: 36 | BU211: 17 | BV211: 30 | BW211: 9 | BX211: 21
D212: Missing | E212: 0 | F212: 0 | G212: 0 | H212: 0 | I212: 0 | J212: 0 | K212: 0 | L212: 0 | M212: 1 | N212: 0 | O212: 0 | P212: 0 | Q212: 0 | R212: 0 | S212: 1 | T212: 67 | U212: 3 | V212: 0 | W212: 0 | X212: 1 | Y212: 0 | Z212: 0 | AA212: 0 | AB212: 0 | AC212: 0 | AD212: 0 | AE212: 0 | AF212: 0 | AG212: 0 | AH212: 0 | AI212: 0 | AJ212: 0 | AK212: 0 | AL212: 0 | AM212: 0 | AN212: 0 | AO212: 0 | AP212: 0 | AQ212: 0 | AR212: 0 | AS212: 0 | AT212: 0 | AU212: 0 | AV212: 0 | AW212: 2 | AX212: 31 | AY212: 0 | AZ212: 0 | BA212: 0 | BB212: 0 | BC212: 1 | BD212: 0 | BE212: 0 | BF212: 0 | BG212: 0 | BH212: 0 | BI212: 1 | BJ212: 0 | BK212: 0 | BL212: 0 | BM212: 0 | BN212: 0 | BO212: 0 | BP212: 0 | BQ212: 1 | BR212: 0 | BS212: 0 | BT212: 0 | BU212: 0 | BV212: 0 | BW212: 0 | BX212: 0
D213: Valid total | E213: =SUM(E208:E211) -> 200 | F213: =SUM(F208:F211) -> 200 | G213: =SUM(G208:G211) -> 200 | H213: =SUM(H208:H211) -> 200 | I213: =SUM(I208:I211) -> 200 | J213: =SUM(J208:J211) -> 200 | K213: =SUM(K208:K211) -> 200 | L213: =SUM(L208:L211) -> 200 | ... BX213: =SUM(BX208:BX211) -> 200
D214: Check = 200 | E214: =E212+E213 -> 200 | F214: =F212+F213 -> 200 | G214: =G212+G213 -> 200 | H214: =H212+H213 -> 200 | I214: =I212+I213 -> 200 | J214: =J212+J213 -> 200 | K214: =K212+K213 -> 200 | L214: =L212+L213 -> 200 | ... BX214: =BX212+BX213 -> 200
D215: Most frequent | E215: G | F215: G | G215: G | H215: G | I215: C | J215: C | K215: G | L215: U | M215: A | N215: G | O215: C | P215: U | Q215: C | R215: A | S215: G | T215: U | U215: U | V215: G | W215: G | X215: U | Y215: A | Z215: G | AA215: A | AB215: G | AC215: C | AD215: G | AE215: C | AF215: C | AG215: G | AH215: G | AI215: C | AJ215: C | AK215: U | AL215: G | AM215: A | AN215: U | AO215: A | AP215: A | AQ215: G | AR215: C | AS215: C | AT215: G | AU215: G | AV215: A | AW215: G | AX215: G | AY215: U | AZ215: C | BA215: G | BB215: C | BC215: G | BD215: G | BE215: G | BF215: U | BG215: U | BH215: C | BI215: G | BJ215: A | BK215: A | BL215: U | BM215: C | BN215: C | BO215: C | BP215: G | BQ215: U | BR215: C | BS215: G | BT215: G | BU215: C | BV215: G | BW215: C | BX215: C
D216: Its share | E216: =MAX(E208:E211)/E213 -> 0.76 | F216: =MAX(F208:F211)/F213 -> 0.53 | G216: =MAX(G208:G211)/G213 -> 0.43 | H216: =MAX(H208:H211)/H213 -> 0.445 | I216: =MAX(I208:I211)/I213 -> 0.395 | J216: =MAX(J208:J211)/J213 -> 0.325 | K216: =MAX(K208:K211)/K213 -> 0.525 | L216: =MAX(L208:L211)/L213 -> 0.99 | ... BX216: =MAX(BX208:BX211)/BX213 -> 0.725

Sheet Frequency 1-72
A1: Position | B1: A | C1: C | D1: G | E1: U | F1: Missing | G1: Valid total | H1: Check total = 200
A2: 1 | B2: ='Database + Frequency'!E208 -> 13 | C2: ='Database + Frequency'!E209 -> 22 | D2: ='Database + Frequency'!E210 -> 152 | E2: ='Database + Frequency'!E211 -> 13 | F2: ='Database + Frequency'!E212 -> 0 | G2: =SUM(B2:E2) -> 200 | H2: =F2+G2 -> 200
A3: 2 | B3: ='Database + Frequency'!F208 -> 6 | C3: ='Database + Frequency'!F209 -> 82 | D3: ='Database + Frequency'!F210 -> 106 | E3: ='Database + Frequency'!F211 -> 6 | F3: ='Database + Frequency'!F212 -> 0 | G3: =SUM(B3:E3) -> 200 | H3: =F3+G3 -> 200
A4: 3 | B4: ='Database + Frequency'!G208 -> 14 | C4: ='Database + Frequency'!G209 -> 77 | D4: ='Database + Frequency'!G210 -> 86 | E4: ='Database + Frequency'!G211 -> 23 | F4: ='Database + Frequency'!G212 -> 0 | G4: =SUM(B4:E4) -> 200 | H4: =F4+G4 -> 200
A5: 4 | B5: ='Database + Frequency'!H208 -> 16 | C5: ='Database + Frequency'!H209 -> 61 | D5: ='Database + Frequency'!H210 -> 89 | E5: ='Database + Frequency'!H211 -> 34 | F5: ='Database + Frequency'!H212 -> 0 | G5: =SUM(B5:E5) -> 200 | H5: =F5+G5 -> 200
A6: 5 | B6: ='Database + Frequency'!I208 -> 31 | C6: ='Database + Frequency'!I209 -> 79 | D6: ='Database + Frequency'!I210 -> 69 | E6: ='Database + Frequency'!I211 -> 21 | F6: ='Database + Frequency'!I212 -> 0 | G6: =SUM(B6:E6) -> 200 | H6: =F6+G6 -> 200
A7: 6 | B7: ='Database + Frequency'!J208 -> 34 | C7: ='Database + Frequency'!J209 -> 65 | D7: ='Database + Frequency'!J210 -> 48 | E7: ='Database + Frequency'!J211 -> 53 | F7: ='Database + Frequency'!J212 -> 0 | G7: =SUM(B7:E7) -> 200 | H7: =F7+G7 -> 200
A8: 7 | B8: ='Database + Frequency'!K208 -> 48 | C8: ='Database + Frequency'!K209 -> 3 | D8: ='Database + Frequency'!K210 -> 105 | E8: ='Database + Frequency'!K211 -> 44 | F8: ='Database + Frequency'!K212 -> 0 | G8: =SUM(B8:E8) -> 200 | H8: =F8+G8 -> 200
A9: 8 | B9: ='Database + Frequency'!L208 -> 1 | C9: ='Database + Frequency'!L209 -> 0 | D9: ='Database + Frequency'!L210 -> 1 | E9: ='Database + Frequency'!L211 -> 198 | F9: ='Database + Frequency'!L212 -> 0 | G9: =SUM(B9:E9) -> 200 | H9: =F9+G9 -> 200
A10: 9 | B10: ='Database + Frequency'!M208 -> 131 | C10: ='Database + Frequency'!M209 -> 7 | D10: ='Database + Frequency'!M210 -> 61 | E10: ='Database + Frequency'!M211 -> 0 | F10: ='Database + Frequency'!M212 -> 1 | G10: =SUM(B10:E10) -> 199 | H10: =F10+G10 -> 200
A11: 10 | B11: ='Database + Frequency'!N208 -> 0 | C11: ='Database + Frequency'!N209 -> 8 | D11: ='Database + Frequency'!N210 -> 192 | E11: ='Database + Frequency'!N211 -> 0 | F11: ='Database + Frequency'!N212 -> 0 | G11: =SUM(B11:E11) -> 200 | H11: =F11+G11 -> 200
A12: 11 | B12: ='Database + Frequency'!O208 -> 7 | C12: ='Database + Frequency'!O209 -> 147 | D12: ='Database + Frequency'!O210 -> 6 | E12: ='Database + Frequency'!O211 -> 40 | F12: ='Database + Frequency'!O212 -> 0 | G12: =SUM(B12:E12) -> 200 | H12: =F12+G12 -> 200
A13: 12 | B13: ='Database + Frequency'!P208 -> 13 | C13: ='Database + Frequency'!P209 -> 29 | D13: ='Database + Frequency'!P210 -> 38 | E13: ='Database + Frequency'!P211 -> 120 | F13: ='Database + Frequency'!P212 -> 0 | G13: =SUM(B13:E13) -> 200 | H13: =F13+G13 -> 200
A14: 13 | B14: ='Database + Frequency'!Q208 -> 13 | C14: ='Database + Frequency'!Q209 -> 130 | D14: ='Database + Frequency'!Q210 -> 19 | E14: ='Database + Frequency'!Q211 -> 38 | F14: ='Database + Frequency'!Q212 -> 0 | G14: =SUM(B14:E14) -> 200 | H14: =F14+G14 -> 200
A15: 14 | B15: ='Database + Frequency'!R208 -> 198 | C15: ='Database + Frequency'!R209 -> 1 | D15: ='Database + Frequency'!R210 -> 1 | E15: ='Database + Frequency'!R211 -> 0 | F15: ='Database + Frequency'!R212 -> 0 | G15: =SUM(B15:E15) -> 200 | H15: =F15+G15 -> 200
A16: 15 | B16: ='Database + Frequency'!S208 -> 33 | C16: ='Database + Frequency'!S209 -> 2 | D16: ='Database + Frequency'!S210 -> 162 | E16: ='Database + Frequency'!S211 -> 2 | F16: ='Database + Frequency'!S212 -> 1 | G16: =SUM(B16:E16) -> 199 | H16: =F16+G16 -> 200
A17: 16 | B17: ='Database + Frequency'!T208 -> 3 | C17: ='Database + Frequency'!T209 -> 48 | D17: ='Database + Frequency'!T210 -> 3 | E17: ='Database + Frequency'!T211 -> 79 | F17: ='Database + Frequency'!T212 -> 67 | G17: =SUM(B17:E17) -> 133 | H17: =F17+G17 -> 200
A18: 17 | B18: ='Database + Frequency'!U208 -> 12 | C18: ='Database + Frequency'!U209 -> 63 | D18: ='Database + Frequency'!U210 -> 8 | E18: ='Database + Frequency'!U211 -> 114 | F18: ='Database + Frequency'!U212 -> 3 | G18: =SUM(B18:E18) -> 197 | H18: =F18+G18 -> 200
A19: 18 | B19: ='Database + Frequency'!V208 -> 1 | C19: ='Database + Frequency'!V209 -> 0 | D19: ='Database + Frequency'!V210 -> 199 | E19: ='Database + Frequency'!V211 -> 0 | F19: ='Database + Frequency'!V212 -> 0 | G19: =SUM(B19:E19) -> 200 | H19: =F19+G19 -> 200
A20: 19 | B20: ='Database + Frequency'!W208 -> 1 | C20: ='Database + Frequency'!W209 -> 0 | D20: ='Database + Frequency'!W210 -> 197 | E20: ='Database + Frequency'!W211 -> 2 | F20: ='Database + Frequency'!W212 -> 0 | G20: =SUM(B20:E20) -> 200 | H20: =F20+G20 -> 200
A21: 20 | B21: ='Database + Frequency'!X208 -> 17 | C21: ='Database + Frequency'!X209 -> 45 | D21: ='Database + Frequency'!X210 -> 18 | E21: ='Database + Frequency'!X211 -> 119 | F21: ='Database + Frequency'!X212 -> 1 | G21: =SUM(B21:E21) -> 199 | H21: =F21+G21 -> 200
A22: 21 | B22: ='Database + Frequency'!Y208 -> 179 | C22: ='Database + Frequency'!Y209 -> 4 | D22: ='Database + Frequency'!Y210 -> 7 | E22: ='Database + Frequency'!Y211 -> 10 | F22: ='Database + Frequency'!Y212 -> 0 | G22: =SUM(B22:E22) -> 200 | H22: =F22+G22 -> 200
A23: 22 | B23: ='Database + Frequency'!Z208 -> 41 | C23: ='Database + Frequency'!Z209 -> 0 | D23: ='Database + Frequency'!Z210 -> 145 | E23: ='Database + Frequency'!Z211 -> 14 | F23: ='Database + Frequency'!Z212 -> 0 | G23: =SUM(B23:E23) -> 200 | H23: =F23+G23 -> 200
A24: 23 | B24: ='Database + Frequency'!AA208 -> 121 | C24: ='Database + Frequency'!AA209 -> 38 | D24: ='Database + Frequency'!AA210 -> 29 | E24: ='Database + Frequency'!AA211 -> 12 | F24: ='Database + Frequency'!AA212 -> 0 | G24: =SUM(B24:E24) -> 200 | H24: =F24+G24 -> 200
A25: 24 | B25: ='Database + Frequency'!AB208 -> 37 | C25: ='Database + Frequency'!AB209 -> 6 | D25: ='Database + Frequency'!AB210 -> 150 | E25: ='Database + Frequency'!AB211 -> 7 | F25: ='Database + Frequency'!AB212 -> 0 | G25: =SUM(B25:E25) -> 200 | H25: =F25+G25 -> 200
A26: 25 | B26: ='Database + Frequency'!AC208 -> 1 | C26: ='Database + Frequency'!AC209 -> 178 | D26: ='Database + Frequency'!AC210 -> 7 | E26: ='Database + Frequency'!AC211 -> 14 | F26: ='Database + Frequency'!AC212 -> 0 | G26: =SUM(B26:E26) -> 200 | H26: =F26+G26 -> 200
A27: 26 | B27: ='Database + Frequency'!AD208 -> 84 | C27: ='Database + Frequency'!AD209 -> 5 | D27: ='Database + Frequency'!AD210 -> 100 | E27: ='Database + Frequency'!AD211 -> 11 | F27: ='Database + Frequency'!AD212 -> 0 | G27: =SUM(B27:E27) -> 200 | H27: =F27+G27 -> 200
A28: 27 | B28: ='Database + Frequency'!AE208 -> 24 | C28: ='Database + Frequency'!AE209 -> 93 | D28: ='Database + Frequency'!AE210 -> 31 | E28: ='Database + Frequency'!AE211 -> 52 | F28: ='Database + Frequency'!AE212 -> 0 | G28: =SUM(B28:E28) -> 200 | H28: =F28+G28 -> 200
A29: 28 | B29: ='Database + Frequency'!AF208 -> 24 | C29: ='Database + Frequency'!AF209 -> 103 | D29: ='Database + Frequency'!AF210 -> 22 | E29: ='Database + Frequency'!AF211 -> 51 | F29: ='Database + Frequency'!AF212 -> 0 | G29: =SUM(B29:E29) -> 200 | H29: =F29+G29 -> 200
A30: 29 | B30: ='Database + Frequency'!AG208 -> 32 | C30: ='Database + Frequency'!AG209 -> 36 | D30: ='Database + Frequency'!AG210 -> 77 | E30: ='Database + Frequency'!AG211 -> 55 | F30: ='Database + Frequency'!AG212 -> 0 | G30: =SUM(B30:E30) -> 200 | H30: =F30+G30 -> 200
A31: 30 | B31: ='Database + Frequency'!AH208 -> 0 | C31: ='Database + Frequency'!AH209 -> 43 | D31: ='Database + Frequency'!AH210 -> 150 | E31: ='Database + Frequency'!AH211 -> 7 | F31: ='Database + Frequency'!AH212 -> 0 | G31: =SUM(B31:E31) -> 200 | H31: =F31+G31 -> 200
A32: 31 | B32: ='Database + Frequency'!AI208 -> 54 | C32: ='Database + Frequency'!AI209 -> 72 | D32: ='Database + Frequency'!AI210 -> 55 | E32: ='Database + Frequency'!AI211 -> 19 | F32: ='Database + Frequency'!AI212 -> 0 | G32: =SUM(B32:E32) -> 200 | H32: =F32+G32 -> 200
A33: 32 | B33: ='Database + Frequency'!AJ208 -> 6 | C33: ='Database + Frequency'!AJ209 -> 135 | D33: ='Database + Frequency'!AJ210 -> 0 | E33: ='Database + Frequency'!AJ211 -> 59 | F33: ='Database + Frequency'!AJ212 -> 0 | G33: =SUM(B33:E33) -> 200 | H33: =F33+G33 -> 200
A34: 33 | B34: ='Database + Frequency'!AK208 -> 1 | C34: ='Database + Frequency'!AK209 -> 1 | D34: ='Database + Frequency'!AK210 -> 0 | E34: ='Database + Frequency'!AK211 -> 198 | F34: ='Database + Frequency'!AK212 -> 0 | G34: =SUM(B34:E34) -> 200 | H34: =F34+G34 -> 200
A35: 34 | B35: ='Database + Frequency'!AL208 -> 9 | C35: ='Database + Frequency'!AL209 -> 66 | D35: ='Database + Frequency'!AL210 -> 67 | E35: ='Database + Frequency'!AL211 -> 58 | F35: ='Database + Frequency'!AL212 -> 0 | G35: =SUM(B35:E35) -> 200 | H35: =F35+G35 -> 200
A36: 35 | B36: ='Database + Frequency'!AM208 -> 62 | C36: ='Database + Frequency'!AM209 -> 46 | D36: ='Database + Frequency'!AM210 -> 51 | E36: ='Database + Frequency'!AM211 -> 41 | F36: ='Database + Frequency'!AM212 -> 0 | G36: =SUM(B36:E36) -> 200 | H36: =F36+G36 -> 200
A37: 36 | B37: ='Database + Frequency'!AN208 -> 43 | C37: ='Database + Frequency'!AN209 -> 53 | D37: ='Database + Frequency'!AN210 -> 32 | E37: ='Database + Frequency'!AN211 -> 72 | F37: ='Database + Frequency'!AN212 -> 0 | G37: =SUM(B37:E37) -> 200 | H37: =F37+G37 -> 200
A38: 37 | B38: ='Database + Frequency'!AO208 -> 151 | C38: ='Database + Frequency'!AO209 -> 1 | D38: ='Database + Frequency'!AO210 -> 48 | E38: ='Database + Frequency'!AO211 -> 0 | F38: ='Database + Frequency'!AO212 -> 0 | G38: =SUM(B38:E38) -> 200 | H38: =F38+G38 -> 200
A39: 38 | B39: ='Database + Frequency'!AP208 -> 147 | C39: ='Database + Frequency'!AP209 -> 29 | D39: ='Database + Frequency'!AP210 -> 1 | E39: ='Database + Frequency'!AP211 -> 23 | F39: ='Database + Frequency'!AP212 -> 0 | G39: =SUM(B39:E39) -> 200 | H39: =F39+G39 -> 200
A40: 39 | B40: ='Database + Frequency'!AQ208 -> 18 | C40: ='Database + Frequency'!AQ209 -> 51 | D40: ='Database + Frequency'!AQ210 -> 72 | E40: ='Database + Frequency'!AQ211 -> 59 | F40: ='Database + Frequency'!AQ212 -> 0 | G40: =SUM(B40:E40) -> 200 | H40: =F40+G40 -> 200
A41: 40 | B41: ='Database + Frequency'!AR208 -> 1 | C41: ='Database + Frequency'!AR209 -> 143 | D41: ='Database + Frequency'!AR210 -> 48 | E41: ='Database + Frequency'!AR211 -> 8 | F41: ='Database + Frequency'!AR212 -> 0 | G41: =SUM(B41:E41) -> 200 | H41: =F41+G41 -> 200
A42: 41 | B42: ='Database + Frequency'!AS208 -> 54 | C42: ='Database + Frequency'!AS209 -> 77 | D42: ='Database + Frequency'!AS210 -> 36 | E42: ='Database + Frequency'!AS211 -> 33 | F42: ='Database + Frequency'!AS212 -> 0 | G42: =SUM(B42:E42) -> 200 | H42: =F42+G42 -> 200
A43: 42 | B43: ='Database + Frequency'!AT208 -> 49 | C43: ='Database + Frequency'!AT209 -> 20 | D43: ='Database + Frequency'!AT210 -> 105 | E43: ='Database + Frequency'!AT211 -> 26 | F43: ='Database + Frequency'!AT212 -> 0 | G43: =SUM(B43:E43) -> 200 | H43: =F43+G43 -> 200
A44: 43 | B44: ='Database + Frequency'!AU208 -> 45 | C44: ='Database + Frequency'!AU209 -> 23 | D44: ='Database + Frequency'!AU210 -> 100 | E44: ='Database + Frequency'!AU211 -> 32 | F44: ='Database + Frequency'!AU212 -> 0 | G44: =SUM(B44:E44) -> 200 | H44: =F44+G44 -> 200
A45: 44 | B45: ='Database + Frequency'!AV208 -> 100 | C45: ='Database + Frequency'!AV209 -> 31 | D45: ='Database + Frequency'!AV210 -> 46 | E45: ='Database + Frequency'!AV211 -> 23 | F45: ='Database + Frequency'!AV212 -> 0 | G45: =SUM(B45:E45) -> 200 | H45: =F45+G45 -> 200
A46: 45 | B46: ='Database + Frequency'!AW208 -> 15 | C46: ='Database + Frequency'!AW209 -> 5 | D46: ='Database + Frequency'!AW210 -> 150 | E46: ='Database + Frequency'!AW211 -> 28 | F46: ='Database + Frequency'!AW212 -> 2 | G46: =SUM(B46:E46) -> 198 | H46: =F46+G46 -> 200
A47: 46 | B47: ='Database + Frequency'!AX208 -> 16 | C47: ='Database + Frequency'!AX209 -> 4 | D47: ='Database + Frequency'!AX210 -> 137 | E47: ='Database + Frequency'!AX211 -> 12 | F47: ='Database + Frequency'!AX212 -> 31 | G47: =SUM(B47:E47) -> 169 | H47: =F47+G47 -> 200
A48: 47 | B48: ='Database + Frequency'!AY208 -> 26 | C48: ='Database + Frequency'!AY209 -> 23 | D48: ='Database + Frequency'!AY210 -> 16 | E48: ='Database + Frequency'!AY211 -> 135 | F48: ='Database + Frequency'!AY212 -> 0 | G48: =SUM(B48:E48) -> 200 | H48: =F48+G48 -> 200
A49: 48 | B49: ='Database + Frequency'!AZ208 -> 1 | C49: ='Database + Frequency'!AZ209 -> 168 | D49: ='Database + Frequency'!AZ210 -> 2 | E49: ='Database + Frequency'!AZ211 -> 29 | F49: ='Database + Frequency'!AZ212 -> 0 | G49: =SUM(B49:E49) -> 200 | H49: =F49+G49 -> 200
A50: 49 | B50: ='Database + Frequency'!BA208 -> 31 | C50: ='Database + Frequency'!BA209 -> 57 | D50: ='Database + Frequency'!BA210 -> 101 | E50: ='Database + Frequency'!BA211 -> 11 | F50: ='Database + Frequency'!BA212 -> 0 | G50: =SUM(B50:E50) -> 200 | H50: =F50+G50 -> 200
A51: 50 | B51: ='Database + Frequency'!BB208 -> 23 | C51: ='Database + Frequency'!BB209 -> 87 | D51: ='Database + Frequency'!BB210 -> 54 | E51: ='Database + Frequency'!BB211 -> 36 | F51: ='Database + Frequency'!BB212 -> 0 | G51: =SUM(B51:E51) -> 200 | H51: =F51+G51 -> 200
A52: 51 | B52: ='Database + Frequency'!BC208 -> 28 | C52: ='Database + Frequency'!BC209 -> 41 | D52: ='Database + Frequency'!BC210 -> 99 | E52: ='Database + Frequency'!BC211 -> 31 | F52: ='Database + Frequency'!BC212 -> 1 | G52: =SUM(B52:E52) -> 199 | H52: =F52+G52 -> 200
A53: 52 | B53: ='Database + Frequency'!BD208 -> 26 | C53: ='Database + Frequency'!BD209 -> 2 | D53: ='Database + Frequency'!BD210 -> 168 | E53: ='Database + Frequency'!BD211 -> 4 | F53: ='Database + Frequency'!BD212 -> 0 | G53: =SUM(B53:E53) -> 200 | H53: =F53+G53 -> 200
A54: 53 | B54: ='Database + Frequency'!BE208 -> 1 | C54: ='Database + Frequency'!BE209 -> 1 | D54: ='Database + Frequency'!BE210 -> 196 | E54: ='Database + Frequency'!BE211 -> 2 | F54: ='Database + Frequency'!BE212 -> 0 | G54: =SUM(B54:E54) -> 200 | H54: =F54+G54 -> 200
A55: 54 | B55: ='Database + Frequency'!BF208 -> 2 | C55: ='Database + Frequency'!BF209 -> 0 | D55: ='Database + Frequency'!BF210 -> 0 | E55: ='Database + Frequency'!BF211 -> 198 | F55: ='Database + Frequency'!BF212 -> 0 | G55: =SUM(B55:E55) -> 200 | H55: =F55+G55 -> 200
A56: 55 | B56: ='Database + Frequency'!BG208 -> 1 | C56: ='Database + Frequency'!BG209 -> 1 | D56: ='Database + Frequency'!BG210 -> 1 | E56: ='Database + Frequency'!BG211 -> 197 | F56: ='Database + Frequency'!BG212 -> 0 | G56: =SUM(B56:E56) -> 200 | H56: =F56+G56 -> 200
A57: 56 | B57: ='Database + Frequency'!BH208 -> 2 | C57: ='Database + Frequency'!BH209 -> 196 | D57: ='Database + Frequency'!BH210 -> 1 | E57: ='Database + Frequency'!BH211 -> 1 | F57: ='Database + Frequency'!BH212 -> 0 | G57: =SUM(B57:E57) -> 200 | H57: =F57+G57 -> 200
A58: 57 | B58: ='Database + Frequency'!BI208 -> 77 | C58: ='Database + Frequency'!BI209 -> 0 | D58: ='Database + Frequency'!BI210 -> 121 | E58: ='Database + Frequency'!BI211 -> 1 | F58: ='Database + Frequency'!BI212 -> 1 | G58: =SUM(B58:E58) -> 199 | H58: =F58+G58 -> 200
A59: 58 | B59: ='Database + Frequency'!BJ208 -> 198 | C59: ='Database + Frequency'!BJ209 -> 1 | D59: ='Database + Frequency'!BJ210 -> 0 | E59: ='Database + Frequency'!BJ211 -> 1 | F59: ='Database + Frequency'!BJ212 -> 0 | G59: =SUM(B59:E59) -> 200 | H59: =F59+G59 -> 200
A60: 59 | B60: ='Database + Frequency'!BK208 -> 91 | C60: ='Database + Frequency'!BK209 -> 12 | D60: ='Database + Frequency'!BK210 -> 47 | E60: ='Database + Frequency'!BK211 -> 50 | F60: ='Database + Frequency'!BK212 -> 0 | G60: =SUM(B60:E60) -> 200 | H60: =F60+G60 -> 200
A61: 60 | B61: ='Database + Frequency'!BL208 -> 1 | C61: ='Database + Frequency'!BL209 -> 40 | D61: ='Database + Frequency'!BL210 -> 2 | E61: ='Database + Frequency'!BL211 -> 157 | F61: ='Database + Frequency'!BL212 -> 0 | G61: =SUM(B61:E61) -> 200 | H61: =F61+G61 -> 200
A62: 61 | B62: ='Database + Frequency'!BM208 -> 0 | C62: ='Database + Frequency'!BM209 -> 198 | D62: ='Database + Frequency'!BM210 -> 1 | E62: ='Database + Frequency'!BM211 -> 1 | F62: ='Database + Frequency'!BM212 -> 0 | G62: =SUM(B62:E62) -> 200 | H62: =F62+G62 -> 200
A63: 62 | B63: ='Database + Frequency'!BN208 -> 3 | C63: ='Database + Frequency'!BN209 -> 169 | D63: ='Database + Frequency'!BN210 -> 2 | E63: ='Database + Frequency'!BN211 -> 26 | F63: ='Database + Frequency'!BN212 -> 0 | G63: =SUM(B63:E63) -> 200 | H63: =F63+G63 -> 200
A64: 63 | B64: ='Database + Frequency'!BO208 -> 23 | C64: ='Database + Frequency'!BO209 -> 97 | D64: ='Database + Frequency'!BO210 -> 48 | E64: ='Database + Frequency'!BO211 -> 32 | F64: ='Database + Frequency'!BO212 -> 0 | G64: =SUM(B64:E64) -> 200 | H64: =F64+G64 -> 200
A65: 64 | B65: ='Database + Frequency'!BP208 -> 33 | C65: ='Database + Frequency'!BP209 -> 42 | D65: ='Database + Frequency'!BP210 -> 92 | E65: ='Database + Frequency'!BP211 -> 33 | F65: ='Database + Frequency'!BP212 -> 0 | G65: =SUM(B65:E65) -> 200 | H65: =F65+G65 -> 200
A66: 65 | B66: ='Database + Frequency'!BQ208 -> 9 | C66: ='Database + Frequency'!BQ209 -> 63 | D66: ='Database + Frequency'!BQ210 -> 57 | E66: ='Database + Frequency'!BQ211 -> 70 | F66: ='Database + Frequency'!BQ212 -> 1 | G66: =SUM(B66:E66) -> 199 | H66: =F66+G66 -> 200
A67: 66 | B67: ='Database + Frequency'!BR208 -> 43 | C67: ='Database + Frequency'!BR209 -> 105 | D67: ='Database + Frequency'!BR210 -> 2 | E67: ='Database + Frequency'!BR211 -> 50 | F67: ='Database + Frequency'!BR212 -> 0 | G67: =SUM(B67:E67) -> 200 | H67: =F67+G67 -> 200
A68: 67 | B68: ='Database + Frequency'!BS208 -> 42 | C68: ='Database + Frequency'!BS209 -> 45 | D68: ='Database + Frequency'!BS210 -> 75 | E68: ='Database + Frequency'!BS211 -> 38 | F68: ='Database + Frequency'!BS212 -> 0 | G68: =SUM(B68:E68) -> 200 | H68: =F68+G68 -> 200
A69: 68 | B69: ='Database + Frequency'!BT208 -> 15 | C69: ='Database + Frequency'!BT209 -> 62 | D69: ='Database + Frequency'!BT210 -> 87 | E69: ='Database + Frequency'!BT211 -> 36 | F69: ='Database + Frequency'!BT212 -> 0 | G69: =SUM(B69:E69) -> 200 | H69: =F69+G69 -> 200
A70: 69 | B70: ='Database + Frequency'!BU208 -> 25 | C70: ='Database + Frequency'!BU209 -> 88 | D70: ='Database + Frequency'!BU210 -> 70 | E70: ='Database + Frequency'!BU211 -> 17 | F70: ='Database + Frequency'!BU212 -> 0 | G70: =SUM(B70:E70) -> 200 | H70: =F70+G70 -> 200
A71: 70 | B71: ='Database + Frequency'!BV208 -> 23 | C71: ='Database + Frequency'!BV209 -> 72 | D71: ='Database + Frequency'!BV210 -> 75 | E71: ='Database + Frequency'!BV211 -> 30 | F71: ='Database + Frequency'!BV212 -> 0 | G71: =SUM(B71:E71) -> 200 | H71: =F71+G71 -> 200
A72: 71 | B72: ='Database + Frequency'!BW208 -> 5 | C72: ='Database + Frequency'!BW209 -> 104 | D72: ='Database + Frequency'!BW210 -> 82 | E72: ='Database + Frequency'!BW211 -> 9 | F72: ='Database + Frequency'!BW212 -> 0 | G72: =SUM(B72:E72) -> 200 | H72: =F72+G72 -> 200
A73: 72 | B73: ='Database + Frequency'!BX208 -> 16 | C73: ='Database + Frequency'!BX209 -> 145 | D73: ='Database + Frequency'!BX210 -> 18 | E73: ='Database + Frequency'!BX211 -> 21 | F73: ='Database + Frequency'!BX212 -> 0 | G73: =SUM(B73:E73) -> 200 | H73: =F73+G73 -> 200

Sheet Background
A1: BACKGROUND FREQUENCIES (reference set, pooled over all 72 positions)
A3: Base | B3: Total count | C3: Background p
A4: A | B4: =SUM('Frequency 1-72'!B2:B73) -> 2651 | C4: =B4/$B$8 -> 0.18550136
A5: C | B5: =SUM('Frequency 1-72'!C2:C73) -> 3951 | C5: =B5/$B$8 -> 0.27646771
A6: G | B6: =SUM('Frequency 1-72'!D2:D73) -> 4643 | C6: =B6/$B$8 -> 0.32488979
A7: U | B7: =SUM('Frequency 1-72'!E2:E73) -> 3046 | C7: =B7/$B$8 -> 0.21314114
A8: Total | B8: =SUM(B4:B7) -> 14291
A9: GC content | B9: =(B5+B6)/B8 -> 0.6013575
A11: From | B11: To | C11: Dinucleotide count | D11: Background p(Y|X)
A12: A | B12: A | C12: =SUMIFS('Transition Stepwise'!$F$2:$F$1137,'Transition Stepwise'!$C$2:$C$1137,A12,'Transition Stepwise'!$D$2:$D$1137,B12) -> 573 | D12: =(C12+1)/(SUMIF($A$12:$A$27,A12,$C$12:$C$27)+4*1) -> 0.21958684
A13: A | B13: C | C13: =SUMIFS('Transition Stepwise'!$F$2:$F$1137,'Transition Stepwise'!$C$2:$C$1137,A13,'Transition Stepwise'!$D$2:$D$1137,B13) -> 418 | D13: =(C13+1)/(SUMIF($A$12:$A$27,A13,$C$12:$C$27)+4*1) -> 0.16029074
A14: A | B14: G | C14: =SUMIFS('Transition Stepwise'!$F$2:$F$1137,'Transition Stepwise'!$C$2:$C$1137,A14,'Transition Stepwise'!$D$2:$D$1137,B14) -> 1109 | D14: =(C14+1)/(SUMIF($A$12:$A$27,A14,$C$12:$C$27)+4*1) -> 0.42463657
A15: A | B15: U | C15: =SUMIFS('Transition Stepwise'!$F$2:$F$1137,'Transition Stepwise'!$C$2:$C$1137,A15,'Transition Stepwise'!$D$2:$D$1137,B15) -> 510 | D15: =(C15+1)/(SUMIF($A$12:$A$27,A15,$C$12:$C$27)+4*1) -> 0.19548585
A16: C | B16: A | C16: =SUMIFS('Transition Stepwise'!$F$2:$F$1137,'Transition Stepwise'!$C$2:$C$1137,A16,'Transition Stepwise'!$D$2:$D$1137,B16) -> 742 | D16: =(C16+1)/(SUMIF($A$12:$A$27,A16,$C$12:$C$27)+4*1) -> 0.1951668
A17: C | B17: C | C17: =SUMIFS('Transition Stepwise'!$F$2:$F$1137,'Transition Stepwise'!$C$2:$C$1137,A17,'Transition Stepwise'!$D$2:$D$1137,B17) -> 1186 | D17: =(C17+1)/(SUMIF($A$12:$A$27,A17,$C$12:$C$27)+4*1) -> 0.31179406
A18: C | B18: G | C18: =SUMIFS('Transition Stepwise'!$F$2:$F$1137,'Transition Stepwise'!$C$2:$C$1137,A18,'Transition Stepwise'!$D$2:$D$1137,B18) -> 1128 | D18: =(C18+1)/(SUMIF($A$12:$A$27,A18,$C$12:$C$27)+4*1) -> 0.29655897
A19: C | B19: U | C19: =SUMIFS('Transition Stepwise'!$F$2:$F$1137,'Transition Stepwise'!$C$2:$C$1137,A19,'Transition Stepwise'!$D$2:$D$1137,B19) -> 747 | D19: =(C19+1)/(SUMIF($A$12:$A$27,A19,$C$12:$C$27)+4*1) -> 0.19648017
A20: G | B20: A | C20: =SUMIFS('Transition Stepwise'!$F$2:$F$1137,'Transition Stepwise'!$C$2:$C$1137,A20,'Transition Stepwise'!$D$2:$D$1137,B20) -> 751 | D20: =(C20+1)/(SUMIF($A$12:$A$27,A20,$C$12:$C$27)+4*1) -> 0.16476775
A21: G | B21: C | C21: =SUMIFS('Transition Stepwise'!$F$2:$F$1137,'Transition Stepwise'!$C$2:$C$1137,A21,'Transition Stepwise'!$D$2:$D$1137,B21) -> 1167 | D21: =(C21+1)/(SUMIF($A$12:$A$27,A21,$C$12:$C$27)+4*1) -> 0.25591586
A22: G | B22: G | C22: =SUMIFS('Transition Stepwise'!$F$2:$F$1137,'Transition Stepwise'!$C$2:$C$1137,A22,'Transition Stepwise'!$D$2:$D$1137,B22) -> 1571 | D22: =(C22+1)/(SUMIF($A$12:$A$27,A22,$C$12:$C$27)+4*1) -> 0.34443471
A23: G | B23: U | C23: =SUMIFS('Transition Stepwise'!$F$2:$F$1137,'Transition Stepwise'!$C$2:$C$1137,A23,'Transition Stepwise'!$D$2:$D$1137,B23) -> 1071 | D23: =(C23+1)/(SUMIF($A$12:$A$27,A23,$C$12:$C$27)+4*1) -> 0.23488168
... A27: U | B27: U | C27: =SUMIFS('Transition Stepwise'!$F$2:$F$1137,'Transition Stepwise'!$C$2:$C$1137,A27,'Transition Stepwise'!$D$2:$D$1137,B27) -> 665 | D27: =(C27+1)/(SUMIF($A$12:$A$27,A27,$C$12:$C$27)+4*1) -> 0.22074909

Sheet Formulas
A1: EVERY FORMULA USED, STEP BY STEP
A2: All functions listed are available in Excel 2007.
A4: Step | B4: Quantity | C4: Algebra | D4: Spreadsheet implementation (without the leading = sign) | E4: Where
A5: 1 | B5: Frequency | C5: n(b,i) = records with base b at position i | D5: counted from the database block | E5: Database + Frequency
A6: 2 | B6: Valid total | C6: N(i) = n(A,i)+n(C,i)+n(G,i)+n(U,i) | D6: SUM over the four base rows | E6: Frequency 1-72 col G
A7: 3 | B7: Emission raw | C7: e_raw(b,i) = n(b,i) / N(i) | D7: D/E | E7: Emission Stepwise col G
A8: 4 | B8: Emission smoothed | C8: e(b,i) = ( n(b,i) + a ) / ( N(i) + 4a ) | D8: I/J | E8: Emission Stepwise col H
A9: 5 | B9: Emission check | C9: sum over b of e(b,i) = 1 | D9: ROUND(SUMIF(position,i,smoothed),9) | E9: Emission Stepwise col L
A10: 6 | B10: Background base | C10: q(b) = sum over i n(b,i) / grand total | D10: SUM(col)/total | E10: Background C4:C7
A11: 7 | B11: Transition count | C11: c(X->Y,i) = records with X at i and Y at i+1 | D11: counted from the database block | E11: Transition Stepwise col F
A12: 8 | B12: FROM total | C12: Cx(X,i) = sum over Y of c(X->Y,i) | D12: SUMIFS(count, step, i, from, X) | E12: Transition Stepwise col G
A13: 9 | B13: Transition raw | C13: t_raw(Y|X,i) = c(X->Y,i) / Cx(X,i) | D13: F/G | E13: Transition Stepwise col I
A14: 10 | B14: Transition smoothed | C14: t(Y|X,i) = ( c(X->Y,i) + a ) / ( Cx(X,i) + 4a ) | D14: K/L | E14: Transition Stepwise col J
A15: 11 | B15: Transition check | C15: sum over Y of t(Y|X,i) = 1 | D15: ROUND(SUMIFS(smoothed, step, i, from, X),9) | E15: Transition Stepwise col N
A16: 12 | B16: Background dinucleotide | C16: qd(Y|X) = ( sum over i c(X->Y,i) + a ) / ( sum over i,Y c(X->Y,i) + 4a ) | D16: (C+1)/(SUMIF+4) | E16: Background D12:D27
... A30: 26 | B30: GC-adjusted residual | C30: r = S - ( mean(S) + b*( GC - mean(GC) ) ) | D30: computed in Python | E30: GC Confound
A33: a = alpha = 1 (Laplace smoothing).

Sheet Emission Stepwise
A1: Position | B1: Base | C1: Key | D1: Count n | E1: Valid N | F1: Alpha | G1: Raw e_raw | H1: Smoothed e | I1: n+a | J1: N+4a | K1: Formula | L1: Check sum
A2: 1 | B2: A | C2: =A2&"|"&B2 -> 1|A | D2: =INDEX('Frequency 1-72'!$B$2:$E$73,A2,MATCH(B2,{"A","C","G","U"},0)) -> 13 | E2: ='Frequency 1-72'!G2 -> 200 | F2: 1 | G2: =IF(E2=0,"",D2/E2) -> 0.065 | H2: =I2/J2 -> 0.068627451 | I2: =D2+F2 -> 14 | J2: =E2+4*F2 -> 204 | K2: e = (n + a) / (N + 4a) | L2: =ROUND(SUMIF($A$2:$A$289,A2,$H$2:$H$289),9) -> 1
A3: 1 | B3: C | C3: =A3&"|"&B3 -> 1|C | D3: =INDEX('Frequency 1-72'!$B$2:$E$73,A3,MATCH(B3,{"A","C","G","U"},0)) -> 22 | E3: ='Frequency 1-72'!G2 -> 200 | F3: 1 | G3: =IF(E3=0,"",D3/E3) -> 0.11 | H3: =I3/J3 -> 0.1127451 | I3: =D3+F3 -> 23 | J3: =E3+4*F3 -> 204 | K3: e = (n + a) / (N + 4a) | L3: =ROUND(SUMIF($A$2:$A$289,A3,$H$2:$H$289),9) -> 1
A4: 1 | B4: G | C4: =A4&"|"&B4 -> 1|G | D4: =INDEX('Frequency 1-72'!$B$2:$E$73,A4,MATCH(B4,{"A","C","G","U"},0)) -> 152 | E4: ='Frequency 1-72'!G2 -> 200 | F4: 1 | G4: =IF(E4=0,"",D4/E4) -> 0.76 | H4: =I4/J4 -> 0.75 | I4: =D4+F4 -> 153 | J4: =E4+4*F4 -> 204 | K4: e = (n + a) / (N + 4a) | L4: =ROUND(SUMIF($A$2:$A$289,A4,$H$2:$H$289),9) -> 1
A5: 1 | B5: U | C5: =A5&"|"&B5 -> 1|U | D5: =INDEX('Frequency 1-72'!$B$2:$E$73,A5,MATCH(B5,{"A","C","G","U"},0)) -> 13 | E5: ='Frequency 1-72'!G2 -> 200 | F5: 1 | G5: =IF(E5=0,"",D5/E5) -> 0.065 | H5: =I5/J5 -> 0.068627451 | I5: =D5+F5 -> 14 | J5: =E5+4*F5 -> 204 | K5: e = (n + a) / (N + 4a) | L5: =ROUND(SUMIF($A$2:$A$289,A5,$H$2:$H$289),9) -> 1
A6: 2 | B6: A | C6: =A6&"|"&B6 -> 2|A | D6: =INDEX('Frequency 1-72'!$B$2:$E$73,A6,MATCH(B6,{"A","C","G","U"},0)) -> 6 | E6: ='Frequency 1-72'!G3 -> 200 | F6: 1 | G6: =IF(E6=0,"",D6/E6) -> 0.03 | H6: =I6/J6 -> 0.034313725 | I6: =D6+F6 -> 7 | J6: =E6+4*F6 -> 204 | K6: e = (n + a) / (N + 4a) | L6: =ROUND(SUMIF($A$2:$A$289,A6,$H$2:$H$289),9) -> 1
A7: 2 | B7: C | C7: =A7&"|"&B7 -> 2|C | D7: =INDEX('Frequency 1-72'!$B$2:$E$73,A7,MATCH(B7,{"A","C","G","U"},0)) -> 82 | E7: ='Frequency 1-72'!G3 -> 200 | F7: 1 | G7: =IF(E7=0,"",D7/E7) -> 0.41 | H7: =I7/J7 -> 0.40686275 | I7: =D7+F7 -> 83 | J7: =E7+4*F7 -> 204 | K7: e = (n + a) / (N + 4a) | L7: =ROUND(SUMIF($A$2:$A$289,A7,$H$2:$H$289),9) -> 1
A8: 2 | B8: G | C8: =A8&"|"&B8 -> 2|G | D8: =INDEX('Frequency 1-72'!$B$2:$E$73,A8,MATCH(B8,{"A","C","G","U"},0)) -> 106 | E8: ='Frequency 1-72'!G3 -> 200 | F8: 1 | G8: =IF(E8=0,"",D8/E8) -> 0.53 | H8: =I8/J8 -> 0.5245098 | I8: =D8+F8 -> 107 | J8: =E8+4*F8 -> 204 | K8: e = (n + a) / (N + 4a) | L8: =ROUND(SUMIF($A$2:$A$289,A8,$H$2:$H$289),9) -> 1
A9: 2 | B9: U | C9: =A9&"|"&B9 -> 2|U | D9: =INDEX('Frequency 1-72'!$B$2:$E$73,A9,MATCH(B9,{"A","C","G","U"},0)) -> 6 | E9: ='Frequency 1-72'!G3 -> 200 | F9: 1 | G9: =IF(E9=0,"",D9/E9) -> 0.03 | H9: =I9/J9 -> 0.034313725 | I9: =D9+F9 -> 7 | J9: =E9+4*F9 -> 204 | K9: e = (n + a) / (N + 4a) | L9: =ROUND(SUMIF($A$2:$A$289,A9,$H$2:$H$289),9) -> 1
A10: 3 | B10: A | C10: =A10&"|"&B10 -> 3|A | D10: =INDEX('Frequency 1-72'!$B$2:$E$73,A10,MATCH(B10,{"A","C","G","U"},0)) -> 14 | E10: ='Frequency 1-72'!G4 -> 200 | F10: 1 | G10: =IF(E10=0,"",D10/E10) -> 0.07 | H10: =I10/J10 -> 0.073529412 | I10: =D10+F10 -> 15 | J10: =E10+4*F10 -> 204 | K10: e = (n + a) / (N + 4a) | L10: =ROUND(SUMIF($A$2:$A$289,A10,$H$2:$H$289),9) -> 1
A11: 3 | B11: C | C11: =A11&"|"&B11 -> 3|C | D11: =INDEX('Frequency 1-72'!$B$2:$E$73,A11,MATCH(B11,{"A","C","G","U"},0)) -> 77 | E11: ='Frequency 1-72'!G4 -> 200 | F11: 1 | G11: =IF(E11=0,"",D11/E11) -> 0.385 | H11: =I11/J11 -> 0.38235294 | I11: =D11+F11 -> 78 | J11: =E11+4*F11 -> 204 | K11: e = (n + a) / (N + 4a) | L11: =ROUND(SUMIF($A$2:$A$289,A11,$H$2:$H$289),9) -> 1
A12: 3 | B12: G | C12: =A12&"|"&B12 -> 3|G | D12: =INDEX('Frequency 1-72'!$B$2:$E$73,A12,MATCH(B12,{"A","C","G","U"},0)) -> 86 | E12: ='Frequency 1-72'!G4 -> 200 | F12: 1 | G12: =IF(E12=0,"",D12/E12) -> 0.43 | H12: =I12/J12 -> 0.42647059 | I12: =D12+F12 -> 87 | J12: =E12+4*F12 -> 204 | K12: e = (n + a) / (N + 4a) | L12: =ROUND(SUMIF($A$2:$A$289,A12,$H$2:$H$289),9) -> 1
A13: 3 | B13: U | C13: =A13&"|"&B13 -> 3|U | D13: =INDEX('Frequency 1-72'!$B$2:$E$73,A13,MATCH(B13,{"A","C","G","U"},0)) -> 23 | E13: ='Frequency 1-72'!G4 -> 200 | F13: 1 | G13: =IF(E13=0,"",D13/E13) -> 0.115 | H13: =I13/J13 -> 0.11764706 | I13: =D13+F13 -> 24 | J13: =E13+4*F13 -> 204 | K13: e = (n + a) / (N + 4a) | L13: =ROUND(SUMIF($A$2:$A$289,A13,$H$2:$H$289),9) -> 1
A14: 4 | B14: A | C14: =A14&"|"&B14 -> 4|A | D14: =INDEX('Frequency 1-72'!$B$2:$E$73,A14,MATCH(B14,{"A","C","G","U"},0)) -> 16 | E14: ='Frequency 1-72'!G5 -> 200 | F14: 1 | G14: =IF(E14=0,"",D14/E14) -> 0.08 | H14: =I14/J14 -> 0.083333333 | I14: =D14+F14 -> 17 | J14: =E14+4*F14 -> 204 | K14: e = (n + a) / (N + 4a) | L14: =ROUND(SUMIF($A$2:$A$289,A14,$H$2:$H$289),9) -> 1
A15: 4 | B15: C | C15: =A15&"|"&B15 -> 4|C | D15: =INDEX('Frequency 1-72'!$B$2:$E$73,A15,MATCH(B15,{"A","C","G","U"},0)) -> 61 | E15: ='Frequency 1-72'!G5 -> 200 | F15: 1 | G15: =IF(E15=0,"",D15/E15) -> 0.305 | H15: =I15/J15 -> 0.30392157 | I15: =D15+F15 -> 62 | J15: =E15+4*F15 -> 204 | K15: e = (n + a) / (N + 4a) | L15: =ROUND(SUMIF($A$2:$A$289,A15,$H$2:$H$289),9) -> 1
A16: 4 | B16: G | C16: =A16&"|"&B16 -> 4|G | D16: =INDEX('Frequency 1-72'!$B$2:$E$73,A16,MATCH(B16,{"A","C","G","U"},0)) -> 89 | E16: ='Frequency 1-72'!G5 -> 200 | F16: 1 | G16: =IF(E16=0,"",D16/E16) -> 0.445 | H16: =I16/J16 -> 0.44117647 | I16: =D16+F16 -> 90 | J16: =E16+4*F16 -> 204 | K16: e = (n + a) / (N + 4a) | L16: =ROUND(SUMIF($A$2:$A$289,A16,$H$2:$H$289),9) -> 1
A17: 4 | B17: U | C17: =A17&"|"&B17 -> 4|U | D17: =INDEX('Frequency 1-72'!$B$2:$E$73,A17,MATCH(B17,{"A","C","G","U"},0)) -> 34 | E17: ='Frequency 1-72'!G5 -> 200 | F17: 1 | G17: =IF(E17=0,"",D17/E17) -> 0.17 | H17: =I17/J17 -> 0.17156863 | I17: =D17+F17 -> 35 | J17: =E17+4*F17 -> 204 | K17: e = (n + a) / (N + 4a) | L17: =ROUND(SUMIF($A$2:$A$289,A17,$H$2:$H$289),9) -> 1
A18: 5 | B18: A | C18: =A18&"|"&B18 -> 5|A | D18: =INDEX('Frequency 1-72'!$B$2:$E$73,A18,MATCH(B18,{"A","C","G","U"},0)) -> 31 | E18: ='Frequency 1-72'!G6 -> 200 | F18: 1 | G18: =IF(E18=0,"",D18/E18) -> 0.155 | H18: =I18/J18 -> 0.15686275 | I18: =D18+F18 -> 32 | J18: =E18+4*F18 -> 204 | K18: e = (n + a) / (N + 4a) | L18: =ROUND(SUMIF($A$2:$A$289,A18,$H$2:$H$289),9) -> 1
A19: 5 | B19: C | C19: =A19&"|"&B19 -> 5|C | D19: =INDEX('Frequency 1-72'!$B$2:$E$73,A19,MATCH(B19,{"A","C","G","U"},0)) -> 79 | E19: ='Frequency 1-72'!G6 -> 200 | F19: 1 | G19: =IF(E19=0,"",D19/E19) -> 0.395 | H19: =I19/J19 -> 0.39215686 | I19: =D19+F19 -> 80 | J19: =E19+4*F19 -> 204 | K19: e = (n + a) / (N + 4a) | L19: =ROUND(SUMIF($A$2:$A$289,A19,$H$2:$H$289),9) -> 1
A20: 5 | B20: G | C20: =A20&"|"&B20 -> 5|G | D20: =INDEX('Frequency 1-72'!$B$2:$E$73,A20,MATCH(B20,{"A","C","G","U"},0)) -> 69 | E20: ='Frequency 1-72'!G6 -> 200 | F20: 1 | G20: =IF(E20=0,"",D20/E20) -> 0.345 | H20: =I20/J20 -> 0.34313725 | I20: =D20+F20 -> 70 | J20: =E20+4*F20 -> 204 | K20: e = (n + a) / (N + 4a) | L20: =ROUND(SUMIF($A$2:$A$289,A20,$H$2:$H$289),9) -> 1
A21: 5 | B21: U | C21: =A21&"|"&B21 -> 5|U | D21: =INDEX('Frequency 1-72'!$B$2:$E$73,A21,MATCH(B21,{"A","C","G","U"},0)) -> 21 | E21: ='Frequency 1-72'!G6 -> 200 | F21: 1 | G21: =IF(E21=0,"",D21/E21) -> 0.105 | H21: =I21/J21 -> 0.10784314 | I21: =D21+F21 -> 22 | J21: =E21+4*F21 -> 204 | K21: e = (n + a) / (N + 4a) | L21: =ROUND(SUMIF($A$2:$A$289,A21,$H$2:$H$289),9) -> 1
A22: 6 | B22: A | C22: =A22&"|"&B22 -> 6|A | D22: =INDEX('Frequency 1-72'!$B$2:$E$73,A22,MATCH(B22,{"A","C","G","U"},0)) -> 34 | E22: ='Frequency 1-72'!G7 -> 200 | F22: 1 | G22: =IF(E22=0,"",D22/E22) -> 0.17 | H22: =I22/J22 -> 0.17156863 | I22: =D22+F22 -> 35 | J22: =E22+4*F22 -> 204 | K22: e = (n + a) / (N + 4a) | L22: =ROUND(SUMIF($A$2:$A$289,A22,$H$2:$H$289),9) -> 1
A23: 6 | B23: C | C23: =A23&"|"&B23 -> 6|C | D23: =INDEX('Frequency 1-72'!$B$2:$E$73,A23,MATCH(B23,{"A","C","G","U"},0)) -> 65 | E23: ='Frequency 1-72'!G7 -> 200 | F23: 1 | G23: =IF(E23=0,"",D23/E23) -> 0.325 | H23: =I23/J23 -> 0.32352941 | I23: =D23+F23 -> 66 | J23: =E23+4*F23 -> 204 | K23: e = (n + a) / (N + 4a) | L23: =ROUND(SUMIF($A$2:$A$289,A23,$H$2:$H$289),9) -> 1
A24: 6 | B24: G | C24: =A24&"|"&B24 -> 6|G | D24: =INDEX('Frequency 1-72'!$B$2:$E$73,A24,MATCH(B24,{"A","C","G","U"},0)) -> 48 | E24: ='Frequency 1-72'!G7 -> 200 | F24: 1 | G24: =IF(E24=0,"",D24/E24) -> 0.24 | H24: =I24/J24 -> 0.24019608 | I24: =D24+F24 -> 49 | J24: =E24+4*F24 -> 204 | K24: e = (n + a) / (N + 4a) | L24: =ROUND(SUMIF($A$2:$A$289,A24,$H$2:$H$289),9) -> 1
A25: 6 | B25: U | C25: =A25&"|"&B25 -> 6|U | D25: =INDEX('Frequency 1-72'!$B$2:$E$73,A25,MATCH(B25,{"A","C","G","U"},0)) -> 53 | E25: ='Frequency 1-72'!G7 -> 200 | F25: 1 | G25: =IF(E25=0,"",D25/E25) -> 0.265 | H25: =I25/J25 -> 0.26470588 | I25: =D25+F25 -> 54 | J25: =E25+4*F25 -> 204 | K25: e = (n + a) / (N + 4a) | L25: =ROUND(SUMIF($A$2:$A$289,A25,$H$2:$H$289),9) -> 1
A26: 7 | B26: A | C26: =A26&"|"&B26 -> 7|A | D26: =INDEX('Frequency 1-72'!$B$2:$E$73,A26,MATCH(B26,{"A","C","G","U"},0)) -> 48 | E26: ='Frequency 1-72'!G8 -> 200 | F26: 1 | G26: =IF(E26=0,"",D26/E26) -> 0.24 | H26: =I26/J26 -> 0.24019608 | I26: =D26+F26 -> 49 | J26: =E26+4*F26 -> 204 | K26: e = (n + a) / (N + 4a) | L26: =ROUND(SUMIF($A$2:$A$289,A26,$H$2:$H$289),9) -> 1
A27: 7 | B27: C | C27: =A27&"|"&B27 -> 7|C | D27: =INDEX('Frequency 1-72'!$B$2:$E$73,A27,MATCH(B27,{"A","C","G","U"},0)) -> 3 | E27: ='Frequency 1-72'!G8 -> 200 | F27: 1 | G27: =IF(E27=0,"",D27/E27) -> 0.015 | H27: =I27/J27 -> 0.019607843 | I27: =D27+F27 -> 4 | J27: =E27+4*F27 -> 204 | K27: e = (n + a) / (N + 4a) | L27: =ROUND(SUMIF($A$2:$A$289,A27,$H$2:$H$289),9) -> 1
A28: 7 | B28: G | C28: =A28&"|"&B28 -> 7|G | D28: =INDEX('Frequency 1-72'!$B$2:$E$73,A28,MATCH(B28,{"A","C","G","U"},0)) -> 105 | E28: ='Frequency 1-72'!G8 -> 200 | F28: 1 | G28: =IF(E28=0,"",D28/E28) -> 0.525 | H28: =I28/J28 -> 0.51960784 | I28: =D28+F28 -> 106 | J28: =E28+4*F28 -> 204 | K28: e = (n + a) / (N + 4a) | L28: =ROUND(SUMIF($A$2:$A$289,A28,$H$2:$H$289),9) -> 1
A29: 7 | B29: U | C29: =A29&"|"&B29 -> 7|U | D29: =INDEX('Frequency 1-72'!$B$2:$E$73,A29,MATCH(B29,{"A","C","G","U"},0)) -> 44 | E29: ='Frequency 1-72'!G8 -> 200 | F29: 1 | G29: =IF(E29=0,"",D29/E29) -> 0.22 | H29: =I29/J29 -> 0.22058824 | I29: =D29+F29 -> 45 | J29: =E29+4*F29 -> 204 | K29: e = (n + a) / (N + 4a) | L29: =ROUND(SUMIF($A$2:$A$289,A29,$H$2:$H$289),9) -> 1
A30: 8 | B30: A | C30: =A30&"|"&B30 -> 8|A | D30: =INDEX('Frequency 1-72'!$B$2:$E$73,A30,MATCH(B30,{"A","C","G","U"},0)) -> 1 | E30: ='Frequency 1-72'!G9 -> 200 | F30: 1 | G30: =IF(E30=0,"",D30/E30) -> 0.005 | H30: =I30/J30 -> 0.0098039216 | I30: =D30+F30 -> 2 | J30: =E30+4*F30 -> 204 | K30: e = (n + a) / (N + 4a) | L30: =ROUND(SUMIF($A$2:$A$289,A30,$H$2:$H$289),9) -> 1
A31: 8 | B31: C | C31: =A31&"|"&B31 -> 8|C | D31: =INDEX('Frequency 1-72'!$B$2:$E$73,A31,MATCH(B31,{"A","C","G","U"},0)) -> 0 | E31: ='Frequency 1-72'!G9 -> 200 | F31: 1 | G31: =IF(E31=0,"",D31/E31) -> 0 | H31: =I31/J31 -> 0.0049019608 | I31: =D31+F31 -> 1 | J31: =E31+4*F31 -> 204 | K31: e = (n + a) / (N + 4a) | L31: =ROUND(SUMIF($A$2:$A$289,A31,$H$2:$H$289),9) -> 1
A32: 8 | B32: G | C32: =A32&"|"&B32 -> 8|G | D32: =INDEX('Frequency 1-72'!$B$2:$E$73,A32,MATCH(B32,{"A","C","G","U"},0)) -> 1 | E32: ='Frequency 1-72'!G9 -> 200 | F32: 1 | G32: =IF(E32=0,"",D32/E32) -> 0.005 | H32: =I32/J32 -> 0.0098039216 | I32: =D32+F32 -> 2 | J32: =E32+4*F32 -> 204 | K32: e = (n + a) / (N + 4a) | L32: =ROUND(SUMIF($A$2:$A$289,A32,$H$2:$H$289),9) -> 1
A33: 8 | B33: U | C33: =A33&"|"&B33 -> 8|U | D33: =INDEX('Frequency 1-72'!$B$2:$E$73,A33,MATCH(B33,{"A","C","G","U"},0)) -> 198 | E33: ='Frequency 1-72'!G9 -> 200 | F33: 1 | G33: =IF(E33=0,"",D33/E33) -> 0.99 | H33: =I33/J33 -> 0.9754902 | I33: =D33+F33 -> 199 | J33: =E33+4*F33 -> 204 | K33: e = (n + a) / (N + 4a) | L33: =ROUND(SUMIF($A$2:$A$289,A33,$H$2:$H$289),9) -> 1
A34: 9 | B34: A | C34: =A34&"|"&B34 -> 9|A | D34: =INDEX('Frequency 1-72'!$B$2:$E$73,A34,MATCH(B34,{"A","C","G","U"},0)) -> 131 | E34: ='Frequency 1-72'!G10 -> 199 | F34: 1 | G34: =IF(E34=0,"",D34/E34) -> 0.65829146 | H34: =I34/J34 -> 0.65024631 | I34: =D34+F34 -> 132 | J34: =E34+4*F34 -> 203 | K34: e = (n + a) / (N + 4a) | L34: =ROUND(SUMIF($A$2:$A$289,A34,$H$2:$H$289),9) -> 1
A35: 9 | B35: C | C35: =A35&"|"&B35 -> 9|C | D35: =INDEX('Frequency 1-72'!$B$2:$E$73,A35,MATCH(B35,{"A","C","G","U"},0)) -> 7 | E35: ='Frequency 1-72'!G10 -> 199 | F35: 1 | G35: =IF(E35=0,"",D35/E35) -> 0.035175879 | H35: =I35/J35 -> 0.039408867 | I35: =D35+F35 -> 8 | J35: =E35+4*F35 -> 203 | K35: e = (n + a) / (N + 4a) | L35: =ROUND(SUMIF($A$2:$A$289,A35,$H$2:$H$289),9) -> 1
A36: 9 | B36: G | C36: =A36&"|"&B36 -> 9|G | D36: =INDEX('Frequency 1-72'!$B$2:$E$73,A36,MATCH(B36,{"A","C","G","U"},0)) -> 61 | E36: ='Frequency 1-72'!G10 -> 199 | F36: 1 | G36: =IF(E36=0,"",D36/E36) -> 0.30653266 | H36: =I36/J36 -> 0.30541872 | I36: =D36+F36 -> 62 | J36: =E36+4*F36 -> 203 | K36: e = (n + a) / (N + 4a) | L36: =ROUND(SUMIF($A$2:$A$289,A36,$H$2:$H$289),9) -> 1
A37: 9 | B37: U | C37: =A37&"|"&B37 -> 9|U | D37: =INDEX('Frequency 1-72'!$B$2:$E$73,A37,MATCH(B37,{"A","C","G","U"},0)) -> 0 | E37: ='Frequency 1-72'!G10 -> 199 | F37: 1 | G37: =IF(E37=0,"",D37/E37) -> 0 | H37: =I37/J37 -> 0.0049261084 | I37: =D37+F37 -> 1 | J37: =E37+4*F37 -> 203 | K37: e = (n + a) / (N + 4a) | L37: =ROUND(SUMIF($A$2:$A$289,A37,$H$2:$H$289),9) -> 1
A38: 10 | B38: A | C38: =A38&"|"&B38 -> 10|A | D38: =INDEX('Frequency 1-72'!$B$2:$E$73,A38,MATCH(B38,{"A","C","G","U"},0)) -> 0 | E38: ='Frequency 1-72'!G11 -> 200 | F38: 1 | G38: =IF(E38=0,"",D38/E38) -> 0 | H38: =I38/J38 -> 0.0049019608 | I38: =D38+F38 -> 1 | J38: =E38+4*F38 -> 204 | K38: e = (n + a) / (N + 4a) | L38: =ROUND(SUMIF($A$2:$A$289,A38,$H$2:$H$289),9) -> 1
A39: 10 | B39: C | C39: =A39&"|"&B39 -> 10|C | D39: =INDEX('Frequency 1-72'!$B$2:$E$73,A39,MATCH(B39,{"A","C","G","U"},0)) -> 8 | E39: ='Frequency 1-72'!G11 -> 200 | F39: 1 | G39: =IF(E39=0,"",D39/E39) -> 0.04 | H39: =I39/J39 -> 0.044117647 | I39: =D39+F39 -> 9 | J39: =E39+4*F39 -> 204 | K39: e = (n + a) / (N + 4a) | L39: =ROUND(SUMIF($A$2:$A$289,A39,$H$2:$H$289),9) -> 1
A40: 10 | B40: G | C40: =A40&"|"&B40 -> 10|G | D40: =INDEX('Frequency 1-72'!$B$2:$E$73,A40,MATCH(B40,{"A","C","G","U"},0)) -> 192 | E40: ='Frequency 1-72'!G11 -> 200 | F40: 1 | G40: =IF(E40=0,"",D40/E40) -> 0.96 | H40: =I40/J40 -> 0.94607843 | I40: =D40+F40 -> 193 | J40: =E40+4*F40 -> 204 | K40: e = (n + a) / (N + 4a) | L40: =ROUND(SUMIF($A$2:$A$289,A40,$H$2:$H$289),9) -> 1
A41: 10 | B41: U | C41: =A41&"|"&B41 -> 10|U | D41: =INDEX('Frequency 1-72'!$B$2:$E$73,A41,MATCH(B41,{"A","C","G","U"},0)) -> 0 | E41: ='Frequency 1-72'!G11 -> 200 | F41: 1 | G41: =IF(E41=0,"",D41/E41) -> 0 | H41: =I41/J41 -> 0.0049019608 | I41: =D41+F41 -> 1 | J41: =E41+4*F41 -> 204 | K41: e = (n + a) / (N + 4a) | L41: =ROUND(SUMIF($A$2:$A$289,A41,$H$2:$H$289),9) -> 1
A42: 11 | B42: A | C42: =A42&"|"&B42 -> 11|A | D42: =INDEX('Frequency 1-72'!$B$2:$E$73,A42,MATCH(B42,{"A","C","G","U"},0)) -> 7 | E42: ='Frequency 1-72'!G12 -> 200 | F42: 1 | G42: =IF(E42=0,"",D42/E42) -> 0.035 | H42: =I42/J42 -> 0.039215686 | I42: =D42+F42 -> 8 | J42: =E42+4*F42 -> 204 | K42: e = (n + a) / (N + 4a) | L42: =ROUND(SUMIF($A$2:$A$289,A42,$H$2:$H$289),9) -> 1
A43: 11 | B43: C | C43: =A43&"|"&B43 -> 11|C | D43: =INDEX('Frequency 1-72'!$B$2:$E$73,A43,MATCH(B43,{"A","C","G","U"},0)) -> 147 | E43: ='Frequency 1-72'!G12 -> 200 | F43: 1 | G43: =IF(E43=0,"",D43/E43) -> 0.735 | H43: =I43/J43 -> 0.7254902 | I43: =D43+F43 -> 148 | J43: =E43+4*F43 -> 204 | K43: e = (n + a) / (N + 4a) | L43: =ROUND(SUMIF($A$2:$A$289,A43,$H$2:$H$289),9) -> 1
A44: 11 | B44: G | C44: =A44&"|"&B44 -> 11|G | D44: =INDEX('Frequency 1-72'!$B$2:$E$73,A44,MATCH(B44,{"A","C","G","U"},0)) -> 6 | E44: ='Frequency 1-72'!G12 -> 200 | F44: 1 | G44: =IF(E44=0,"",D44/E44) -> 0.03 | H44: =I44/J44 -> 0.034313725 | I44: =D44+F44 -> 7 | J44: =E44+4*F44 -> 204 | K44: e = (n + a) / (N + 4a) | L44: =ROUND(SUMIF($A$2:$A$289,A44,$H$2:$H$289),9) -> 1
A45: 11 | B45: U | C45: =A45&"|"&B45 -> 11|U | D45: =INDEX('Frequency 1-72'!$B$2:$E$73,A45,MATCH(B45,{"A","C","G","U"},0)) -> 40 | E45: ='Frequency 1-72'!G12 -> 200 | F45: 1 | G45: =IF(E45=0,"",D45/E45) -> 0.2 | H45: =I45/J45 -> 0.20098039 | I45: =D45+F45 -> 41 | J45: =E45+4*F45 -> 204 | K45: e = (n + a) / (N + 4a) | L45: =ROUND(SUMIF($A$2:$A$289,A45,$H$2:$H$289),9) -> 1
A46: 12 | B46: A | C46: =A46&"|"&B46 -> 12|A | D46: =INDEX('Frequency 1-72'!$B$2:$E$73,A46,MATCH(B46,{"A","C","G","U"},0)) -> 13 | E46: ='Frequency 1-72'!G13 -> 200 | F46: 1 | G46: =IF(E46=0,"",D46/E46) -> 0.065 | H46: =I46/J46 -> 0.068627451 | I46: =D46+F46 -> 14 | J46: =E46+4*F46 -> 204 | K46: e = (n + a) / (N + 4a) | L46: =ROUND(SUMIF($A$2:$A$289,A46,$H$2:$H$289),9) -> 1
A47: 12 | B47: C | C47: =A47&"|"&B47 -> 12|C | D47: =INDEX('Frequency 1-72'!$B$2:$E$73,A47,MATCH(B47,{"A","C","G","U"},0)) -> 29 | E47: ='Frequency 1-72'!G13 -> 200 | F47: 1 | G47: =IF(E47=0,"",D47/E47) -> 0.145 | H47: =I47/J47 -> 0.14705882 | I47: =D47+F47 -> 30 | J47: =E47+4*F47 -> 204 | K47: e = (n + a) / (N + 4a) | L47: =ROUND(SUMIF($A$2:$A$289,A47,$H$2:$H$289),9) -> 1
A48: 12 | B48: G | C48: =A48&"|"&B48 -> 12|G | D48: =INDEX('Frequency 1-72'!$B$2:$E$73,A48,MATCH(B48,{"A","C","G","U"},0)) -> 38 | E48: ='Frequency 1-72'!G13 -> 200 | F48: 1 | G48: =IF(E48=0,"",D48/E48) -> 0.19 | H48: =I48/J48 -> 0.19117647 | I48: =D48+F48 -> 39 | J48: =E48+4*F48 -> 204 | K48: e = (n + a) / (N + 4a) | L48: =ROUND(SUMIF($A$2:$A$289,A48,$H$2:$H$289),9) -> 1
A49: 12 | B49: U | C49: =A49&"|"&B49 -> 12|U | D49: =INDEX('Frequency 1-72'!$B$2:$E$73,A49,MATCH(B49,{"A","C","G","U"},0)) -> 120 | E49: ='Frequency 1-72'!G13 -> 200 | F49: 1 | G49: =IF(E49=0,"",D49/E49) -> 0.6 | H49: =I49/J49 -> 0.59313725 | I49: =D49+F49 -> 121 | J49: =E49+4*F49 -> 204 | K49: e = (n + a) / (N + 4a) | L49: =ROUND(SUMIF($A$2:$A$289,A49,$H$2:$H$289),9) -> 1
A50: 13 | B50: A | C50: =A50&"|"&B50 -> 13|A | D50: =INDEX('Frequency 1-72'!$B$2:$E$73,A50,MATCH(B50,{"A","C","G","U"},0)) -> 13 | E50: ='Frequency 1-72'!G14 -> 200 | F50: 1 | G50: =IF(E50=0,"",D50/E50) -> 0.065 | H50: =I50/J50 -> 0.068627451 | I50: =D50+F50 -> 14 | J50: =E50+4*F50 -> 204 | K50: e = (n + a) / (N + 4a) | L50: =ROUND(SUMIF($A$2:$A$289,A50,$H$2:$H$289),9) -> 1
A51: 13 | B51: C | C51: =A51&"|"&B51 -> 13|C | D51: =INDEX('Frequency 1-72'!$B$2:$E$73,A51,MATCH(B51,{"A","C","G","U"},0)) -> 130 | E51: ='Frequency 1-72'!G14 -> 200 | F51: 1 | G51: =IF(E51=0,"",D51/E51) -> 0.65 | H51: =I51/J51 -> 0.64215686 | I51: =D51+F51 -> 131 | J51: =E51+4*F51 -> 204 | K51: e = (n + a) / (N + 4a) | L51: =ROUND(SUMIF($A$2:$A$289,A51,$H$2:$H$289),9) -> 1
A52: 13 | B52: G | C52: =A52&"|"&B52 -> 13|G | D52: =INDEX('Frequency 1-72'!$B$2:$E$73,A52,MATCH(B52,{"A","C","G","U"},0)) -> 19 | E52: ='Frequency 1-72'!G14 -> 200 | F52: 1 | G52: =IF(E52=0,"",D52/E52) -> 0.095 | H52: =I52/J52 -> 0.098039216 | I52: =D52+F52 -> 20 | J52: =E52+4*F52 -> 204 | K52: e = (n + a) / (N + 4a) | L52: =ROUND(SUMIF($A$2:$A$289,A52,$H$2:$H$289),9) -> 1
A53: 13 | B53: U | C53: =A53&"|"&B53 -> 13|U | D53: =INDEX('Frequency 1-72'!$B$2:$E$73,A53,MATCH(B53,{"A","C","G","U"},0)) -> 38 | E53: ='Frequency 1-72'!G14 -> 200 | F53: 1 | G53: =IF(E53=0,"",D53/E53) -> 0.19 | H53: =I53/J53 -> 0.19117647 | I53: =D53+F53 -> 39 | J53: =E53+4*F53 -> 204 | K53: e = (n + a) / (N + 4a) | L53: =ROUND(SUMIF($A$2:$A$289,A53,$H$2:$H$289),9) -> 1
A54: 14 | B54: A | C54: =A54&"|"&B54 -> 14|A | D54: =INDEX('Frequency 1-72'!$B$2:$E$73,A54,MATCH(B54,{"A","C","G","U"},0)) -> 198 | E54: ='Frequency 1-72'!G15 -> 200 | F54: 1 | G54: =IF(E54=0,"",D54/E54) -> 0.99 | H54: =I54/J54 -> 0.9754902 | I54: =D54+F54 -> 199 | J54: =E54+4*F54 -> 204 | K54: e = (n + a) / (N + 4a) | L54: =ROUND(SUMIF($A$2:$A$289,A54,$H$2:$H$289),9) -> 1
A55: 14 | B55: C | C55: =A55&"|"&B55 -> 14|C | D55: =INDEX('Frequency 1-72'!$B$2:$E$73,A55,MATCH(B55,{"A","C","G","U"},0)) -> 1 | E55: ='Frequency 1-72'!G15 -> 200 | F55: 1 | G55: =IF(E55=0,"",D55/E55) -> 0.005 | H55: =I55/J55 -> 0.0098039216 | I55: =D55+F55 -> 2 | J55: =E55+4*F55 -> 204 | K55: e = (n + a) / (N + 4a) | L55: =ROUND(SUMIF($A$2:$A$289,A55,$H$2:$H$289),9) -> 1
A56: 14 | B56: G | C56: =A56&"|"&B56 -> 14|G | D56: =INDEX('Frequency 1-72'!$B$2:$E$73,A56,MATCH(B56,{"A","C","G","U"},0)) -> 1 | E56: ='Frequency 1-72'!G15 -> 200 | F56: 1 | G56: =IF(E56=0,"",D56/E56) -> 0.005 | H56: =I56/J56 -> 0.0098039216 | I56: =D56+F56 -> 2 | J56: =E56+4*F56 -> 204 | K56: e = (n + a) / (N + 4a) | L56: =ROUND(SUMIF($A$2:$A$289,A56,$H$2:$H$289),9) -> 1
A57: 14 | B57: U | C57: =A57&"|"&B57 -> 14|U | D57: =INDEX('Frequency 1-72'!$B$2:$E$73,A57,MATCH(B57,{"A","C","G","U"},0)) -> 0 | E57: ='Frequency 1-72'!G15 -> 200 | F57: 1 | G57: =IF(E57=0,"",D57/E57) -> 0 | H57: =I57/J57 -> 0.0049019608 | I57: =D57+F57 -> 1 | J57: =E57+4*F57 -> 204 | K57: e = (n + a) / (N + 4a) | L57: =ROUND(SUMIF($A$2:$A$289,A57,$H$2:$H$289),9) -> 1
A58: 15 | B58: A | C58: =A58&"|"&B58 -> 15|A | D58: =INDEX('Frequency 1-72'!$B$2:$E$73,A58,MATCH(B58,{"A","C","G","U"},0)) -> 33 | E58: ='Frequency 1-72'!G16 -> 199 | F58: 1 | G58: =IF(E58=0,"",D58/E58) -> 0.16582915 | H58: =I58/J58 -> 0.16748768 | I58: =D58+F58 -> 34 | J58: =E58+4*F58 -> 203 | K58: e = (n + a) / (N + 4a) | L58: =ROUND(SUMIF($A$2:$A$289,A58,$H$2:$H$289),9) -> 1
A59: 15 | B59: C | C59: =A59&"|"&B59 -> 15|C | D59: =INDEX('Frequency 1-72'!$B$2:$E$73,A59,MATCH(B59,{"A","C","G","U"},0)) -> 2 | E59: ='Frequency 1-72'!G16 -> 199 | F59: 1 | G59: =IF(E59=0,"",D59/E59) -> 0.010050251 | H59: =I59/J59 -> 0.014778325 | I59: =D59+F59 -> 3 | J59: =E59+4*F59 -> 203 | K59: e = (n + a) / (N + 4a) | L59: =ROUND(SUMIF($A$2:$A$289,A59,$H$2:$H$289),9) -> 1
A60: 15 | B60: G | C60: =A60&"|"&B60 -> 15|G | D60: =INDEX('Frequency 1-72'!$B$2:$E$73,A60,MATCH(B60,{"A","C","G","U"},0)) -> 162 | E60: ='Frequency 1-72'!G16 -> 199 | F60: 1 | G60: =IF(E60=0,"",D60/E60) -> 0.81407035 | H60: =I60/J60 -> 0.80295567 | I60: =D60+F60 -> 163 | J60: =E60+4*F60 -> 203 | K60: e = (n + a) / (N + 4a) | L60: =ROUND(SUMIF($A$2:$A$289,A60,$H$2:$H$289),9) -> 1
A61: 15 | B61: U | C61: =A61&"|"&B61 -> 15|U | D61: =INDEX('Frequency 1-72'!$B$2:$E$73,A61,MATCH(B61,{"A","C","G","U"},0)) -> 2 | E61: ='Frequency 1-72'!G16 -> 199 | F61: 1 | G61: =IF(E61=0,"",D61/E61) -> 0.010050251 | H61: =I61/J61 -> 0.014778325 | I61: =D61+F61 -> 3 | J61: =E61+4*F61 -> 203 | K61: e = (n + a) / (N + 4a) | L61: =ROUND(SUMIF($A$2:$A$289,A61,$H$2:$H$289),9) -> 1
A62: 16 | B62: A | C62: =A62&"|"&B62 -> 16|A | D62: =INDEX('Frequency 1-72'!$B$2:$E$73,A62,MATCH(B62,{"A","C","G","U"},0)) -> 3 | E62: ='Frequency 1-72'!G17 -> 133 | F62: 1 | G62: =IF(E62=0,"",D62/E62) -> 0.022556391 | H62: =I62/J62 -> 0.02919708 | I62: =D62+F62 -> 4 | J62: =E62+4*F62 -> 137 | K62: e = (n + a) / (N + 4a) | L62: =ROUND(SUMIF($A$2:$A$289,A62,$H$2:$H$289),9) -> 1
A63: 16 | B63: C | C63: =A63&"|"&B63 -> 16|C | D63: =INDEX('Frequency 1-72'!$B$2:$E$73,A63,MATCH(B63,{"A","C","G","U"},0)) -> 48 | E63: ='Frequency 1-72'!G17 -> 133 | F63: 1 | G63: =IF(E63=0,"",D63/E63) -> 0.36090226 | H63: =I63/J63 -> 0.35766423 | I63: =D63+F63 -> 49 | J63: =E63+4*F63 -> 137 | K63: e = (n + a) / (N + 4a) | L63: =ROUND(SUMIF($A$2:$A$289,A63,$H$2:$H$289),9) -> 1
A64: 16 | B64: G | C64: =A64&"|"&B64 -> 16|G | D64: =INDEX('Frequency 1-72'!$B$2:$E$73,A64,MATCH(B64,{"A","C","G","U"},0)) -> 3 | E64: ='Frequency 1-72'!G17 -> 133 | F64: 1 | G64: =IF(E64=0,"",D64/E64) -> 0.022556391 | H64: =I64/J64 -> 0.02919708 | I64: =D64+F64 -> 4 | J64: =E64+4*F64 -> 137 | K64: e = (n + a) / (N + 4a) | L64: =ROUND(SUMIF($A$2:$A$289,A64,$H$2:$H$289),9) -> 1
A65: 16 | B65: U | C65: =A65&"|"&B65 -> 16|U | D65: =INDEX('Frequency 1-72'!$B$2:$E$73,A65,MATCH(B65,{"A","C","G","U"},0)) -> 79 | E65: ='Frequency 1-72'!G17 -> 133 | F65: 1 | G65: =IF(E65=0,"",D65/E65) -> 0.59398496 | H65: =I65/J65 -> 0.58394161 | I65: =D65+F65 -> 80 | J65: =E65+4*F65 -> 137 | K65: e = (n + a) / (N + 4a) | L65: =ROUND(SUMIF($A$2:$A$289,A65,$H$2:$H$289),9) -> 1
A66: 17 | B66: A | C66: =A66&"|"&B66 -> 17|A | D66: =INDEX('Frequency 1-72'!$B$2:$E$73,A66,MATCH(B66,{"A","C","G","U"},0)) -> 12 | E66: ='Frequency 1-72'!G18 -> 197 | F66: 1 | G66: =IF(E66=0,"",D66/E66) -> 0.060913706 | H66: =I66/J66 -> 0.064676617 | I66: =D66+F66 -> 13 | J66: =E66+4*F66 -> 201 | K66: e = (n + a) / (N + 4a) | L66: =ROUND(SUMIF($A$2:$A$289,A66,$H$2:$H$289),9) -> 1
A67: 17 | B67: C | C67: =A67&"|"&B67 -> 17|C | D67: =INDEX('Frequency 1-72'!$B$2:$E$73,A67,MATCH(B67,{"A","C","G","U"},0)) -> 63 | E67: ='Frequency 1-72'!G18 -> 197 | F67: 1 | G67: =IF(E67=0,"",D67/E67) -> 0.31979695 | H67: =I67/J67 -> 0.31840796 | I67: =D67+F67 -> 64 | J67: =E67+4*F67 -> 201 | K67: e = (n + a) / (N + 4a) | L67: =ROUND(SUMIF($A$2:$A$289,A67,$H$2:$H$289),9) -> 1
A68: 17 | B68: G | C68: =A68&"|"&B68 -> 17|G | D68: =INDEX('Frequency 1-72'!$B$2:$E$73,A68,MATCH(B68,{"A","C","G","U"},0)) -> 8 | E68: ='Frequency 1-72'!G18 -> 197 | F68: 1 | G68: =IF(E68=0,"",D68/E68) -> 0.040609137 | H68: =I68/J68 -> 0.044776119 | I68: =D68+F68 -> 9 | J68: =E68+4*F68 -> 201 | K68: e = (n + a) / (N + 4a) | L68: =ROUND(SUMIF($A$2:$A$289,A68,$H$2:$H$289),9) -> 1
A69: 17 | B69: U | C69: =A69&"|"&B69 -> 17|U | D69: =INDEX('Frequency 1-72'!$B$2:$E$73,A69,MATCH(B69,{"A","C","G","U"},0)) -> 114 | E69: ='Frequency 1-72'!G18 -> 197 | F69: 1 | G69: =IF(E69=0,"",D69/E69) -> 0.5786802 | H69: =I69/J69 -> 0.5721393 | I69: =D69+F69 -> 115 | J69: =E69+4*F69 -> 201 | K69: e = (n + a) / (N + 4a) | L69: =ROUND(SUMIF($A$2:$A$289,A69,$H$2:$H$289),9) -> 1
A70: 18 | B70: A | C70: =A70&"|"&B70 -> 18|A | D70: =INDEX('Frequency 1-72'!$B$2:$E$73,A70,MATCH(B70,{"A","C","G","U"},0)) -> 1 | E70: ='Frequency 1-72'!G19 -> 200 | F70: 1 | G70: =IF(E70=0,"",D70/E70) -> 0.005 | H70: =I70/J70 -> 0.0098039216 | I70: =D70+F70 -> 2 | J70: =E70+4*F70 -> 204 | K70: e = (n + a) / (N + 4a) | L70: =ROUND(SUMIF($A$2:$A$289,A70,$H$2:$H$289),9) -> 1
A71: 18 | B71: C | C71: =A71&"|"&B71 -> 18|C | D71: =INDEX('Frequency 1-72'!$B$2:$E$73,A71,MATCH(B71,{"A","C","G","U"},0)) -> 0 | E71: ='Frequency 1-72'!G19 -> 200 | F71: 1 | G71: =IF(E71=0,"",D71/E71) -> 0 | H71: =I71/J71 -> 0.0049019608 | I71: =D71+F71 -> 1 | J71: =E71+4*F71 -> 204 | K71: e = (n + a) / (N + 4a) | L71: =ROUND(SUMIF($A$2:$A$289,A71,$H$2:$H$289),9) -> 1
A72: 18 | B72: G | C72: =A72&"|"&B72 -> 18|G | D72: =INDEX('Frequency 1-72'!$B$2:$E$73,A72,MATCH(B72,{"A","C","G","U"},0)) -> 199 | E72: ='Frequency 1-72'!G19 -> 200 | F72: 1 | G72: =IF(E72=0,"",D72/E72) -> 0.995 | H72: =I72/J72 -> 0.98039216 | I72: =D72+F72 -> 200 | J72: =E72+4*F72 -> 204 | K72: e = (n + a) / (N + 4a) | L72: =ROUND(SUMIF($A$2:$A$289,A72,$H$2:$H$289),9) -> 1
A73: 18 | B73: U | C73: =A73&"|"&B73 -> 18|U | D73: =INDEX('Frequency 1-72'!$B$2:$E$73,A73,MATCH(B73,{"A","C","G","U"},0)) -> 0 | E73: ='Frequency 1-72'!G19 -> 200 | F73: 1 | G73: =IF(E73=0,"",D73/E73) -> 0 | H73: =I73/J73 -> 0.0049019608 | I73: =D73+F73 -> 1 | J73: =E73+4*F73 -> 204 | K73: e = (n + a) / (N + 4a) | L73: =ROUND(SUMIF($A$2:$A$289,A73,$H$2:$H$289),9) -> 1
A74: 19 | B74: A | C74: =A74&"|"&B74 -> 19|A | D74: =INDEX('Frequency 1-72'!$B$2:$E$73,A74,MATCH(B74,{"A","C","G","U"},0)) -> 1 | E74: ='Frequency 1-72'!G20 -> 200 | F74: 1 | G74: =IF(E74=0,"",D74/E74) -> 0.005 | H74: =I74/J74 -> 0.0098039216 | I74: =D74+F74 -> 2 | J74: =E74+4*F74 -> 204 | K74: e = (n + a) / (N + 4a) | L74: =ROUND(SUMIF($A$2:$A$289,A74,$H$2:$H$289),9) -> 1
A75: 19 | B75: C | C75: =A75&"|"&B75 -> 19|C | D75: =INDEX('Frequency 1-72'!$B$2:$E$73,A75,MATCH(B75,{"A","C","G","U"},0)) -> 0 | E75: ='Frequency 1-72'!G20 -> 200 | F75: 1 | G75: =IF(E75=0,"",D75/E75) -> 0 | H75: =I75/J75 -> 0.0049019608 | I75: =D75+F75 -> 1 | J75: =E75+4*F75 -> 204 | K75: e = (n + a) / (N + 4a) | L75: =ROUND(SUMIF($A$2:$A$289,A75,$H$2:$H$289),9) -> 1
A76: 19 | B76: G | C76: =A76&"|"&B76 -> 19|G | D76: =INDEX('Frequency 1-72'!$B$2:$E$73,A76,MATCH(B76,{"A","C","G","U"},0)) -> 197 | E76: ='Frequency 1-72'!G20 -> 200 | F76: 1 | G76: =IF(E76=0,"",D76/E76) -> 0.985 | H76: =I76/J76 -> 0.97058824 | I76: =D76+F76 -> 198 | J76: =E76+4*F76 -> 204 | K76: e = (n + a) / (N + 4a) | L76: =ROUND(SUMIF($A$2:$A$289,A76,$H$2:$H$289),9) -> 1
A77: 19 | B77: U | C77: =A77&"|"&B77 -> 19|U | D77: =INDEX('Frequency 1-72'!$B$2:$E$73,A77,MATCH(B77,{"A","C","G","U"},0)) -> 2 | E77: ='Frequency 1-72'!G20 -> 200 | F77: 1 | G77: =IF(E77=0,"",D77/E77) -> 0.01 | H77: =I77/J77 -> 0.014705882 | I77: =D77+F77 -> 3 | J77: =E77+4*F77 -> 204 | K77: e = (n + a) / (N + 4a) | L77: =ROUND(SUMIF($A$2:$A$289,A77,$H$2:$H$289),9) -> 1
A78: 20 | B78: A | C78: =A78&"|"&B78 -> 20|A | D78: =INDEX('Frequency 1-72'!$B$2:$E$73,A78,MATCH(B78,{"A","C","G","U"},0)) -> 17 | E78: ='Frequency 1-72'!G21 -> 199 | F78: 1 | G78: =IF(E78=0,"",D78/E78) -> 0.085427136 | H78: =I78/J78 -> 0.088669951 | I78: =D78+F78 -> 18 | J78: =E78+4*F78 -> 203 | K78: e = (n + a) / (N + 4a) | L78: =ROUND(SUMIF($A$2:$A$289,A78,$H$2:$H$289),9) -> 1
A79: 20 | B79: C | C79: =A79&"|"&B79 -> 20|C | D79: =INDEX('Frequency 1-72'!$B$2:$E$73,A79,MATCH(B79,{"A","C","G","U"},0)) -> 45 | E79: ='Frequency 1-72'!G21 -> 199 | F79: 1 | G79: =IF(E79=0,"",D79/E79) -> 0.22613065 | H79: =I79/J79 -> 0.22660099 | I79: =D79+F79 -> 46 | J79: =E79+4*F79 -> 203 | K79: e = (n + a) / (N + 4a) | L79: =ROUND(SUMIF($A$2:$A$289,A79,$H$2:$H$289),9) -> 1
A80: 20 | B80: G | C80: =A80&"|"&B80 -> 20|G | D80: =INDEX('Frequency 1-72'!$B$2:$E$73,A80,MATCH(B80,{"A","C","G","U"},0)) -> 18 | E80: ='Frequency 1-72'!G21 -> 199 | F80: 1 | G80: =IF(E80=0,"",D80/E80) -> 0.090452261 | H80: =I80/J80 -> 0.093596059 | I80: =D80+F80 -> 19 | J80: =E80+4*F80 -> 203 | K80: e = (n + a) / (N + 4a) | L80: =ROUND(SUMIF($A$2:$A$289,A80,$H$2:$H$289),9) -> 1
A81: 20 | B81: U | C81: =A81&"|"&B81 -> 20|U | D81: =INDEX('Frequency 1-72'!$B$2:$E$73,A81,MATCH(B81,{"A","C","G","U"},0)) -> 119 | E81: ='Frequency 1-72'!G21 -> 199 | F81: 1 | G81: =IF(E81=0,"",D81/E81) -> 0.59798995 | H81: =I81/J81 -> 0.591133 | I81: =D81+F81 -> 120 | J81: =E81+4*F81 -> 203 | K81: e = (n + a) / (N + 4a) | L81: =ROUND(SUMIF($A$2:$A$289,A81,$H$2:$H$289),9) -> 1
A82: 21 | B82: A | C82: =A82&"|"&B82 -> 21|A | D82: =INDEX('Frequency 1-72'!$B$2:$E$73,A82,MATCH(B82,{"A","C","G","U"},0)) -> 179 | E82: ='Frequency 1-72'!G22 -> 200 | F82: 1 | G82: =IF(E82=0,"",D82/E82) -> 0.895 | H82: =I82/J82 -> 0.88235294 | I82: =D82+F82 -> 180 | J82: =E82+4*F82 -> 204 | K82: e = (n + a) / (N + 4a) | L82: =ROUND(SUMIF($A$2:$A$289,A82,$H$2:$H$289),9) -> 1
A83: 21 | B83: C | C83: =A83&"|"&B83 -> 21|C | D83: =INDEX('Frequency 1-72'!$B$2:$E$73,A83,MATCH(B83,{"A","C","G","U"},0)) -> 4 | E83: ='Frequency 1-72'!G22 -> 200 | F83: 1 | G83: =IF(E83=0,"",D83/E83) -> 0.02 | H83: =I83/J83 -> 0.024509804 | I83: =D83+F83 -> 5 | J83: =E83+4*F83 -> 204 | K83: e = (n + a) / (N + 4a) | L83: =ROUND(SUMIF($A$2:$A$289,A83,$H$2:$H$289),9) -> 1
A84: 21 | B84: G | C84: =A84&"|"&B84 -> 21|G | D84: =INDEX('Frequency 1-72'!$B$2:$E$73,A84,MATCH(B84,{"A","C","G","U"},0)) -> 7 | E84: ='Frequency 1-72'!G22 -> 200 | F84: 1 | G84: =IF(E84=0,"",D84/E84) -> 0.035 | H84: =I84/J84 -> 0.039215686 | I84: =D84+F84 -> 8 | J84: =E84+4*F84 -> 204 | K84: e = (n + a) / (N + 4a) | L84: =ROUND(SUMIF($A$2:$A$289,A84,$H$2:$H$289),9) -> 1
A85: 21 | B85: U | C85: =A85&"|"&B85 -> 21|U | D85: =INDEX('Frequency 1-72'!$B$2:$E$73,A85,MATCH(B85,{"A","C","G","U"},0)) -> 10 | E85: ='Frequency 1-72'!G22 -> 200 | F85: 1 | G85: =IF(E85=0,"",D85/E85) -> 0.05 | H85: =I85/J85 -> 0.053921569 | I85: =D85+F85 -> 11 | J85: =E85+4*F85 -> 204 | K85: e = (n + a) / (N + 4a) | L85: =ROUND(SUMIF($A$2:$A$289,A85,$H$2:$H$289),9) -> 1
A86: 22 | B86: A | C86: =A86&"|"&B86 -> 22|A | D86: =INDEX('Frequency 1-72'!$B$2:$E$73,A86,MATCH(B86,{"A","C","G","U"},0)) -> 41 | E86: ='Frequency 1-72'!G23 -> 200 | F86: 1 | G86: =IF(E86=0,"",D86/E86) -> 0.205 | H86: =I86/J86 -> 0.20588235 | I86: =D86+F86 -> 42 | J86: =E86+4*F86 -> 204 | K86: e = (n + a) / (N + 4a) | L86: =ROUND(SUMIF($A$2:$A$289,A86,$H$2:$H$289),9) -> 1
A87: 22 | B87: C | C87: =A87&"|"&B87 -> 22|C | D87: =INDEX('Frequency 1-72'!$B$2:$E$73,A87,MATCH(B87,{"A","C","G","U"},0)) -> 0 | E87: ='Frequency 1-72'!G23 -> 200 | F87: 1 | G87: =IF(E87=0,"",D87/E87) -> 0 | H87: =I87/J87 -> 0.0049019608 | I87: =D87+F87 -> 1 | J87: =E87+4*F87 -> 204 | K87: e = (n + a) / (N + 4a) | L87: =ROUND(SUMIF($A$2:$A$289,A87,$H$2:$H$289),9) -> 1
A88: 22 | B88: G | C88: =A88&"|"&B88 -> 22|G | D88: =INDEX('Frequency 1-72'!$B$2:$E$73,A88,MATCH(B88,{"A","C","G","U"},0)) -> 145 | E88: ='Frequency 1-72'!G23 -> 200 | F88: 1 | G88: =IF(E88=0,"",D88/E88) -> 0.725 | H88: =I88/J88 -> 0.71568627 | I88: =D88+F88 -> 146 | J88: =E88+4*F88 -> 204 | K88: e = (n + a) / (N + 4a) | L88: =ROUND(SUMIF($A$2:$A$289,A88,$H$2:$H$289),9) -> 1
A89: 22 | B89: U | C89: =A89&"|"&B89 -> 22|U | D89: =INDEX('Frequency 1-72'!$B$2:$E$73,A89,MATCH(B89,{"A","C","G","U"},0)) -> 14 | E89: ='Frequency 1-72'!G23 -> 200 | F89: 1 | G89: =IF(E89=0,"",D89/E89) -> 0.07 | H89: =I89/J89 -> 0.073529412 | I89: =D89+F89 -> 15 | J89: =E89+4*F89 -> 204 | K89: e = (n + a) / (N + 4a) | L89: =ROUND(SUMIF($A$2:$A$289,A89,$H$2:$H$289),9) -> 1
A90: 23 | B90: A | C90: =A90&"|"&B90 -> 23|A | D90: =INDEX('Frequency 1-72'!$B$2:$E$73,A90,MATCH(B90,{"A","C","G","U"},0)) -> 121 | E90: ='Frequency 1-72'!G24 -> 200 | F90: 1 | G90: =IF(E90=0,"",D90/E90) -> 0.605 | H90: =I90/J90 -> 0.59803922 | I90: =D90+F90 -> 122 | J90: =E90+4*F90 -> 204 | K90: e = (n + a) / (N + 4a) | L90: =ROUND(SUMIF($A$2:$A$289,A90,$H$2:$H$289),9) -> 1
A91: 23 | B91: C | C91: =A91&"|"&B91 -> 23|C | D91: =INDEX('Frequency 1-72'!$B$2:$E$73,A91,MATCH(B91,{"A","C","G","U"},0)) -> 38 | E91: ='Frequency 1-72'!G24 -> 200 | F91: 1 | G91: =IF(E91=0,"",D91/E91) -> 0.19 | H91: =I91/J91 -> 0.19117647 | I91: =D91+F91 -> 39 | J91: =E91+4*F91 -> 204 | K91: e = (n + a) / (N + 4a) | L91: =ROUND(SUMIF($A$2:$A$289,A91,$H$2:$H$289),9) -> 1
A92: 23 | B92: G | C92: =A92&"|"&B92 -> 23|G | D92: =INDEX('Frequency 1-72'!$B$2:$E$73,A92,MATCH(B92,{"A","C","G","U"},0)) -> 29 | E92: ='Frequency 1-72'!G24 -> 200 | F92: 1 | G92: =IF(E92=0,"",D92/E92) -> 0.145 | H92: =I92/J92 -> 0.14705882 | I92: =D92+F92 -> 30 | J92: =E92+4*F92 -> 204 | K92: e = (n + a) / (N + 4a) | L92: =ROUND(SUMIF($A$2:$A$289,A92,$H$2:$H$289),9) -> 1
A93: 23 | B93: U | C93: =A93&"|"&B93 -> 23|U | D93: =INDEX('Frequency 1-72'!$B$2:$E$73,A93,MATCH(B93,{"A","C","G","U"},0)) -> 12 | E93: ='Frequency 1-72'!G24 -> 200 | F93: 1 | G93: =IF(E93=0,"",D93/E93) -> 0.06 | H93: =I93/J93 -> 0.06372549 | I93: =D93+F93 -> 13 | J93: =E93+4*F93 -> 204 | K93: e = (n + a) / (N + 4a) | L93: =ROUND(SUMIF($A$2:$A$289,A93,$H$2:$H$289),9) -> 1
A94: 24 | B94: A | C94: =A94&"|"&B94 -> 24|A | D94: =INDEX('Frequency 1-72'!$B$2:$E$73,A94,MATCH(B94,{"A","C","G","U"},0)) -> 37 | E94: ='Frequency 1-72'!G25 -> 200 | F94: 1 | G94: =IF(E94=0,"",D94/E94) -> 0.185 | H94: =I94/J94 -> 0.18627451 | I94: =D94+F94 -> 38 | J94: =E94+4*F94 -> 204 | K94: e = (n + a) / (N + 4a) | L94: =ROUND(SUMIF($A$2:$A$289,A94,$H$2:$H$289),9) -> 1
A95: 24 | B95: C | C95: =A95&"|"&B95 -> 24|C | D95: =INDEX('Frequency 1-72'!$B$2:$E$73,A95,MATCH(B95,{"A","C","G","U"},0)) -> 6 | E95: ='Frequency 1-72'!G25 -> 200 | F95: 1 | G95: =IF(E95=0,"",D95/E95) -> 0.03 | H95: =I95/J95 -> 0.034313725 | I95: =D95+F95 -> 7 | J95: =E95+4*F95 -> 204 | K95: e = (n + a) / (N + 4a) | L95: =ROUND(SUMIF($A$2:$A$289,A95,$H$2:$H$289),9) -> 1
A96: 24 | B96: G | C96: =A96&"|"&B96 -> 24|G | D96: =INDEX('Frequency 1-72'!$B$2:$E$73,A96,MATCH(B96,{"A","C","G","U"},0)) -> 150 | E96: ='Frequency 1-72'!G25 -> 200 | F96: 1 | G96: =IF(E96=0,"",D96/E96) -> 0.75 | H96: =I96/J96 -> 0.74019608 | I96: =D96+F96 -> 151 | J96: =E96+4*F96 -> 204 | K96: e = (n + a) / (N + 4a) | L96: =ROUND(SUMIF($A$2:$A$289,A96,$H$2:$H$289),9) -> 1
A97: 24 | B97: U | C97: =A97&"|"&B97 -> 24|U | D97: =INDEX('Frequency 1-72'!$B$2:$E$73,A97,MATCH(B97,{"A","C","G","U"},0)) -> 7 | E97: ='Frequency 1-72'!G25 -> 200 | F97: 1 | G97: =IF(E97=0,"",D97/E97) -> 0.035 | H97: =I97/J97 -> 0.039215686 | I97: =D97+F97 -> 8 | J97: =E97+4*F97 -> 204 | K97: e = (n + a) / (N + 4a) | L97: =ROUND(SUMIF($A$2:$A$289,A97,$H$2:$H$289),9) -> 1
A98: 25 | B98: A | C98: =A98&"|"&B98 -> 25|A | D98: =INDEX('Frequency 1-72'!$B$2:$E$73,A98,MATCH(B98,{"A","C","G","U"},0)) -> 1 | E98: ='Frequency 1-72'!G26 -> 200 | F98: 1 | G98: =IF(E98=0,"",D98/E98) -> 0.005 | H98: =I98/J98 -> 0.0098039216 | I98: =D98+F98 -> 2 | J98: =E98+4*F98 -> 204 | K98: e = (n + a) / (N + 4a) | L98: =ROUND(SUMIF($A$2:$A$289,A98,$H$2:$H$289),9) -> 1
A99: 25 | B99: C | C99: =A99&"|"&B99 -> 25|C | D99: =INDEX('Frequency 1-72'!$B$2:$E$73,A99,MATCH(B99,{"A","C","G","U"},0)) -> 178 | E99: ='Frequency 1-72'!G26 -> 200 | F99: 1 | G99: =IF(E99=0,"",D99/E99) -> 0.89 | H99: =I99/J99 -> 0.87745098 | I99: =D99+F99 -> 179 | J99: =E99+4*F99 -> 204 | K99: e = (n + a) / (N + 4a) | L99: =ROUND(SUMIF($A$2:$A$289,A99,$H$2:$H$289),9) -> 1
A100: 25 | B100: G | C100: =A100&"|"&B100 -> 25|G | D100: =INDEX('Frequency 1-72'!$B$2:$E$73,A100,MATCH(B100,{"A","C","G","U"},0)) -> 7 | E100: ='Frequency 1-72'!G26 -> 200 | F100: 1 | G100: =IF(E100=0,"",D100/E100) -> 0.035 | H100: =I100/J100 -> 0.039215686 | I100: =D100+F100 -> 8 | J100: =E100+4*F100 -> 204 | K100: e = (n + a) / (N + 4a) | L100: =ROUND(SUMIF($A$2:$A$289,A100,$H$2:$H$289),9) -> 1
...

Sheet Emission Matrix
A1: EMISSION PROBABILITY MATRIX (smoothed) — rows = base, columns = position
A2: Base / position | B2: 1 | C2: 2 | D2: 3 | E2: 4 | F2: 5 | G2: 6 | H2: 7 | I2: 8 | J2: 9 | K2: 10 | L2: 11 | M2: 12 | N2: 13 | O2: 14 | P2: 15 | Q2: 16 | R2: 17 | S2: 18 | T2: 19 | U2: 20 | V2: 21 | W2: 22 | X2: 23 | Y2: 24 | Z2: 25 | AA2: 26 | AB2: 27 | AC2: 28 | AD2: 29 | AE2: 30 | AF2: 31 | AG2: 32 | AH2: 33 | AI2: 34 | AJ2: 35 | AK2: 36 | AL2: 37 | AM2: 38 | AN2: 39 | AO2: 40 | AP2: 41 | AQ2: 42 | AR2: 43 | AS2: 44 | AT2: 45 | AU2: 46 | AV2: 47 | AW2: 48 | AX2: 49 | AY2: 50 | AZ2: 51 | BA2: 52 | BB2: 53 | BC2: 54 | BD2: 55 | BE2: 56 | BF2: 57 | BG2: 58 | BH2: 59 | BI2: 60 | BJ2: 61 | BK2: 62 | BL2: 63 | BM2: 64 | BN2: 65 | BO2: 66 | BP2: 67 | BQ2: 68 | BR2: 69 | BS2: 70 | BT2: 71 | BU2: 72
A3: A | B3: =INDEX('Emission Stepwise'!$H$2:$H$289,MATCH(1&"|"&$A3,'Emission Stepwise'!$C$2:$C$289,0)) -> 0.068627451 | C3: =INDEX('Emission Stepwise'!$H$2:$H$289,MATCH(2&"|"&$A3,'Emission Stepwise'!$C$2:$C$289,0)) -> 0.034313725 | D3: =INDEX('Emission Stepwise'!$H$2:$H$289,MATCH(3&"|"&$A3,'Emission Stepwise'!$C$2:$C$289,0)) -> 0.073529412 | E3: =INDEX('Emission Stepwise'!$H$2:$H$289,MATCH(4&"|"&$A3,'Emission Stepwise'!$C$2:$C$289,0)) -> 0.083333333 | F3: =INDEX('Emission Stepwise'!$H$2:$H$289,MATCH(5&"|"&$A3,'Emission Stepwise'!$C$2:$C$289,0)) -> 0.15686275 | G3: =INDEX('Emission Stepwise'!$H$2:$H$289,MATCH(6&"|"&$A3,'Emission Stepwise'!$C$2:$C$289,0)) -> 0.17156863 | H3: =INDEX('Emission Stepwise'!$H$2:$H$289,MATCH(7&"|"&$A3,'Emission Stepwise'!$C$2:$C$289,0)) -> 0.24019608 | I3: =INDEX('Emission Stepwise'!$H$2:$H$289,MATCH(8&"|"&$A3,'Emission Stepwise'!$C$2:$C$289,0)) -> 0.0098039216 | J3: =INDEX('Emission Stepwise'!$H$2:$H$289,MATCH(9&"|"&$A3,'Emission Stepwise'!$C$2:$C$289,0)) -> 0.65024631 | K3: =INDEX('Emission Stepwise'!$H$2:$H$289,MATCH(10&"|"&$A3,'Emission Stepwise'!$C$2:$C$289,0)) -> 0.0049019608 | L3: =INDEX('Emission Stepwise'!$H$2:$H$289,MATCH(11&"|"&$A3,'Emission Stepwise'!$C$2:$C$289,0)) -> 0.039215686 | M3: =INDEX('Emission Stepwise'!$H$2:$H$289,MATCH(12&"|"&$A3,'Emission Stepwise'!$C$2:$C$289,0)) -> 0.068627451 | N3: =INDEX('Emission Stepwise'!$H$2:$H$289,MATCH(13&"|"&$A3,'Emission Stepwise'!$C$2:$C$289,0)) -> 0.068627451 | O3: =INDEX('Emission Stepwise'!$H$2:$H$289,MATCH(14&"|"&$A3,'Emission Stepwise'!$C$2:$C$289,0)) -> 0.9754902 | P3: =INDEX('Emission Stepwise'!$H$2:$H$289,MATCH(15&"|"&$A3,'Emission Stepwise'!$C$2:$C$289,0)) -> 0.16748768 | Q3: =INDEX('Emission Stepwise'!$H$2:$H$289,MATCH(16&"|"&$A3,'Emission Stepwise'!$C$2:$C$289,0)) -> 0.02919708 | R3: =INDEX('Emission Stepwise'!$H$2:$H$289,MATCH(17&"|"&$A3,'Emission Stepwise'!$C$2:$C$289,0)) -> 0.064676617 | S3: =INDEX('Emission Stepwise'!$H$2:$H$289,MATCH(18&"|"&$A3,'Emission Stepwise'!$C$2:$C$289,0)) -> 0.0098039216 | T3: =INDEX('Emission Stepwise'!$H$2:$H$289,MATCH(19&"|"&$A3,'Emission Stepwise'!$C$2:$C$289,0)) -> 0.0098039216 | U3: =INDEX('Emission Stepwise'!$H$2:$H$289,MATCH(20&"|"&$A3,'Emission Stepwise'!$C$2:$C$289,0)) -> 0.088669951 | V3: =INDEX('Emission Stepwise'!$H$2:$H$289,MATCH(21&"|"&$A3,'Emission Stepwise'!$C$2:$C$289,0)) -> 0.88235294 | W3: =INDEX('Emission Stepwise'!$H$2:$H$289,MATCH(22&"|"&$A3,'Emission Stepwise'!$C$2:$C$289,0)) -> 0.20588235 | X3: =INDEX('Emission Stepwise'!$H$2:$H$289,MATCH(23&"|"&$A3,'Emission Stepwise'!$C$2:$C$289,0)) -> 0.59803922 | Y3: =INDEX('Emission Stepwise'!$H$2:$H$289,MATCH(24&"|"&$A3,'Emission Stepwise'!$C$2:$C$289,0)) -> 0.18627451 | Z3: =INDEX('Emission Stepwise'!$H$2:$H$289,MATCH(25&"|"&$A3,'Emission Stepwise'!$C$2:$C$289,0)) -> 0.0098039216 | AA3: =INDEX('Emission Stepwise'!$H$2:$H$289,MATCH(26&"|"&$A3,'Emission Stepwise'!$C$2:$C$289,0)) -> 0.41666667 | AB3: =INDEX('Emission Stepwise'!$H$2:$H$289,MATCH(27&"|"&$A3,'Emission Stepwise'!$C$2:$C$289,0)) -> 0.12254902 | AC3: =INDEX('Emission Stepwise'!$H$2:$H$289,MATCH(28&"|"&$A3,'Emission Stepwise'!$C$2:$C$289,0)) -> 0.12254902 | AD3: =INDEX('Emission Stepwise'!$H$2:$H$289,MATCH(29&"|"&$A3,'Emission Stepwise'!$C$2:$C$289,0)) -> 0.16176471 | AE3: =INDEX('Emission Stepwise'!$H$2:$H$289,MATCH(30&"|"&$A3,'Emission Stepwise'!$C$2:$C$289,0)) -> 0.0049019608 | AF3: =INDEX('Emission Stepwise'!$H$2:$H$289,MATCH(31&"|"&$A3,'Emission Stepwise'!$C$2:$C$289,0)) -> 0.26960784 | AG3: =INDEX('Emission Stepwise'!$H$2:$H$289,MATCH(32&"|"&$A3,'Emission Stepwise'!$C$2:$C$289,0)) -> 0.034313725 | AH3: =INDEX('Emission Stepwise'!$H$2:$H$289,MATCH(33&"|"&$A3,'Emission Stepwise'!$C$2:$C$289,0)) -> 0.0098039216 | AI3: =INDEX('Emission Stepwise'!$H$2:$H$289,MATCH(34&"|"&$A3,'Emission Stepwise'!$C$2:$C$289,0)) -> 0.049019608 | AJ3: =INDEX('Emission Stepwise'!$H$2:$H$289,MATCH(35&"|"&$A3,'Emission Stepwise'!$C$2:$C$289,0)) -> 0.30882353 | AK3: =INDEX('Emission Stepwise'!$H$2:$H$289,MATCH(36&"|"&$A3,'Emission Stepwise'!$C$2:$C$289,0)) -> 0.21568627 | AL3: =INDEX('Emission Stepwise'!$H$2:$H$289,MATCH(37&"|"&$A3,'Emission Stepwise'!$C$2:$C$289,0)) -> 0.74509804 | AM3: =INDEX('Emission Stepwise'!$H$2:$H$289,MATCH(38&"|"&$A3,'Emission Stepwise'!$C$2:$C$289,0)) -> 0.7254902 | AN3: =INDEX('Emission Stepwise'!$H$2:$H$289,MATCH(39&"|"&$A3,'Emission Stepwise'!$C$2:$C$289,0)) -> 0.093137255 | AO3: =INDEX('Emission Stepwise'!$H$2:$H$289,MATCH(40&"|"&$A3,'Emission Stepwise'!$C$2:$C$289,0)) -> 0.0098039216 | AP3: =INDEX('Emission Stepwise'!$H$2:$H$289,MATCH(41&"|"&$A3,'Emission Stepwise'!$C$2:$C$289,0)) -> 0.26960784 | AQ3: =INDEX('Emission Stepwise'!$H$2:$H$289,MATCH(42&"|"&$A3,'Emission Stepwise'!$C$2:$C$289,0)) -> 0.24509804 | AR3: =INDEX('Emission Stepwise'!$H$2:$H$289,MATCH(43&"|"&$A3,'Emission Stepwise'!$C$2:$C$289,0)) -> 0.2254902 | AS3: =INDEX('Emission Stepwise'!$H$2:$H$289,MATCH(44&"|"&$A3,'Emission Stepwise'!$C$2:$C$289,0)) -> 0.49509804 | AT3: =INDEX('Emission Stepwise'!$H$2:$H$289,MATCH(45&"|"&$A3,'Emission Stepwise'!$C$2:$C$289,0)) -> 0.079207921 | AU3: =INDEX('Emission Stepwise'!$H$2:$H$289,MATCH(46&"|"&$A3,'Emission Stepwise'!$C$2:$C$289,0)) -> 0.098265896 | AV3: =INDEX('Emission Stepwise'!$H$2:$H$289,MATCH(47&"|"&$A3,'Emission Stepwise'!$C$2:$C$289,0)) -> 0.13235294 | AW3: =INDEX('Emission Stepwise'!$H$2:$H$289,MATCH(48&"|"&$A3,'Emission Stepwise'!$C$2:$C$289,0)) -> 0.0098039216 | AX3: =INDEX('Emission Stepwise'!$H$2:$H$289,MATCH(49&"|"&$A3,'Emission Stepwise'!$C$2:$C$289,0)) -> 0.15686275 | AY3: =INDEX('Emission Stepwise'!$H$2:$H$289,MATCH(50&"|"&$A3,'Emission Stepwise'!$C$2:$C$289,0)) -> 0.11764706 | AZ3: =INDEX('Emission Stepwise'!$H$2:$H$289,MATCH(51&"|"&$A3,'Emission Stepwise'!$C$2:$C$289,0)) -> 0.14285714 | BA3: =INDEX('Emission Stepwise'!$H$2:$H$289,MATCH(52&"|"&$A3,'Emission Stepwise'!$C$2:$C$289,0)) -> 0.13235294 | BB3: =INDEX('Emission Stepwise'!$H$2:$H$289,MATCH(53&"|"&$A3,'Emission Stepwise'!$C$2:$C$289,0)) -> 0.0098039216 | BC3: =INDEX('Emission Stepwise'!$H$2:$H$289,MATCH(54&"|"&$A3,'Emission Stepwise'!$C$2:$C$289,0)) -> 0.014705882 | BD3: =INDEX('Emission Stepwise'!$H$2:$H$289,MATCH(55&"|"&$A3,'Emission Stepwise'!$C$2:$C$289,0)) -> 0.0098039216 | BE3: =INDEX('Emission Stepwise'!$H$2:$H$289,MATCH(56&"|"&$A3,'Emission Stepwise'!$C$2:$C$289,0)) -> 0.014705882 | BF3: =INDEX('Emission Stepwise'!$H$2:$H$289,MATCH(57&"|"&$A3,'Emission Stepwise'!$C$2:$C$289,0)) -> 0.38423645 | BG3: =INDEX('Emission Stepwise'!$H$2:$H$289,MATCH(58&"|"&$A3,'Emission Stepwise'!$C$2:$C$289,0)) -> 0.9754902 | BH3: =INDEX('Emission Stepwise'!$H$2:$H$289,MATCH(59&"|"&$A3,'Emission Stepwise'!$C$2:$C$289,0)) -> 0.45098039 | BI3: =INDEX('Emission Stepwise'!$H$2:$H$289,MATCH(60&"|"&$A3,'Emission Stepwise'!$C$2:$C$289,0)) -> 0.0098039216 | BJ3: =INDEX('Emission Stepwise'!$H$2:$H$289,MATCH(61&"|"&$A3,'Emission Stepwise'!$C$2:$C$289,0)) -> 0.0049019608 | BK3: =INDEX('Emission Stepwise'!$H$2:$H$289,MATCH(62&"|"&$A3,'Emission Stepwise'!$C$2:$C$289,0)) -> 0.019607843 | BL3: =INDEX('Emission Stepwise'!$H$2:$H$289,MATCH(63&"|"&$A3,'Emission Stepwise'!$C$2:$C$289,0)) -> 0.11764706 | BM3: =INDEX('Emission Stepwise'!$H$2:$H$289,MATCH(64&"|"&$A3,'Emission Stepwise'!$C$2:$C$289,0)) -> 0.16666667 | BN3: =INDEX('Emission Stepwise'!$H$2:$H$289,MATCH(65&"|"&$A3,'Emission Stepwise'!$C$2:$C$289,0)) -> 0.049261084 | BO3: =INDEX('Emission Stepwise'!$H$2:$H$289,MATCH(66&"|"&$A3,'Emission Stepwise'!$C$2:$C$289,0)) -> 0.21568627 | BP3: =INDEX('Emission Stepwise'!$H$2:$H$289,MATCH(67&"|"&$A3,'Emission Stepwise'!$C$2:$C$289,0)) -> 0.21078431 | BQ3: =INDEX('Emission Stepwise'!$H$2:$H$289,MATCH(68&"|"&$A3,'Emission Stepwise'!$C$2:$C$289,0)) -> 0.078431373 | BR3: =INDEX('Emission Stepwise'!$H$2:$H$289,MATCH(69&"|"&$A3,'Emission Stepwise'!$C$2:$C$289,0)) -> 0.12745098 | BS3: =INDEX('Emission Stepwise'!$H$2:$H$289,MATCH(70&"|"&$A3,'Emission Stepwise'!$C$2:$C$289,0)) -> 0.11764706 | BT3: =INDEX('Emission Stepwise'!$H$2:$H$289,MATCH(71&"|"&$A3,'Emission Stepwise'!$C$2:$C$289,0)) -> 0.029411765 | BU3: =INDEX('Emission Stepwise'!$H$2:$H$289,MATCH(72&"|"&$A3,'Emission Stepwise'!$C$2:$C$289,0)) -> 0.083333333
A4: C | B4: =INDEX('Emission Stepwise'!$H$2:$H$289,MATCH(1&"|"&$A4,'Emission Stepwise'!$C$2:$C$289,0)) -> 0.1127451 | C4: =INDEX('Emission Stepwise'!$H$2:$H$289,MATCH(2&"|"&$A4,'Emission Stepwise'!$C$2:$C$289,0)) -> 0.40686275 | D4: =INDEX('Emission Stepwise'!$H$2:$H$289,MATCH(3&"|"&$A4,'Emission Stepwise'!$C$2:$C$289,0)) -> 0.38235294 | E4: =INDEX('Emission Stepwise'!$H$2:$H$289,MATCH(4&"|"&$A4,'Emission Stepwise'!$C$2:$C$289,0)) -> 0.30392157 | F4: =INDEX('Emission Stepwise'!$H$2:$H$289,MATCH(5&"|"&$A4,'Emission Stepwise'!$C$2:$C$289,0)) -> 0.39215686 | G4: =INDEX('Emission Stepwise'!$H$2:$H$289,MATCH(6&"|"&$A4,'Emission Stepwise'!$C$2:$C$289,0)) -> 0.32352941 | H4: =INDEX('Emission Stepwise'!$H$2:$H$289,MATCH(7&"|"&$A4,'Emission Stepwise'!$C$2:$C$289,0)) -> 0.019607843 | I4: =INDEX('Emission Stepwise'!$H$2:$H$289,MATCH(8&"|"&$A4,'Emission Stepwise'!$C$2:$C$289,0)) -> 0.0049019608 | J4: =INDEX('Emission Stepwise'!$H$2:$H$289,MATCH(9&"|"&$A4,'Emission Stepwise'!$C$2:$C$289,0)) -> 0.039408867 | K4: =INDEX('Emission Stepwise'!$H$2:$H$289,MATCH(10&"|"&$A4,'Emission Stepwise'!$C$2:$C$289,0)) -> 0.044117647 | L4: =INDEX('Emission Stepwise'!$H$2:$H$289,MATCH(11&"|"&$A4,'Emission Stepwise'!$C$2:$C$289,0)) -> 0.7254902 | M4: =INDEX('Emission Stepwise'!$H$2:$H$289,MATCH(12&"|"&$A4,'Emission Stepwise'!$C$2:$C$289,0)) -> 0.14705882 | N4: =INDEX('Emission Stepwise'!$H$2:$H$289,MATCH(13&"|"&$A4,'Emission Stepwise'!$C$2:$C$289,0)) -> 0.64215686 | O4: =INDEX('Emission Stepwise'!$H$2:$H$289,MATCH(14&"|"&$A4,'Emission Stepwise'!$C$2:$C$289,0)) -> 0.0098039216 | P4: =INDEX('Emission Stepwise'!$H$2:$H$289,MATCH(15&"|"&$A4,'Emission Stepwise'!$C$2:$C$289,0)) -> 0.014778325 | Q4: =INDEX('Emission Stepwise'!$H$2:$H$289,MATCH(16&"|"&$A4,'Emission Stepwise'!$C$2:$C$289,0)) -> 0.35766423 | R4: =INDEX('Emission Stepwise'!$H$2:$H$289,MATCH(17&"|"&$A4,'Emission Stepwise'!$C$2:$C$289,0)) -> 0.31840796 | S4: =INDEX('Emission Stepwise'!$H$2:$H$289,MATCH(18&"|"&$A4,'Emission Stepwise'!$C$2:$C$289,0)) -> 0.0049019608 | T4: =INDEX('Emission Stepwise'!$H$2:$H$289,MATCH(19&"|"&$A4,'Emission Stepwise'!$C$2:$C$289,0)) -> 0.0049019608 | U4: =INDEX('Emission Stepwise'!$H$2:$H$289,MATCH(20&"|"&$A4,'Emission Stepwise'!$C$2:$C$289,0)) -> 0.22660099 | V4: =INDEX('Emission Stepwise'!$H$2:$H$289,MATCH(21&"|"&$A4,'Emission Stepwise'!$C$2:$C$289,0)) -> 0.024509804 | W4: =INDEX('Emission Stepwise'!$H$2:$H$289,MATCH(22&"|"&$A4,'Emission Stepwise'!$C$2:$C$289,0)) -> 0.0049019608 | X4: =INDEX('Emission Stepwise'!$H$2:$H$289,MATCH(23&"|"&$A4,'Emission Stepwise'!$C$2:$C$289,0)) -> 0.19117647 | Y4: =INDEX('Emission Stepwise'!$H$2:$H$289,MATCH(24&"|"&$A4,'Emission Stepwise'!$C$2:$C$289,0)) -> 0.034313725 | Z4: =INDEX('Emission Stepwise'!$H$2:$H$289,MATCH(25&"|"&$A4,'Emission Stepwise'!$C$2:$C$289,0)) -> 0.87745098 | AA4: =INDEX('Emission Stepwise'!$H$2:$H$289,MATCH(26&"|"&$A4,'Emission Stepwise'!$C$2:$C$289,0)) -> 0.029411765 | AB4: =INDEX('Emission Stepwise'!$H$2:$H$289,MATCH(27&"|"&$A4,'Emission Stepwise'!$C$2:$C$289,0)) -> 0.46078431 | AC4: =INDEX('Emission Stepwise'!$H$2:$H$289,MATCH(28&"|"&$A4,'Emission Stepwise'!$C$2:$C$289,0)) -> 0.50980392 | AD4: =INDEX('Emission Stepwise'!$H$2:$H$289,MATCH(29&"|"&$A4,'Emission Stepwise'!$C$2:$C$289,0)) -> 0.18137255 | AE4: =INDEX('Emission Stepwise'!$H$2:$H$289,MATCH(30&"|"&$A4,'Emission Stepwise'!$C$2:$C$289,0)) -> 0.21568627 | AF4: =INDEX('Emission Stepwise'!$H$2:$H$289,MATCH(31&"|"&$A4,'Emission Stepwise'!$C$2:$C$289,0)) -> 0.35784314 | AG4: =INDEX('Emission Stepwise'!$H$2:$H$289,MATCH(32&"|"&$A4,'Emission Stepwise'!$C$2:$C$289,0)) -> 0.66666667 | AH4: =INDEX('Emission Stepwise'!$H$2:$H$289,MATCH(33&"|"&$A4,'Emission Stepwise'!$C$2:$C$289,0)) -> 0.0098039216 | AI4: =INDEX('Emission Stepwise'!$H$2:$H$289,MATCH(34&"|"&$A4,'Emission Stepwise'!$C$2:$C$289,0)) -> 0.32843137 | AJ4: =INDEX('Emission Stepwise'!$H$2:$H$289,MATCH(35&"|"&$A4,'Emission Stepwise'!$C$2:$C$289,0)) -> 0.23039216 | AK4: =INDEX('Emission Stepwise'!$H$2:$H$289,MATCH(36&"|"&$A4,'Emission Stepwise'!$C$2:$C$289,0)) -> 0.26470588 | AL4: =INDEX('Emission Stepwise'!$H$2:$H$289,MATCH(37&"|"&$A4,'Emission Stepwise'!$C$2:$C$289,0)) -> 0.0098039216 | AM4: =INDEX('Emission Stepwise'!$H$2:$H$289,MATCH(38&"|"&$A4,'Emission Stepwise'!$C$2:$C$289,0)) -> 0.14705882 | AN4: =INDEX('Emission Stepwise'!$H$2:$H$289,MATCH(39&"|"&$A4,'Emission Stepwise'!$C$2:$C$289,0)) -> 0.25490196 | AO4: =INDEX('Emission Stepwise'!$H$2:$H$289,MATCH(40&"|"&$A4,'Emission Stepwise'!$C$2:$C$289,0)) -> 0.70588235 | AP4: =INDEX('Emission Stepwise'!$H$2:$H$289,MATCH(41&"|"&$A4,'Emission Stepwise'!$C$2:$C$289,0)) -> 0.38235294 | AQ4: =INDEX('Emission Stepwise'!$H$2:$H$289,MATCH(42&"|"&$A4,'Emission Stepwise'!$C$2:$C$289,0)) -> 0.10294118 | AR4: =INDEX('Emission Stepwise'!$H$2:$H$289,MATCH(43&"|"&$A4,'Emission Stepwise'!$C$2:$C$289,0)) -> 0.11764706 | AS4: =INDEX('Emission Stepwise'!$H$2:$H$289,MATCH(44&"|"&$A4,'Emission Stepwise'!$C$2:$C$289,0)) -> 0.15686275 | AT4: =INDEX('Emission Stepwise'!$H$2:$H$289,MATCH(45&"|"&$A4,'Emission Stepwise'!$C$2:$C$289,0)) -> 0.02970297 | AU4: =INDEX('Emission Stepwise'!$H$2:$H$289,MATCH(46&"|"&$A4,'Emission Stepwise'!$C$2:$C$289,0)) -> 0.028901734 | AV4: =INDEX('Emission Stepwise'!$H$2:$H$289,MATCH(47&"|"&$A4,'Emission Stepwise'!$C$2:$C$289,0)) -> 0.11764706 | AW4: =INDEX('Emission Stepwise'!$H$2:$H$289,MATCH(48&"|"&$A4,'Emission Stepwise'!$C$2:$C$289,0)) -> 0.82843137 | AX4: =INDEX('Emission Stepwise'!$H$2:$H$289,MATCH(49&"|"&$A4,'Emission Stepwise'!$C$2:$C$289,0)) -> 0.28431373 | AY4: =INDEX('Emission Stepwise'!$H$2:$H$289,MATCH(50&"|"&$A4,'Emission Stepwise'!$C$2:$C$289,0)) -> 0.43137255 | AZ4: =INDEX('Emission Stepwise'!$H$2:$H$289,MATCH(51&"|"&$A4,'Emission Stepwise'!$C$2:$C$289,0)) -> 0.20689655 | BA4: =INDEX('Emission Stepwise'!$H$2:$H$289,MATCH(52&"|"&$A4,'Emission Stepwise'!$C$2:$C$289,0)) -> 0.014705882 | BB4: =INDEX('Emission Stepwise'!$H$2:$H$289,MATCH(53&"|"&$A4,'Emission Stepwise'!$C$2:$C$289,0)) -> 0.0098039216 | BC4: =INDEX('Emission Stepwise'!$H$2:$H$289,MATCH(54&"|"&$A4,'Emission Stepwise'!$C$2:$C$289,0)) -> 0.0049019608 | BD4: =INDEX('Emission Stepwise'!$H$2:$H$289,MATCH(55&"|"&$A4,'Emission Stepwise'!$C$2:$C$289,0)) -> 0.0098039216 | BE4: =INDEX('Emission Stepwise'!$H$2:$H$289,MATCH(56&"|"&$A4,'Emission Stepwise'!$C$2:$C$289,0)) -> 0.96568627 | BF4: =INDEX('Emission Stepwise'!$H$2:$H$289,MATCH(57&"|"&$A4,'Emission Stepwise'!$C$2:$C$289,0)) -> 0.0049261084 | BG4: =INDEX('Emission Stepwise'!$H$2:$H$289,MATCH(58&"|"&$A4,'Emission Stepwise'!$C$2:$C$289,0)) -> 0.0098039216 | BH4: =INDEX('Emission Stepwise'!$H$2:$H$289,MATCH(59&"|"&$A4,'Emission Stepwise'!$C$2:$C$289,0)) -> 0.06372549 | BI4: =INDEX('Emission Stepwise'!$H$2:$H$289,MATCH(60&"|"&$A4,'Emission Stepwise'!$C$2:$C$289,0)) -> 0.20098039 | BJ4: =INDEX('Emission Stepwise'!$H$2:$H$289,MATCH(61&"|"&$A4,'Emission Stepwise'!$C$2:$C$289,0)) -> 0.9754902 | BK4: =INDEX('Emission Stepwise'!$H$2:$H$289,MATCH(62&"|"&$A4,'Emission Stepwise'!$C$2:$C$289,0)) -> 0.83333333 | BL4: =INDEX('Emission Stepwise'!$H$2:$H$289,MATCH(63&"|"&$A4,'Emission Stepwise'!$C$2:$C$289,0)) -> 0.48039216 | BM4: =INDEX('Emission Stepwise'!$H$2:$H$289,MATCH(64&"|"&$A4,'Emission Stepwise'!$C$2:$C$289,0)) -> 0.21078431 | BN4: =INDEX('Emission Stepwise'!$H$2:$H$289,MATCH(65&"|"&$A4,'Emission Stepwise'!$C$2:$C$289,0)) -> 0.31527094 | BO4: =INDEX('Emission Stepwise'!$H$2:$H$289,MATCH(66&"|"&$A4,'Emission Stepwise'!$C$2:$C$289,0)) -> 0.51960784 | BP4: =INDEX('Emission Stepwise'!$H$2:$H$289,MATCH(67&"|"&$A4,'Emission Stepwise'!$C$2:$C$289,0)) -> 0.2254902 | BQ4: =INDEX('Emission Stepwise'!$H$2:$H$289,MATCH(68&"|"&$A4,'Emission Stepwise'!$C$2:$C$289,0)) -> 0.30882353 | BR4: =INDEX('Emission Stepwise'!$H$2:$H$289,MATCH(69&"|"&$A4,'Emission Stepwise'!$C$2:$C$289,0)) -> 0.43627451 | BS4: =INDEX('Emission Stepwise'!$H$2:$H$289,MATCH(70&"|"&$A4,'Emission Stepwise'!$C$2:$C$289,0)) -> 0.35784314 | BT4: =INDEX('Emission Stepwise'!$H$2:$H$289,MATCH(71&"|"&$A4,'Emission Stepwise'!$C$2:$C$289,0)) -> 0.51470588 | BU4: =INDEX('Emission Stepwise'!$H$2:$H$289,MATCH(72&"|"&$A4,'Emission Stepwise'!$C$2:$C$289,0)) -> 0.71568627
A5: G | B5: =INDEX('Emission Stepwise'!$H$2:$H$289,MATCH(1&"|"&$A5,'Emission Stepwise'!$C$2:$C$289,0)) -> 0.75 | C5: =INDEX('Emission Stepwise'!$H$2:$H$289,MATCH(2&"|"&$A5,'Emission Stepwise'!$C$2:$C$289,0)) -> 0.5245098 | D5: =INDEX('Emission Stepwise'!$H$2:$H$289,MATCH(3&"|"&$A5,'Emission Stepwise'!$C$2:$C$289,0)) -> 0.42647059 | E5: =INDEX('Emission Stepwise'!$H$2:$H$289,MATCH(4&"|"&$A5,'Emission Stepwise'!$C$2:$C$289,0)) -> 0.44117647 | F5: =INDEX('Emission Stepwise'!$H$2:$H$289,MATCH(5&"|"&$A5,'Emission Stepwise'!$C$2:$C$289,0)) -> 0.34313725 | G5: =INDEX('Emission Stepwise'!$H$2:$H$289,MATCH(6&"|"&$A5,'Emission Stepwise'!$C$2:$C$289,0)) -> 0.24019608 | H5: =INDEX('Emission Stepwise'!$H$2:$H$289,MATCH(7&"|"&$A5,'Emission Stepwise'!$C$2:$C$289,0)) -> 0.51960784 | I5: =INDEX('Emission Stepwise'!$H$2:$H$289,MATCH(8&"|"&$A5,'Emission Stepwise'!$C$2:$C$289,0)) -> 0.0098039216 | J5: =INDEX('Emission Stepwise'!$H$2:$H$289,MATCH(9&"|"&$A5,'Emission Stepwise'!$C$2:$C$289,0)) -> 0.30541872 | K5: =INDEX('Emission Stepwise'!$H$2:$H$289,MATCH(10&"|"&$A5,'Emission Stepwise'!$C$2:$C$289,0)) -> 0.94607843 | L5: =INDEX('Emission Stepwise'!$H$2:$H$289,MATCH(11&"|"&$A5,'Emission Stepwise'!$C$2:$C$289,0)) -> 0.034313725 | M5: =INDEX('Emission Stepwise'!$H$2:$H$289,MATCH(12&"|"&$A5,'Emission Stepwise'!$C$2:$C$289,0)) -> 0.19117647 | N5: =INDEX('Emission Stepwise'!$H$2:$H$289,MATCH(13&"|"&$A5,'Emission Stepwise'!$C$2:$C$289,0)) -> 0.098039216 | O5: =INDEX('Emission Stepwise'!$H$2:$H$289,MATCH(14&"|"&$A5,'Emission Stepwise'!$C$2:$C$289,0)) -> 0.0098039216 | P5: =INDEX('Emission Stepwise'!$H$2:$H$289,MATCH(15&"|"&$A5,'Emission Stepwise'!$C$2:$C$289,0)) -> 0.80295567 | Q5: =INDEX('Emission Stepwise'!$H$2:$H$289,MATCH(16&"|"&$A5,'Emission Stepwise'!$C$2:$C$289,0)) -> 0.02919708 | R5: =INDEX('Emission Stepwise'!$H$2:$H$289,MATCH(17&"|"&$A5,'Emission Stepwise'!$C$2:$C$289,0)) -> 0.044776119 | S5: =INDEX('Emission Stepwise'!$H$2:$H$289,MATCH(18&"|"&$A5,'Emission Stepwise'!$C$2:$C$289,0)) -> 0.98039216 | T5: =INDEX('Emission Stepwise'!$H$2:$H$289,MATCH(19&"|"&$A5,'Emission Stepwise'!$C$2:$C$289,0)) -> 0.97058824 | U5: =INDEX('Emission Stepwise'!$H$2:$H$289,MATCH(20&"|"&$A5,'Emission Stepwise'!$C$2:$C$289,0)) -> 0.093596059 | V5: =INDEX('Emission Stepwise'!$H$2:$H$289,MATCH(21&"|"&$A5,'Emission Stepwise'!$C$2:$C$289,0)) -> 0.039215686 | W5: =INDEX('Emission Stepwise'!$H$2:$H$289,MATCH(22&"|"&$A5,'Emission Stepwise'!$C$2:$C$289,0)) -> 0.71568627 | X5: =INDEX('Emission Stepwise'!$H$2:$H$289,MATCH(23&"|"&$A5,'Emission Stepwise'!$C$2:$C$289,0)) -> 0.14705882 | Y5: =INDEX('Emission Stepwise'!$H$2:$H$289,MATCH(24&"|"&$A5,'Emission Stepwise'!$C$2:$C$289,0)) -> 0.74019608 | Z5: =INDEX('Emission Stepwise'!$H$2:$H$289,MATCH(25&"|"&$A5,'Emission Stepwise'!$C$2:$C$289,0)) -> 0.039215686 | AA5: =INDEX('Emission Stepwise'!$H$2:$H$289,MATCH(26&"|"&$A5,'Emission Stepwise'!$C$2:$C$289,0)) -> 0.49509804 | AB5: =INDEX('Emission Stepwise'!$H$2:$H$289,MATCH(27&"|"&$A5,'Emission Stepwise'!$C$2:$C$289,0)) -> 0.15686275 | AC5: =INDEX('Emission Stepwise'!$H$2:$H$289,MATCH(28&"|"&$A5,'Emission Stepwise'!$C$2:$C$289,0)) -> 0.1127451 | AD5: =INDEX('Emission Stepwise'!$H$2:$H$289,MATCH(29&"|"&$A5,'Emission Stepwise'!$C$2:$C$289,0)) -> 0.38235294 | AE5: =INDEX('Emission Stepwise'!$H$2:$H$289,MATCH(30&"|"&$A5,'Emission Stepwise'!$C$2:$C$289,0)) -> 0.74019608 | AF5: =INDEX('Emission Stepwise'!$H$2:$H$289,MATCH(31&"|"&$A5,'Emission Stepwise'!$C$2:$C$289,0)) -> 0.2745098 | AG5: =INDEX('Emission Stepwise'!$H$2:$H$289,MATCH(32&"|"&$A5,'Emission Stepwise'!$C$2:$C$289,0)) -> 0.0049019608 | AH5: =INDEX('Emission Stepwise'!$H$2:$H$289,MATCH(33&"|"&$A5,'Emission Stepwise'!$C$2:$C$289,0)) -> 0.0049019608 | AI5: =INDEX('Emission Stepwise'!$H$2:$H$289,MATCH(34&"|"&$A5,'Emission Stepwise'!$C$2:$C$289,0)) -> 0.33333333 | AJ5: =INDEX('Emission Stepwise'!$H$2:$H$289,MATCH(35&"|"&$A5,'Emission Stepwise'!$C$2:$C$289,0)) -> 0.25490196 | AK5: =INDEX('Emission Stepwise'!$H$2:$H$289,MATCH(36&"|"&$A5,'Emission Stepwise'!$C$2:$C$289,0)) -> 0.16176471 | AL5: =INDEX('Emission Stepwise'!$H$2:$H$289,MATCH(37&"|"&$A5,'Emission Stepwise'!$C$2:$C$289,0)) -> 0.24019608 | AM5: =INDEX('Emission Stepwise'!$H$2:$H$289,MATCH(38&"|"&$A5,'Emission Stepwise'!$C$2:$C$289,0)) -> 0.0098039216 | AN5: =INDEX('Emission Stepwise'!$H$2:$H$289,MATCH(39&"|"&$A5,'Emission Stepwise'!$C$2:$C$289,0)) -> 0.35784314 | AO5: =INDEX('Emission Stepwise'!$H$2:$H$289,MATCH(40&"|"&$A5,'Emission Stepwise'!$C$2:$C$289,0)) -> 0.24019608 | AP5: =INDEX('Emission Stepwise'!$H$2:$H$289,MATCH(41&"|"&$A5,'Emission Stepwise'!$C$2:$C$289,0)) -> 0.18137255 | AQ5: =INDEX('Emission Stepwise'!$H$2:$H$289,MATCH(42&"|"&$A5,'Emission Stepwise'!$C$2:$C$289,0)) -> 0.51960784 | AR5: =INDEX('Emission Stepwise'!$H$2:$H$289,MATCH(43&"|"&$A5,'Emission Stepwise'!$C$2:$C$289,0)) -> 0.49509804 | AS5: =INDEX('Emission Stepwise'!$H$2:$H$289,MATCH(44&"|"&$A5,'Emission Stepwise'!$C$2:$C$289,0)) -> 0.23039216 | AT5: =INDEX('Emission Stepwise'!$H$2:$H$289,MATCH(45&"|"&$A5,'Emission Stepwise'!$C$2:$C$289,0)) -> 0.74752475 | AU5: =INDEX('Emission Stepwise'!$H$2:$H$289,MATCH(46&"|"&$A5,'Emission Stepwise'!$C$2:$C$289,0)) -> 0.79768786 | AV5: =INDEX('Emission Stepwise'!$H$2:$H$289,MATCH(47&"|"&$A5,'Emission Stepwise'!$C$2:$C$289,0)) -> 0.083333333 | AW5: =INDEX('Emission Stepwise'!$H$2:$H$289,MATCH(48&"|"&$A5,'Emission Stepwise'!$C$2:$C$289,0)) -> 0.014705882 | AX5: =INDEX('Emission Stepwise'!$H$2:$H$289,MATCH(49&"|"&$A5,'Emission Stepwise'!$C$2:$C$289,0)) -> 0.5 | AY5: =INDEX('Emission Stepwise'!$H$2:$H$289,MATCH(50&"|"&$A5,'Emission Stepwise'!$C$2:$C$289,0)) -> 0.26960784 | AZ5: =INDEX('Emission Stepwise'!$H$2:$H$289,MATCH(51&"|"&$A5,'Emission Stepwise'!$C$2:$C$289,0)) -> 0.49261084 | BA5: =INDEX('Emission Stepwise'!$H$2:$H$289,MATCH(52&"|"&$A5,'Emission Stepwise'!$C$2:$C$289,0)) -> 0.82843137 | BB5: =INDEX('Emission Stepwise'!$H$2:$H$289,MATCH(53&"|"&$A5,'Emission Stepwise'!$C$2:$C$289,0)) -> 0.96568627 | BC5: =INDEX('Emission Stepwise'!$H$2:$H$289,MATCH(54&"|"&$A5,'Emission Stepwise'!$C$2:$C$289,0)) -> 0.0049019608 | BD5: =INDEX('Emission Stepwise'!$H$2:$H$289,MATCH(55&"|"&$A5,'Emission Stepwise'!$C$2:$C$289,0)) -> 0.0098039216 | BE5: =INDEX('Emission Stepwise'!$H$2:$H$289,MATCH(56&"|"&$A5,'Emission Stepwise'!$C$2:$C$289,0)) -> 0.0098039216 | BF5: =INDEX('Emission Stepwise'!$H$2:$H$289,MATCH(57&"|"&$A5,'Emission Stepwise'!$C$2:$C$289,0)) -> 0.60098522 | BG5: =INDEX('Emission Stepwise'!$H$2:$H$289,MATCH(58&"|"&$A5,'Emission Stepwise'!$C$2:$C$289,0)) -> 0.0049019608 | BH5: =INDEX('Emission Stepwise'!$H$2:$H$289,MATCH(59&"|"&$A5,'Emission Stepwise'!$C$2:$C$289,0)) -> 0.23529412 | BI5: =INDEX('Emission Stepwise'!$H$2:$H$289,MATCH(60&"|"&$A5,'Emission Stepwise'!$C$2:$C$289,0)) -> 0.014705882 | BJ5: =INDEX('Emission Stepwise'!$H$2:$H$289,MATCH(61&"|"&$A5,'Emission Stepwise'!$C$2:$C$289,0)) -> 0.0098039216 | BK5: =INDEX('Emission Stepwise'!$H$2:$H$289,MATCH(62&"|"&$A5,'Emission Stepwise'!$C$2:$C$289,0)) -> 0.014705882 | BL5: =INDEX('Emission Stepwise'!$H$2:$H$289,MATCH(63&"|"&$A5,'Emission Stepwise'!$C$2:$C$289,0)) -> 0.24019608 | BM5: =INDEX('Emission Stepwise'!$H$2:$H$289,MATCH(64&"|"&$A5,'Emission Stepwise'!$C$2:$C$289,0)) -> 0.45588235 | BN5: =INDEX('Emission Stepwise'!$H$2:$H$289,MATCH(65&"|"&$A5,'Emission Stepwise'!$C$2:$C$289,0)) -> 0.28571429 | BO5: =INDEX('Emission Stepwise'!$H$2:$H$289,MATCH(66&"|"&$A5,'Emission Stepwise'!$C$2:$C$289,0)) -> 0.014705882 | BP5: =INDEX('Emission Stepwise'!$H$2:$H$289,MATCH(67&"|"&$A5,'Emission Stepwise'!$C$2:$C$289,0)) -> 0.37254902 | BQ5: =INDEX('Emission Stepwise'!$H$2:$H$289,MATCH(68&"|"&$A5,'Emission Stepwise'!$C$2:$C$289,0)) -> 0.43137255 | BR5: =INDEX('Emission Stepwise'!$H$2:$H$289,MATCH(69&"|"&$A5,'Emission Stepwise'!$C$2:$C$289,0)) -> 0.34803922 | BS5: =INDEX('Emission Stepwise'!$H$2:$H$289,MATCH(70&"|"&$A5,'Emission Stepwise'!$C$2:$C$289,0)) -> 0.37254902 | BT5: =INDEX('Emission Stepwise'!$H$2:$H$289,MATCH(71&"|"&$A5,'Emission Stepwise'!$C$2:$C$289,0)) -> 0.40686275 | BU5: =INDEX('Emission Stepwise'!$H$2:$H$289,MATCH(72&"|"&$A5,'Emission Stepwise'!$C$2:$C$289,0)) -> 0.093137255
A6: U | B6: =INDEX('Emission Stepwise'!$H$2:$H$289,MATCH(1&"|"&$A6,'Emission Stepwise'!$C$2:$C$289,0)) -> 0.068627451 | C6: =INDEX('Emission Stepwise'!$H$2:$H$289,MATCH(2&"|"&$A6,'Emission Stepwise'!$C$2:$C$289,0)) -> 0.034313725 | D6: =INDEX('Emission Stepwise'!$H$2:$H$289,MATCH(3&"|"&$A6,'Emission Stepwise'!$C$2:$C$289,0)) -> 0.11764706 | E6: =INDEX('Emission Stepwise'!$H$2:$H$289,MATCH(4&"|"&$A6,'Emission Stepwise'!$C$2:$C$289,0)) -> 0.17156863 | F6: =INDEX('Emission Stepwise'!$H$2:$H$289,MATCH(5&"|"&$A6,'Emission Stepwise'!$C$2:$C$289,0)) -> 0.10784314 | G6: =INDEX('Emission Stepwise'!$H$2:$H$289,MATCH(6&"|"&$A6,'Emission Stepwise'!$C$2:$C$289,0)) -> 0.26470588 | H6: =INDEX('Emission Stepwise'!$H$2:$H$289,MATCH(7&"|"&$A6,'Emission Stepwise'!$C$2:$C$289,0)) -> 0.22058824 | I6: =INDEX('Emission Stepwise'!$H$2:$H$289,MATCH(8&"|"&$A6,'Emission Stepwise'!$C$2:$C$289,0)) -> 0.9754902 | J6: =INDEX('Emission Stepwise'!$H$2:$H$289,MATCH(9&"|"&$A6,'Emission Stepwise'!$C$2:$C$289,0)) -> 0.0049261084 | K6: =INDEX('Emission Stepwise'!$H$2:$H$289,MATCH(10&"|"&$A6,'Emission Stepwise'!$C$2:$C$289,0)) -> 0.0049019608 | L6: =INDEX('Emission Stepwise'!$H$2:$H$289,MATCH(11&"|"&$A6,'Emission Stepwise'!$C$2:$C$289,0)) -> 0.20098039 | M6: =INDEX('Emission Stepwise'!$H$2:$H$289,MATCH(12&"|"&$A6,'Emission Stepwise'!$C$2:$C$289,0)) -> 0.59313725 | N6: =INDEX('Emission Stepwise'!$H$2:$H$289,MATCH(13&"|"&$A6,'Emission Stepwise'!$C$2:$C$289,0)) -> 0.19117647 | O6: =INDEX('Emission Stepwise'!$H$2:$H$289,MATCH(14&"|"&$A6,'Emission Stepwise'!$C$2:$C$289,0)) -> 0.0049019608 | P6: =INDEX('Emission Stepwise'!$H$2:$H$289,MATCH(15&"|"&$A6,'Emission Stepwise'!$C$2:$C$289,0)) -> 0.014778325 | Q6: =INDEX('Emission Stepwise'!$H$2:$H$289,MATCH(16&"|"&$A6,'Emission Stepwise'!$C$2:$C$289,0)) -> 0.58394161 | R6: =INDEX('Emission Stepwise'!$H$2:$H$289,MATCH(17&"|"&$A6,'Emission Stepwise'!$C$2:$C$289,0)) -> 0.5721393 | S6: =INDEX('Emission Stepwise'!$H$2:$H$289,MATCH(18&"|"&$A6,'Emission Stepwise'!$C$2:$C$289,0)) -> 0.0049019608 | T6: =INDEX('Emission Stepwise'!$H$2:$H$289,MATCH(19&"|"&$A6,'Emission Stepwise'!$C$2:$C$289,0)) -> 0.014705882 | U6: =INDEX('Emission Stepwise'!$H$2:$H$289,MATCH(20&"|"&$A6,'Emission Stepwise'!$C$2:$C$289,0)) -> 0.591133 | V6: =INDEX('Emission Stepwise'!$H$2:$H$289,MATCH(21&"|"&$A6,'Emission Stepwise'!$C$2:$C$289,0)) -> 0.053921569 | W6: =INDEX('Emission Stepwise'!$H$2:$H$289,MATCH(22&"|"&$A6,'Emission Stepwise'!$C$2:$C$289,0)) -> 0.073529412 | X6: =INDEX('Emission Stepwise'!$H$2:$H$289,MATCH(23&"|"&$A6,'Emission Stepwise'!$C$2:$C$289,0)) -> 0.06372549 | Y6: =INDEX('Emission Stepwise'!$H$2:$H$289,MATCH(24&"|"&$A6,'Emission Stepwise'!$C$2:$C$289,0)) -> 0.039215686 | Z6: =INDEX('Emission Stepwise'!$H$2:$H$289,MATCH(25&"|"&$A6,'Emission Stepwise'!$C$2:$C$289,0)) -> 0.073529412 | AA6: =INDEX('Emission Stepwise'!$H$2:$H$289,MATCH(26&"|"&$A6,'Emission Stepwise'!$C$2:$C$289,0)) -> 0.058823529 | AB6: =INDEX('Emission Stepwise'!$H$2:$H$289,MATCH(27&"|"&$A6,'Emission Stepwise'!$C$2:$C$289,0)) -> 0.25980392 | AC6: =INDEX('Emission Stepwise'!$H$2:$H$289,MATCH(28&"|"&$A6,'Emission Stepwise'!$C$2:$C$289,0)) -> 0.25490196 | AD6: =INDEX('Emission Stepwise'!$H$2:$H$289,MATCH(29&"|"&$A6,'Emission Stepwise'!$C$2:$C$289,0)) -> 0.2745098 | AE6: =INDEX('Emission Stepwise'!$H$2:$H$289,MATCH(30&"|"&$A6,'Emission Stepwise'!$C$2:$C$289,0)) -> 0.039215686 | AF6: =INDEX('Emission Stepwise'!$H$2:$H$289,MATCH(31&"|"&$A6,'Emission Stepwise'!$C$2:$C$289,0)) -> 0.098039216 | AG6: =INDEX('Emission Stepwise'!$H$2:$H$289,MATCH(32&"|"&$A6,'Emission Stepwise'!$C$2:$C$289,0)) -> 0.29411765 | AH6: =INDEX('Emission Stepwise'!$H$2:$H$289,MATCH(33&"|"&$A6,'Emission Stepwise'!$C$2:$C$289,0)) -> 0.9754902 | AI6: =INDEX('Emission Stepwise'!$H$2:$H$289,MATCH(34&"|"&$A6,'Emission Stepwise'!$C$2:$C$289,0)) -> 0.28921569 | AJ6: =INDEX('Emission Stepwise'!$H$2:$H$289,MATCH(35&"|"&$A6,'Emission Stepwise'!$C$2:$C$289,0)) -> 0.20588235 | AK6: =INDEX('Emission Stepwise'!$H$2:$H$289,MATCH(36&"|"&$A6,'Emission Stepwise'!$C$2:$C$289,0)) -> 0.35784314 | AL6: =INDEX('Emission Stepwise'!$H$2:$H$289,MATCH(37&"|"&$A6,'Emission Stepwise'!$C$2:$C$289,0)) -> 0.0049019608 | AM6: =INDEX('Emission Stepwise'!$H$2:$H$289,MATCH(38&"|"&$A6,'Emission Stepwise'!$C$2:$C$289,0)) -> 0.11764706 | AN6: =INDEX('Emission Stepwise'!$H$2:$H$289,MATCH(39&"|"&$A6,'Emission Stepwise'!$C$2:$C$289,0)) -> 0.29411765 | AO6: =INDEX('Emission Stepwise'!$H$2:$H$289,MATCH(40&"|"&$A6,'Emission Stepwise'!$C$2:$C$289,0)) -> 0.044117647 | AP6: =INDEX('Emission Stepwise'!$H$2:$H$289,MATCH(41&"|"&$A6,'Emission Stepwise'!$C$2:$C$289,0)) -> 0.16666667 | AQ6: =INDEX('Emission Stepwise'!$H$2:$H$289,MATCH(42&"|"&$A6,'Emission Stepwise'!$C$2:$C$289,0)) -> 0.13235294 | AR6: =INDEX('Emission Stepwise'!$H$2:$H$289,MATCH(43&"|"&$A6,'Emission Stepwise'!$C$2:$C$289,0)) -> 0.16176471 | AS6: =INDEX('Emission Stepwise'!$H$2:$H$289,MATCH(44&"|"&$A6,'Emission Stepwise'!$C$2:$C$289,0)) -> 0.11764706 | AT6: =INDEX('Emission Stepwise'!$H$2:$H$289,MATCH(45&"|"&$A6,'Emission Stepwise'!$C$2:$C$289,0)) -> 0.14356436 | AU6: =INDEX('Emission Stepwise'!$H$2:$H$289,MATCH(46&"|"&$A6,'Emission Stepwise'!$C$2:$C$289,0)) -> 0.075144509 | AV6: =INDEX('Emission Stepwise'!$H$2:$H$289,MATCH(47&"|"&$A6,'Emission Stepwise'!$C$2:$C$289,0)) -> 0.66666667 | AW6: =INDEX('Emission Stepwise'!$H$2:$H$289,MATCH(48&"|"&$A6,'Emission Stepwise'!$C$2:$C$289,0)) -> 0.14705882 | AX6: =INDEX('Emission Stepwise'!$H$2:$H$289,MATCH(49&"|"&$A6,'Emission Stepwise'!$C$2:$C$289,0)) -> 0.058823529 | AY6: =INDEX('Emission Stepwise'!$H$2:$H$289,MATCH(50&"|"&$A6,'Emission Stepwise'!$C$2:$C$289,0)) -> 0.18137255 | AZ6: =INDEX('Emission Stepwise'!$H$2:$H$289,MATCH(51&"|"&$A6,'Emission Stepwise'!$C$2:$C$289,0)) -> 0.15763547 | BA6: =INDEX('Emission Stepwise'!$H$2:$H$289,MATCH(52&"|"&$A6,'Emission Stepwise'!$C$2:$C$289,0)) -> 0.024509804 | BB6: =INDEX('Emission Stepwise'!$H$2:$H$289,MATCH(53&"|"&$A6,'Emission Stepwise'!$C$2:$C$289,0)) -> 0.014705882 | BC6: =INDEX('Emission Stepwise'!$H$2:$H$289,MATCH(54&"|"&$A6,'Emission Stepwise'!$C$2:$C$289,0)) -> 0.9754902 | BD6: =INDEX('Emission Stepwise'!$H$2:$H$289,MATCH(55&"|"&$A6,'Emission Stepwise'!$C$2:$C$289,0)) -> 0.97058824 | BE6: =INDEX('Emission Stepwise'!$H$2:$H$289,MATCH(56&"|"&$A6,'Emission Stepwise'!$C$2:$C$289,0)) -> 0.0098039216 | BF6: =INDEX('Emission Stepwise'!$H$2:$H$289,MATCH(57&"|"&$A6,'Emission Stepwise'!$C$2:$C$289,0)) -> 0.0098522167 | BG6: =INDEX('Emission Stepwise'!$H$2:$H$289,MATCH(58&"|"&$A6,'Emission Stepwise'!$C$2:$C$289,0)) -> 0.0098039216 | BH6: =INDEX('Emission Stepwise'!$H$2:$H$289,MATCH(59&"|"&$A6,'Emission Stepwise'!$C$2:$C$289,0)) -> 0.25 | BI6: =INDEX('Emission Stepwise'!$H$2:$H$289,MATCH(60&"|"&$A6,'Emission Stepwise'!$C$2:$C$289,0)) -> 0.7745098 | BJ6: =INDEX('Emission Stepwise'!$H$2:$H$289,MATCH(61&"|"&$A6,'Emission Stepwise'!$C$2:$C$289,0)) -> 0.0098039216 | BK6: =INDEX('Emission Stepwise'!$H$2:$H$289,MATCH(62&"|"&$A6,'Emission Stepwise'!$C$2:$C$289,0)) -> 0.13235294 | BL6: =INDEX('Emission Stepwise'!$H$2:$H$289,MATCH(63&"|"&$A6,'Emission Stepwise'!$C$2:$C$289,0)) -> 0.16176471 | BM6: =INDEX('Emission Stepwise'!$H$2:$H$289,MATCH(64&"|"&$A6,'Emission Stepwise'!$C$2:$C$289,0)) -> 0.16666667 | BN6: =INDEX('Emission Stepwise'!$H$2:$H$289,MATCH(65&"|"&$A6,'Emission Stepwise'!$C$2:$C$289,0)) -> 0.34975369 | BO6: =INDEX('Emission Stepwise'!$H$2:$H$289,MATCH(66&"|"&$A6,'Emission Stepwise'!$C$2:$C$289,0)) -> 0.25 | BP6: =INDEX('Emission Stepwise'!$H$2:$H$289,MATCH(67&"|"&$A6,'Emission Stepwise'!$C$2:$C$289,0)) -> 0.19117647 | BQ6: =INDEX('Emission Stepwise'!$H$2:$H$289,MATCH(68&"|"&$A6,'Emission Stepwise'!$C$2:$C$289,0)) -> 0.18137255 | BR6: =INDEX('Emission Stepwise'!$H$2:$H$289,MATCH(69&"|"&$A6,'Emission Stepwise'!$C$2:$C$289,0)) -> 0.088235294 | BS6: =INDEX('Emission Stepwise'!$H$2:$H$289,MATCH(70&"|"&$A6,'Emission Stepwise'!$C$2:$C$289,0)) -> 0.15196078 | BT6: =INDEX('Emission Stepwise'!$H$2:$H$289,MATCH(71&"|"&$A6,'Emission Stepwise'!$C$2:$C$289,0)) -> 0.049019608 | BU6: =INDEX('Emission Stepwise'!$H$2:$H$289,MATCH(72&"|"&$A6,'Emission Stepwise'!$C$2:$C$289,0)) -> 0.10784314
A7: Column sum check | B7: =ROUND(SUM(B3:B6),9) -> 1 | C7: =ROUND(SUM(C3:C6),9) -> 1 | D7: =ROUND(SUM(D3:D6),9) -> 1 | E7: =ROUND(SUM(E3:E6),9) -> 1 | F7: =ROUND(SUM(F3:F6),9) -> 1 | G7: =ROUND(SUM(G3:G6),9) -> 1 | H7: =ROUND(SUM(H3:H6),9) -> 1 | I7: =ROUND(SUM(I3:I6),9) -> 1 | ... BU7: =ROUND(SUM(BU3:BU6),9) -> 1
A9: RAW (UNSMOOTHED) EMISSION MATRIX
A10: Base / position | B10: 1 | C10: 2 | D10: 3 | E10: 4 | F10: 5 | G10: 6 | H10: 7 | I10: 8 | J10: 9 | K10: 10 | L10: 11 | M10: 12 | N10: 13 | O10: 14 | P10: 15 | Q10: 16 | R10: 17 | S10: 18 | T10: 19 | U10: 20 | V10: 21 | W10: 22 | X10: 23 | Y10: 24 | Z10: 25 | AA10: 26 | AB10: 27 | AC10: 28 | AD10: 29 | AE10: 30 | AF10: 31 | AG10: 32 | AH10: 33 | AI10: 34 | AJ10: 35 | AK10: 36 | AL10: 37 | AM10: 38 | AN10: 39 | AO10: 40 | AP10: 41 | AQ10: 42 | AR10: 43 | AS10: 44 | AT10: 45 | AU10: 46 | AV10: 47 | AW10: 48 | AX10: 49 | AY10: 50 | AZ10: 51 | BA10: 52 | BB10: 53 | BC10: 54 | BD10: 55 | BE10: 56 | BF10: 57 | BG10: 58 | BH10: 59 | BI10: 60 | BJ10: 61 | BK10: 62 | BL10: 63 | BM10: 64 | BN10: 65 | BO10: 66 | BP10: 67 | BQ10: 68 | BR10: 69 | BS10: 70 | BT10: 71 | BU10: 72
A11: A | B11: =INDEX('Emission Stepwise'!$G$2:$G$289,MATCH(1&"|"&$A11,'Emission Stepwise'!$C$2:$C$289,0)) -> 0.065 | C11: =INDEX('Emission Stepwise'!$G$2:$G$289,MATCH(2&"|"&$A11,'Emission Stepwise'!$C$2:$C$289,0)) -> 0.03 | D11: =INDEX('Emission Stepwise'!$G$2:$G$289,MATCH(3&"|"&$A11,'Emission Stepwise'!$C$2:$C$289,0)) -> 0.07 | E11: =INDEX('Emission Stepwise'!$G$2:$G$289,MATCH(4&"|"&$A11,'Emission Stepwise'!$C$2:$C$289,0)) -> 0.08 | F11: =INDEX('Emission Stepwise'!$G$2:$G$289,MATCH(5&"|"&$A11,'Emission Stepwise'!$C$2:$C$289,0)) -> 0.155 | G11: =INDEX('Emission Stepwise'!$G$2:$G$289,MATCH(6&"|"&$A11,'Emission Stepwise'!$C$2:$C$289,0)) -> 0.17 | H11: =INDEX('Emission Stepwise'!$G$2:$G$289,MATCH(7&"|"&$A11,'Emission Stepwise'!$C$2:$C$289,0)) -> 0.24 | I11: =INDEX('Emission Stepwise'!$G$2:$G$289,MATCH(8&"|"&$A11,'Emission Stepwise'!$C$2:$C$289,0)) -> 0.005 | J11: =INDEX('Emission Stepwise'!$G$2:$G$289,MATCH(9&"|"&$A11,'Emission Stepwise'!$C$2:$C$289,0)) -> 0.65829146 | K11: =INDEX('Emission Stepwise'!$G$2:$G$289,MATCH(10&"|"&$A11,'Emission Stepwise'!$C$2:$C$289,0)) -> 0 | L11: =INDEX('Emission Stepwise'!$G$2:$G$289,MATCH(11&"|"&$A11,'Emission Stepwise'!$C$2:$C$289,0)) -> 0.035 | M11: =INDEX('Emission Stepwise'!$G$2:$G$289,MATCH(12&"|"&$A11,'Emission Stepwise'!$C$2:$C$289,0)) -> 0.065 | N11: =INDEX('Emission Stepwise'!$G$2:$G$289,MATCH(13&"|"&$A11,'Emission Stepwise'!$C$2:$C$289,0)) -> 0.065 | O11: =INDEX('Emission Stepwise'!$G$2:$G$289,MATCH(14&"|"&$A11,'Emission Stepwise'!$C$2:$C$289,0)) -> 0.99 | P11: =INDEX('Emission Stepwise'!$G$2:$G$289,MATCH(15&"|"&$A11,'Emission Stepwise'!$C$2:$C$289,0)) -> 0.16582915 | Q11: =INDEX('Emission Stepwise'!$G$2:$G$289,MATCH(16&"|"&$A11,'Emission Stepwise'!$C$2:$C$289,0)) -> 0.022556391 | R11: =INDEX('Emission Stepwise'!$G$2:$G$289,MATCH(17&"|"&$A11,'Emission Stepwise'!$C$2:$C$289,0)) -> 0.060913706 | S11: =INDEX('Emission Stepwise'!$G$2:$G$289,MATCH(18&"|"&$A11,'Emission Stepwise'!$C$2:$C$289,0)) -> 0.005 | T11: =INDEX('Emission Stepwise'!$G$2:$G$289,MATCH(19&"|"&$A11,'Emission Stepwise'!$C$2:$C$289,0)) -> 0.005 | U11: =INDEX('Emission Stepwise'!$G$2:$G$289,MATCH(20&"|"&$A11,'Emission Stepwise'!$C$2:$C$289,0)) -> 0.085427136 | V11: =INDEX('Emission Stepwise'!$G$2:$G$289,MATCH(21&"|"&$A11,'Emission Stepwise'!$C$2:$C$289,0)) -> 0.895 | W11: =INDEX('Emission Stepwise'!$G$2:$G$289,MATCH(22&"|"&$A11,'Emission Stepwise'!$C$2:$C$289,0)) -> 0.205 | X11: =INDEX('Emission Stepwise'!$G$2:$G$289,MATCH(23&"|"&$A11,'Emission Stepwise'!$C$2:$C$289,0)) -> 0.605 | Y11: =INDEX('Emission Stepwise'!$G$2:$G$289,MATCH(24&"|"&$A11,'Emission Stepwise'!$C$2:$C$289,0)) -> 0.185 | Z11: =INDEX('Emission Stepwise'!$G$2:$G$289,MATCH(25&"|"&$A11,'Emission Stepwise'!$C$2:$C$289,0)) -> 0.005 | AA11: =INDEX('Emission Stepwise'!$G$2:$G$289,MATCH(26&"|"&$A11,'Emission Stepwise'!$C$2:$C$289,0)) -> 0.42 | AB11: =INDEX('Emission Stepwise'!$G$2:$G$289,MATCH(27&"|"&$A11,'Emission Stepwise'!$C$2:$C$289,0)) -> 0.12 | AC11: =INDEX('Emission Stepwise'!$G$2:$G$289,MATCH(28&"|"&$A11,'Emission Stepwise'!$C$2:$C$289,0)) -> 0.12 | AD11: =INDEX('Emission Stepwise'!$G$2:$G$289,MATCH(29&"|"&$A11,'Emission Stepwise'!$C$2:$C$289,0)) -> 0.16 | AE11: =INDEX('Emission Stepwise'!$G$2:$G$289,MATCH(30&"|"&$A11,'Emission Stepwise'!$C$2:$C$289,0)) -> 0 | AF11: =INDEX('Emission Stepwise'!$G$2:$G$289,MATCH(31&"|"&$A11,'Emission Stepwise'!$C$2:$C$289,0)) -> 0.27 | AG11: =INDEX('Emission Stepwise'!$G$2:$G$289,MATCH(32&"|"&$A11,'Emission Stepwise'!$C$2:$C$289,0)) -> 0.03 | AH11: =INDEX('Emission Stepwise'!$G$2:$G$289,MATCH(33&"|"&$A11,'Emission Stepwise'!$C$2:$C$289,0)) -> 0.005 | AI11: =INDEX('Emission Stepwise'!$G$2:$G$289,MATCH(34&"|"&$A11,'Emission Stepwise'!$C$2:$C$289,0)) -> 0.045 | AJ11: =INDEX('Emission Stepwise'!$G$2:$G$289,MATCH(35&"|"&$A11,'Emission Stepwise'!$C$2:$C$289,0)) -> 0.31 | AK11: =INDEX('Emission Stepwise'!$G$2:$G$289,MATCH(36&"|"&$A11,'Emission Stepwise'!$C$2:$C$289,0)) -> 0.215 | AL11: =INDEX('Emission Stepwise'!$G$2:$G$289,MATCH(37&"|"&$A11,'Emission Stepwise'!$C$2:$C$289,0)) -> 0.755 | AM11: =INDEX('Emission Stepwise'!$G$2:$G$289,MATCH(38&"|"&$A11,'Emission Stepwise'!$C$2:$C$289,0)) -> 0.735 | AN11: =INDEX('Emission Stepwise'!$G$2:$G$289,MATCH(39&"|"&$A11,'Emission Stepwise'!$C$2:$C$289,0)) -> 0.09 | AO11: =INDEX('Emission Stepwise'!$G$2:$G$289,MATCH(40&"|"&$A11,'Emission Stepwise'!$C$2:$C$289,0)) -> 0.005 | AP11: =INDEX('Emission Stepwise'!$G$2:$G$289,MATCH(41&"|"&$A11,'Emission Stepwise'!$C$2:$C$289,0)) -> 0.27 | AQ11: =INDEX('Emission Stepwise'!$G$2:$G$289,MATCH(42&"|"&$A11,'Emission Stepwise'!$C$2:$C$289,0)) -> 0.245 | AR11: =INDEX('Emission Stepwise'!$G$2:$G$289,MATCH(43&"|"&$A11,'Emission Stepwise'!$C$2:$C$289,0)) -> 0.225 | AS11: =INDEX('Emission Stepwise'!$G$2:$G$289,MATCH(44&"|"&$A11,'Emission Stepwise'!$C$2:$C$289,0)) -> 0.5 | AT11: =INDEX('Emission Stepwise'!$G$2:$G$289,MATCH(45&"|"&$A11,'Emission Stepwise'!$C$2:$C$289,0)) -> 0.075757576 | AU11: =INDEX('Emission Stepwise'!$G$2:$G$289,MATCH(46&"|"&$A11,'Emission Stepwise'!$C$2:$C$289,0)) -> 0.094674556 | AV11: =INDEX('Emission Stepwise'!$G$2:$G$289,MATCH(47&"|"&$A11,'Emission Stepwise'!$C$2:$C$289,0)) -> 0.13 | AW11: =INDEX('Emission Stepwise'!$G$2:$G$289,MATCH(48&"|"&$A11,'Emission Stepwise'!$C$2:$C$289,0)) -> 0.005 | AX11: =INDEX('Emission Stepwise'!$G$2:$G$289,MATCH(49&"|"&$A11,'Emission Stepwise'!$C$2:$C$289,0)) -> 0.155 | AY11: =INDEX('Emission Stepwise'!$G$2:$G$289,MATCH(50&"|"&$A11,'Emission Stepwise'!$C$2:$C$289,0)) -> 0.115 | AZ11: =INDEX('Emission Stepwise'!$G$2:$G$289,MATCH(51&"|"&$A11,'Emission Stepwise'!$C$2:$C$289,0)) -> 0.14070352 | BA11: =INDEX('Emission Stepwise'!$G$2:$G$289,MATCH(52&"|"&$A11,'Emission Stepwise'!$C$2:$C$289,0)) -> 0.13 | BB11: =INDEX('Emission Stepwise'!$G$2:$G$289,MATCH(53&"|"&$A11,'Emission Stepwise'!$C$2:$C$289,0)) -> 0.005 | BC11: =INDEX('Emission Stepwise'!$G$2:$G$289,MATCH(54&"|"&$A11,'Emission Stepwise'!$C$2:$C$289,0)) -> 0.01 | BD11: =INDEX('Emission Stepwise'!$G$2:$G$289,MATCH(55&"|"&$A11,'Emission Stepwise'!$C$2:$C$289,0)) -> 0.005 | BE11: =INDEX('Emission Stepwise'!$G$2:$G$289,MATCH(56&"|"&$A11,'Emission Stepwise'!$C$2:$C$289,0)) -> 0.01 | BF11: =INDEX('Emission Stepwise'!$G$2:$G$289,MATCH(57&"|"&$A11,'Emission Stepwise'!$C$2:$C$289,0)) -> 0.38693467 | BG11: =INDEX('Emission Stepwise'!$G$2:$G$289,MATCH(58&"|"&$A11,'Emission Stepwise'!$C$2:$C$289,0)) -> 0.99 | BH11: =INDEX('Emission Stepwise'!$G$2:$G$289,MATCH(59&"|"&$A11,'Emission Stepwise'!$C$2:$C$289,0)) -> 0.455 | BI11: =INDEX('Emission Stepwise'!$G$2:$G$289,MATCH(60&"|"&$A11,'Emission Stepwise'!$C$2:$C$289,0)) -> 0.005 | BJ11: =INDEX('Emission Stepwise'!$G$2:$G$289,MATCH(61&"|"&$A11,'Emission Stepwise'!$C$2:$C$289,0)) -> 0 | BK11: =INDEX('Emission Stepwise'!$G$2:$G$289,MATCH(62&"|"&$A11,'Emission Stepwise'!$C$2:$C$289,0)) -> 0.015 | BL11: =INDEX('Emission Stepwise'!$G$2:$G$289,MATCH(63&"|"&$A11,'Emission Stepwise'!$C$2:$C$289,0)) -> 0.115 | BM11: =INDEX('Emission Stepwise'!$G$2:$G$289,MATCH(64&"|"&$A11,'Emission Stepwise'!$C$2:$C$289,0)) -> 0.165 | BN11: =INDEX('Emission Stepwise'!$G$2:$G$289,MATCH(65&"|"&$A11,'Emission Stepwise'!$C$2:$C$289,0)) -> 0.045226131 | BO11: =INDEX('Emission Stepwise'!$G$2:$G$289,MATCH(66&"|"&$A11,'Emission Stepwise'!$C$2:$C$289,0)) -> 0.215 | BP11: =INDEX('Emission Stepwise'!$G$2:$G$289,MATCH(67&"|"&$A11,'Emission Stepwise'!$C$2:$C$289,0)) -> 0.21 | BQ11: =INDEX('Emission Stepwise'!$G$2:$G$289,MATCH(68&"|"&$A11,'Emission Stepwise'!$C$2:$C$289,0)) -> 0.075 | BR11: =INDEX('Emission Stepwise'!$G$2:$G$289,MATCH(69&"|"&$A11,'Emission Stepwise'!$C$2:$C$289,0)) -> 0.125 | BS11: =INDEX('Emission Stepwise'!$G$2:$G$289,MATCH(70&"|"&$A11,'Emission Stepwise'!$C$2:$C$289,0)) -> 0.115 | BT11: =INDEX('Emission Stepwise'!$G$2:$G$289,MATCH(71&"|"&$A11,'Emission Stepwise'!$C$2:$C$289,0)) -> 0.025 | BU11: =INDEX('Emission Stepwise'!$G$2:$G$289,MATCH(72&"|"&$A11,'Emission Stepwise'!$C$2:$C$289,0)) -> 0.08
A12: C | B12: =INDEX('Emission Stepwise'!$G$2:$G$289,MATCH(1&"|"&$A12,'Emission Stepwise'!$C$2:$C$289,0)) -> 0.11 | C12: =INDEX('Emission Stepwise'!$G$2:$G$289,MATCH(2&"|"&$A12,'Emission Stepwise'!$C$2:$C$289,0)) -> 0.41 | D12: =INDEX('Emission Stepwise'!$G$2:$G$289,MATCH(3&"|"&$A12,'Emission Stepwise'!$C$2:$C$289,0)) -> 0.385 | E12: =INDEX('Emission Stepwise'!$G$2:$G$289,MATCH(4&"|"&$A12,'Emission Stepwise'!$C$2:$C$289,0)) -> 0.305 | F12: =INDEX('Emission Stepwise'!$G$2:$G$289,MATCH(5&"|"&$A12,'Emission Stepwise'!$C$2:$C$289,0)) -> 0.395 | G12: =INDEX('Emission Stepwise'!$G$2:$G$289,MATCH(6&"|"&$A12,'Emission Stepwise'!$C$2:$C$289,0)) -> 0.325 | H12: =INDEX('Emission Stepwise'!$G$2:$G$289,MATCH(7&"|"&$A12,'Emission Stepwise'!$C$2:$C$289,0)) -> 0.015 | I12: =INDEX('Emission Stepwise'!$G$2:$G$289,MATCH(8&"|"&$A12,'Emission Stepwise'!$C$2:$C$289,0)) -> 0 | J12: =INDEX('Emission Stepwise'!$G$2:$G$289,MATCH(9&"|"&$A12,'Emission Stepwise'!$C$2:$C$289,0)) -> 0.035175879 | K12: =INDEX('Emission Stepwise'!$G$2:$G$289,MATCH(10&"|"&$A12,'Emission Stepwise'!$C$2:$C$289,0)) -> 0.04 | L12: =INDEX('Emission Stepwise'!$G$2:$G$289,MATCH(11&"|"&$A12,'Emission Stepwise'!$C$2:$C$289,0)) -> 0.735 | M12: =INDEX('Emission Stepwise'!$G$2:$G$289,MATCH(12&"|"&$A12,'Emission Stepwise'!$C$2:$C$289,0)) -> 0.145 | N12: =INDEX('Emission Stepwise'!$G$2:$G$289,MATCH(13&"|"&$A12,'Emission Stepwise'!$C$2:$C$289,0)) -> 0.65 | O12: =INDEX('Emission Stepwise'!$G$2:$G$289,MATCH(14&"|"&$A12,'Emission Stepwise'!$C$2:$C$289,0)) -> 0.005 | P12: =INDEX('Emission Stepwise'!$G$2:$G$289,MATCH(15&"|"&$A12,'Emission Stepwise'!$C$2:$C$289,0)) -> 0.010050251 | Q12: =INDEX('Emission Stepwise'!$G$2:$G$289,MATCH(16&"|"&$A12,'Emission Stepwise'!$C$2:$C$289,0)) -> 0.36090226 | R12: =INDEX('Emission Stepwise'!$G$2:$G$289,MATCH(17&"|"&$A12,'Emission Stepwise'!$C$2:$C$289,0)) -> 0.31979695 | S12: =INDEX('Emission Stepwise'!$G$2:$G$289,MATCH(18&"|"&$A12,'Emission Stepwise'!$C$2:$C$289,0)) -> 0 | T12: =INDEX('Emission Stepwise'!$G$2:$G$289,MATCH(19&"|"&$A12,'Emission Stepwise'!$C$2:$C$289,0)) -> 0 | U12: =INDEX('Emission Stepwise'!$G$2:$G$289,MATCH(20&"|"&$A12,'Emission Stepwise'!$C$2:$C$289,0)) -> 0.22613065 | V12: =INDEX('Emission Stepwise'!$G$2:$G$289,MATCH(21&"|"&$A12,'Emission Stepwise'!$C$2:$C$289,0)) -> 0.02 | W12: =INDEX('Emission Stepwise'!$G$2:$G$289,MATCH(22&"|"&$A12,'Emission Stepwise'!$C$2:$C$289,0)) -> 0 | X12: =INDEX('Emission Stepwise'!$G$2:$G$289,MATCH(23&"|"&$A12,'Emission Stepwise'!$C$2:$C$289,0)) -> 0.19 | Y12: =INDEX('Emission Stepwise'!$G$2:$G$289,MATCH(24&"|"&$A12,'Emission Stepwise'!$C$2:$C$289,0)) -> 0.03 | Z12: =INDEX('Emission Stepwise'!$G$2:$G$289,MATCH(25&"|"&$A12,'Emission Stepwise'!$C$2:$C$289,0)) -> 0.89 | AA12: =INDEX('Emission Stepwise'!$G$2:$G$289,MATCH(26&"|"&$A12,'Emission Stepwise'!$C$2:$C$289,0)) -> 0.025 | AB12: =INDEX('Emission Stepwise'!$G$2:$G$289,MATCH(27&"|"&$A12,'Emission Stepwise'!$C$2:$C$289,0)) -> 0.465 | AC12: =INDEX('Emission Stepwise'!$G$2:$G$289,MATCH(28&"|"&$A12,'Emission Stepwise'!$C$2:$C$289,0)) -> 0.515 | AD12: =INDEX('Emission Stepwise'!$G$2:$G$289,MATCH(29&"|"&$A12,'Emission Stepwise'!$C$2:$C$289,0)) -> 0.18 | AE12: =INDEX('Emission Stepwise'!$G$2:$G$289,MATCH(30&"|"&$A12,'Emission Stepwise'!$C$2:$C$289,0)) -> 0.215 | AF12: =INDEX('Emission Stepwise'!$G$2:$G$289,MATCH(31&"|"&$A12,'Emission Stepwise'!$C$2:$C$289,0)) -> 0.36 | AG12: =INDEX('Emission Stepwise'!$G$2:$G$289,MATCH(32&"|"&$A12,'Emission Stepwise'!$C$2:$C$289,0)) -> 0.675 | AH12: =INDEX('Emission Stepwise'!$G$2:$G$289,MATCH(33&"|"&$A12,'Emission Stepwise'!$C$2:$C$289,0)) -> 0.005 | AI12: =INDEX('Emission Stepwise'!$G$2:$G$289,MATCH(34&"|"&$A12,'Emission Stepwise'!$C$2:$C$289,0)) -> 0.33 | AJ12: =INDEX('Emission Stepwise'!$G$2:$G$289,MATCH(35&"|"&$A12,'Emission Stepwise'!$C$2:$C$289,0)) -> 0.23 | AK12: =INDEX('Emission Stepwise'!$G$2:$G$289,MATCH(36&"|"&$A12,'Emission Stepwise'!$C$2:$C$289,0)) -> 0.265 | AL12: =INDEX('Emission Stepwise'!$G$2:$G$289,MATCH(37&"|"&$A12,'Emission Stepwise'!$C$2:$C$289,0)) -> 0.005 | AM12: =INDEX('Emission Stepwise'!$G$2:$G$289,MATCH(38&"|"&$A12,'Emission Stepwise'!$C$2:$C$289,0)) -> 0.145 | AN12: =INDEX('Emission Stepwise'!$G$2:$G$289,MATCH(39&"|"&$A12,'Emission Stepwise'!$C$2:$C$289,0)) -> 0.255 | AO12: =INDEX('Emission Stepwise'!$G$2:$G$289,MATCH(40&"|"&$A12,'Emission Stepwise'!$C$2:$C$289,0)) -> 0.715 | AP12: =INDEX('Emission Stepwise'!$G$2:$G$289,MATCH(41&"|"&$A12,'Emission Stepwise'!$C$2:$C$289,0)) -> 0.385 | AQ12: =INDEX('Emission Stepwise'!$G$2:$G$289,MATCH(42&"|"&$A12,'Emission Stepwise'!$C$2:$C$289,0)) -> 0.1 | AR12: =INDEX('Emission Stepwise'!$G$2:$G$289,MATCH(43&"|"&$A12,'Emission Stepwise'!$C$2:$C$289,0)) -> 0.115 | AS12: =INDEX('Emission Stepwise'!$G$2:$G$289,MATCH(44&"|"&$A12,'Emission Stepwise'!$C$2:$C$289,0)) -> 0.155 | AT12: =INDEX('Emission Stepwise'!$G$2:$G$289,MATCH(45&"|"&$A12,'Emission Stepwise'!$C$2:$C$289,0)) -> 0.025252525 | AU12: =INDEX('Emission Stepwise'!$G$2:$G$289,MATCH(46&"|"&$A12,'Emission Stepwise'!$C$2:$C$289,0)) -> 0.023668639 | AV12: =INDEX('Emission Stepwise'!$G$2:$G$289,MATCH(47&"|"&$A12,'Emission Stepwise'!$C$2:$C$289,0)) -> 0.115 | AW12: =INDEX('Emission Stepwise'!$G$2:$G$289,MATCH(48&"|"&$A12,'Emission Stepwise'!$C$2:$C$289,0)) -> 0.84 | AX12: =INDEX('Emission Stepwise'!$G$2:$G$289,MATCH(49&"|"&$A12,'Emission Stepwise'!$C$2:$C$289,0)) -> 0.285 | AY12: =INDEX('Emission Stepwise'!$G$2:$G$289,MATCH(50&"|"&$A12,'Emission Stepwise'!$C$2:$C$289,0)) -> 0.435 | AZ12: =INDEX('Emission Stepwise'!$G$2:$G$289,MATCH(51&"|"&$A12,'Emission Stepwise'!$C$2:$C$289,0)) -> 0.20603015 | BA12: =INDEX('Emission Stepwise'!$G$2:$G$289,MATCH(52&"|"&$A12,'Emission Stepwise'!$C$2:$C$289,0)) -> 0.01 | BB12: =INDEX('Emission Stepwise'!$G$2:$G$289,MATCH(53&"|"&$A12,'Emission Stepwise'!$C$2:$C$289,0)) -> 0.005 | BC12: =INDEX('Emission Stepwise'!$G$2:$G$289,MATCH(54&"|"&$A12,'Emission Stepwise'!$C$2:$C$289,0)) -> 0 | BD12: =INDEX('Emission Stepwise'!$G$2:$G$289,MATCH(55&"|"&$A12,'Emission Stepwise'!$C$2:$C$289,0)) -> 0.005 | BE12: =INDEX('Emission Stepwise'!$G$2:$G$289,MATCH(56&"|"&$A12,'Emission Stepwise'!$C$2:$C$289,0)) -> 0.98 | BF12: =INDEX('Emission Stepwise'!$G$2:$G$289,MATCH(57&"|"&$A12,'Emission Stepwise'!$C$2:$C$289,0)) -> 0 | BG12: =INDEX('Emission Stepwise'!$G$2:$G$289,MATCH(58&"|"&$A12,'Emission Stepwise'!$C$2:$C$289,0)) -> 0.005 | BH12: =INDEX('Emission Stepwise'!$G$2:$G$289,MATCH(59&"|"&$A12,'Emission Stepwise'!$C$2:$C$289,0)) -> 0.06 | BI12: =INDEX('Emission Stepwise'!$G$2:$G$289,MATCH(60&"|"&$A12,'Emission Stepwise'!$C$2:$C$289,0)) -> 0.2 | BJ12: =INDEX('Emission Stepwise'!$G$2:$G$289,MATCH(61&"|"&$A12,'Emission Stepwise'!$C$2:$C$289,0)) -> 0.99 | BK12: =INDEX('Emission Stepwise'!$G$2:$G$289,MATCH(62&"|"&$A12,'Emission Stepwise'!$C$2:$C$289,0)) -> 0.845 | BL12: =INDEX('Emission Stepwise'!$G$2:$G$289,MATCH(63&"|"&$A12,'Emission Stepwise'!$C$2:$C$289,0)) -> 0.485 | BM12: =INDEX('Emission Stepwise'!$G$2:$G$289,MATCH(64&"|"&$A12,'Emission Stepwise'!$C$2:$C$289,0)) -> 0.21 | BN12: =INDEX('Emission Stepwise'!$G$2:$G$289,MATCH(65&"|"&$A12,'Emission Stepwise'!$C$2:$C$289,0)) -> 0.31658291 | BO12: =INDEX('Emission Stepwise'!$G$2:$G$289,MATCH(66&"|"&$A12,'Emission Stepwise'!$C$2:$C$289,0)) -> 0.525 | BP12: =INDEX('Emission Stepwise'!$G$2:$G$289,MATCH(67&"|"&$A12,'Emission Stepwise'!$C$2:$C$289,0)) -> 0.225 | BQ12: =INDEX('Emission Stepwise'!$G$2:$G$289,MATCH(68&"|"&$A12,'Emission Stepwise'!$C$2:$C$289,0)) -> 0.31 | BR12: =INDEX('Emission Stepwise'!$G$2:$G$289,MATCH(69&"|"&$A12,'Emission Stepwise'!$C$2:$C$289,0)) -> 0.44 | BS12: =INDEX('Emission Stepwise'!$G$2:$G$289,MATCH(70&"|"&$A12,'Emission Stepwise'!$C$2:$C$289,0)) -> 0.36 | BT12: =INDEX('Emission Stepwise'!$G$2:$G$289,MATCH(71&"|"&$A12,'Emission Stepwise'!$C$2:$C$289,0)) -> 0.52 | BU12: =INDEX('Emission Stepwise'!$G$2:$G$289,MATCH(72&"|"&$A12,'Emission Stepwise'!$C$2:$C$289,0)) -> 0.725
A13: G | B13: =INDEX('Emission Stepwise'!$G$2:$G$289,MATCH(1&"|"&$A13,'Emission Stepwise'!$C$2:$C$289,0)) -> 0.76 | C13: =INDEX('Emission Stepwise'!$G$2:$G$289,MATCH(2&"|"&$A13,'Emission Stepwise'!$C$2:$C$289,0)) -> 0.53 | D13: =INDEX('Emission Stepwise'!$G$2:$G$289,MATCH(3&"|"&$A13,'Emission Stepwise'!$C$2:$C$289,0)) -> 0.43 | E13: =INDEX('Emission Stepwise'!$G$2:$G$289,MATCH(4&"|"&$A13,'Emission Stepwise'!$C$2:$C$289,0)) -> 0.445 | F13: =INDEX('Emission Stepwise'!$G$2:$G$289,MATCH(5&"|"&$A13,'Emission Stepwise'!$C$2:$C$289,0)) -> 0.345 | G13: =INDEX('Emission Stepwise'!$G$2:$G$289,MATCH(6&"|"&$A13,'Emission Stepwise'!$C$2:$C$289,0)) -> 0.24 | H13: =INDEX('Emission Stepwise'!$G$2:$G$289,MATCH(7&"|"&$A13,'Emission Stepwise'!$C$2:$C$289,0)) -> 0.525 | I13: =INDEX('Emission Stepwise'!$G$2:$G$289,MATCH(8&"|"&$A13,'Emission Stepwise'!$C$2:$C$289,0)) -> 0.005 | J13: =INDEX('Emission Stepwise'!$G$2:$G$289,MATCH(9&"|"&$A13,'Emission Stepwise'!$C$2:$C$289,0)) -> 0.30653266 | K13: =INDEX('Emission Stepwise'!$G$2:$G$289,MATCH(10&"|"&$A13,'Emission Stepwise'!$C$2:$C$289,0)) -> 0.96 | L13: =INDEX('Emission Stepwise'!$G$2:$G$289,MATCH(11&"|"&$A13,'Emission Stepwise'!$C$2:$C$289,0)) -> 0.03 | M13: =INDEX('Emission Stepwise'!$G$2:$G$289,MATCH(12&"|"&$A13,'Emission Stepwise'!$C$2:$C$289,0)) -> 0.19 | N13: =INDEX('Emission Stepwise'!$G$2:$G$289,MATCH(13&"|"&$A13,'Emission Stepwise'!$C$2:$C$289,0)) -> 0.095 | O13: =INDEX('Emission Stepwise'!$G$2:$G$289,MATCH(14&"|"&$A13,'Emission Stepwise'!$C$2:$C$289,0)) -> 0.005 | P13: =INDEX('Emission Stepwise'!$G$2:$G$289,MATCH(15&"|"&$A13,'Emission Stepwise'!$C$2:$C$289,0)) -> 0.81407035 | Q13: =INDEX('Emission Stepwise'!$G$2:$G$289,MATCH(16&"|"&$A13,'Emission Stepwise'!$C$2:$C$289,0)) -> 0.022556391 | R13: =INDEX('Emission Stepwise'!$G$2:$G$289,MATCH(17&"|"&$A13,'Emission Stepwise'!$C$2:$C$289,0)) -> 0.040609137 | S13: =INDEX('Emission Stepwise'!$G$2:$G$289,MATCH(18&"|"&$A13,'Emission Stepwise'!$C$2:$C$289,0)) -> 0.995 | T13: =INDEX('Emission Stepwise'!$G$2:$G$289,MATCH(19&"|"&$A13,'Emission Stepwise'!$C$2:$C$289,0)) -> 0.985 | U13: =INDEX('Emission Stepwise'!$G$2:$G$289,MATCH(20&"|"&$A13,'Emission Stepwise'!$C$2:$C$289,0)) -> 0.090452261 | V13: =INDEX('Emission Stepwise'!$G$2:$G$289,MATCH(21&"|"&$A13,'Emission Stepwise'!$C$2:$C$289,0)) -> 0.035 | W13: =INDEX('Emission Stepwise'!$G$2:$G$289,MATCH(22&"|"&$A13,'Emission Stepwise'!$C$2:$C$289,0)) -> 0.725 | X13: =INDEX('Emission Stepwise'!$G$2:$G$289,MATCH(23&"|"&$A13,'Emission Stepwise'!$C$2:$C$289,0)) -> 0.145 | Y13: =INDEX('Emission Stepwise'!$G$2:$G$289,MATCH(24&"|"&$A13,'Emission Stepwise'!$C$2:$C$289,0)) -> 0.75 | Z13: =INDEX('Emission Stepwise'!$G$2:$G$289,MATCH(25&"|"&$A13,'Emission Stepwise'!$C$2:$C$289,0)) -> 0.035 | AA13: =INDEX('Emission Stepwise'!$G$2:$G$289,MATCH(26&"|"&$A13,'Emission Stepwise'!$C$2:$C$289,0)) -> 0.5 | AB13: =INDEX('Emission Stepwise'!$G$2:$G$289,MATCH(27&"|"&$A13,'Emission Stepwise'!$C$2:$C$289,0)) -> 0.155 | AC13: =INDEX('Emission Stepwise'!$G$2:$G$289,MATCH(28&"|"&$A13,'Emission Stepwise'!$C$2:$C$289,0)) -> 0.11 | AD13: =INDEX('Emission Stepwise'!$G$2:$G$289,MATCH(29&"|"&$A13,'Emission Stepwise'!$C$2:$C$289,0)) -> 0.385 | AE13: =INDEX('Emission Stepwise'!$G$2:$G$289,MATCH(30&"|"&$A13,'Emission Stepwise'!$C$2:$C$289,0)) -> 0.75 | AF13: =INDEX('Emission Stepwise'!$G$2:$G$289,MATCH(31&"|"&$A13,'Emission Stepwise'!$C$2:$C$289,0)) -> 0.275 | AG13: =INDEX('Emission Stepwise'!$G$2:$G$289,MATCH(32&"|"&$A13,'Emission Stepwise'!$C$2:$C$289,0)) -> 0 | AH13: =INDEX('Emission Stepwise'!$G$2:$G$289,MATCH(33&"|"&$A13,'Emission Stepwise'!$C$2:$C$289,0)) -> 0 | AI13: =INDEX('Emission Stepwise'!$G$2:$G$289,MATCH(34&"|"&$A13,'Emission Stepwise'!$C$2:$C$289,0)) -> 0.335 | AJ13: =INDEX('Emission Stepwise'!$G$2:$G$289,MATCH(35&"|"&$A13,'Emission Stepwise'!$C$2:$C$289,0)) -> 0.255 | AK13: =INDEX('Emission Stepwise'!$G$2:$G$289,MATCH(36&"|"&$A13,'Emission Stepwise'!$C$2:$C$289,0)) -> 0.16 | AL13: =INDEX('Emission Stepwise'!$G$2:$G$289,MATCH(37&"|"&$A13,'Emission Stepwise'!$C$2:$C$289,0)) -> 0.24 | AM13: =INDEX('Emission Stepwise'!$G$2:$G$289,MATCH(38&"|"&$A13,'Emission Stepwise'!$C$2:$C$289,0)) -> 0.005 | AN13: =INDEX('Emission Stepwise'!$G$2:$G$289,MATCH(39&"|"&$A13,'Emission Stepwise'!$C$2:$C$289,0)) -> 0.36 | AO13: =INDEX('Emission Stepwise'!$G$2:$G$289,MATCH(40&"|"&$A13,'Emission Stepwise'!$C$2:$C$289,0)) -> 0.24 | AP13: =INDEX('Emission Stepwise'!$G$2:$G$289,MATCH(41&"|"&$A13,'Emission Stepwise'!$C$2:$C$289,0)) -> 0.18 | AQ13: =INDEX('Emission Stepwise'!$G$2:$G$289,MATCH(42&"|"&$A13,'Emission Stepwise'!$C$2:$C$289,0)) -> 0.525 | AR13: =INDEX('Emission Stepwise'!$G$2:$G$289,MATCH(43&"|"&$A13,'Emission Stepwise'!$C$2:$C$289,0)) -> 0.5 | AS13: =INDEX('Emission Stepwise'!$G$2:$G$289,MATCH(44&"|"&$A13,'Emission Stepwise'!$C$2:$C$289,0)) -> 0.23 | AT13: =INDEX('Emission Stepwise'!$G$2:$G$289,MATCH(45&"|"&$A13,'Emission Stepwise'!$C$2:$C$289,0)) -> 0.75757576 | AU13: =INDEX('Emission Stepwise'!$G$2:$G$289,MATCH(46&"|"&$A13,'Emission Stepwise'!$C$2:$C$289,0)) -> 0.81065089 | AV13: =INDEX('Emission Stepwise'!$G$2:$G$289,MATCH(47&"|"&$A13,'Emission Stepwise'!$C$2:$C$289,0)) -> 0.08 | AW13: =INDEX('Emission Stepwise'!$G$2:$G$289,MATCH(48&"|"&$A13,'Emission Stepwise'!$C$2:$C$289,0)) -> 0.01 | AX13: =INDEX('Emission Stepwise'!$G$2:$G$289,MATCH(49&"|"&$A13,'Emission Stepwise'!$C$2:$C$289,0)) -> 0.505 | AY13: =INDEX('Emission Stepwise'!$G$2:$G$289,MATCH(50&"|"&$A13,'Emission Stepwise'!$C$2:$C$289,0)) -> 0.27 | AZ13: =INDEX('Emission Stepwise'!$G$2:$G$289,MATCH(51&"|"&$A13,'Emission Stepwise'!$C$2:$C$289,0)) -> 0.49748744 | BA13: =INDEX('Emission Stepwise'!$G$2:$G$289,MATCH(52&"|"&$A13,'Emission Stepwise'!$C$2:$C$289,0)) -> 0.84 | BB13: =INDEX('Emission Stepwise'!$G$2:$G$289,MATCH(53&"|"&$A13,'Emission Stepwise'!$C$2:$C$289,0)) -> 0.98 | BC13: =INDEX('Emission Stepwise'!$G$2:$G$289,MATCH(54&"|"&$A13,'Emission Stepwise'!$C$2:$C$289,0)) -> 0 | BD13: =INDEX('Emission Stepwise'!$G$2:$G$289,MATCH(55&"|"&$A13,'Emission Stepwise'!$C$2:$C$289,0)) -> 0.005 | BE13: =INDEX('Emission Stepwise'!$G$2:$G$289,MATCH(56&"|"&$A13,'Emission Stepwise'!$C$2:$C$289,0)) -> 0.005 | BF13: =INDEX('Emission Stepwise'!$G$2:$G$289,MATCH(57&"|"&$A13,'Emission Stepwise'!$C$2:$C$289,0)) -> 0.6080402 | BG13: =INDEX('Emission Stepwise'!$G$2:$G$289,MATCH(58&"|"&$A13,'Emission Stepwise'!$C$2:$C$289,0)) -> 0 | BH13: =INDEX('Emission Stepwise'!$G$2:$G$289,MATCH(59&"|"&$A13,'Emission Stepwise'!$C$2:$C$289,0)) -> 0.235 | BI13: =INDEX('Emission Stepwise'!$G$2:$G$289,MATCH(60&"|"&$A13,'Emission Stepwise'!$C$2:$C$289,0)) -> 0.01 | BJ13: =INDEX('Emission Stepwise'!$G$2:$G$289,MATCH(61&"|"&$A13,'Emission Stepwise'!$C$2:$C$289,0)) -> 0.005 | BK13: =INDEX('Emission Stepwise'!$G$2:$G$289,MATCH(62&"|"&$A13,'Emission Stepwise'!$C$2:$C$289,0)) -> 0.01 | BL13: =INDEX('Emission Stepwise'!$G$2:$G$289,MATCH(63&"|"&$A13,'Emission Stepwise'!$C$2:$C$289,0)) -> 0.24 | BM13: =INDEX('Emission Stepwise'!$G$2:$G$289,MATCH(64&"|"&$A13,'Emission Stepwise'!$C$2:$C$289,0)) -> 0.46 | BN13: =INDEX('Emission Stepwise'!$G$2:$G$289,MATCH(65&"|"&$A13,'Emission Stepwise'!$C$2:$C$289,0)) -> 0.28643216 | BO13: =INDEX('Emission Stepwise'!$G$2:$G$289,MATCH(66&"|"&$A13,'Emission Stepwise'!$C$2:$C$289,0)) -> 0.01 | BP13: =INDEX('Emission Stepwise'!$G$2:$G$289,MATCH(67&"|"&$A13,'Emission Stepwise'!$C$2:$C$289,0)) -> 0.375 | BQ13: =INDEX('Emission Stepwise'!$G$2:$G$289,MATCH(68&"|"&$A13,'Emission Stepwise'!$C$2:$C$289,0)) -> 0.435 | BR13: =INDEX('Emission Stepwise'!$G$2:$G$289,MATCH(69&"|"&$A13,'Emission Stepwise'!$C$2:$C$289,0)) -> 0.35 | BS13: =INDEX('Emission Stepwise'!$G$2:$G$289,MATCH(70&"|"&$A13,'Emission Stepwise'!$C$2:$C$289,0)) -> 0.375 | BT13: =INDEX('Emission Stepwise'!$G$2:$G$289,MATCH(71&"|"&$A13,'Emission Stepwise'!$C$2:$C$289,0)) -> 0.41 | BU13: =INDEX('Emission Stepwise'!$G$2:$G$289,MATCH(72&"|"&$A13,'Emission Stepwise'!$C$2:$C$289,0)) -> 0.09
A14: U | B14: =INDEX('Emission Stepwise'!$G$2:$G$289,MATCH(1&"|"&$A14,'Emission Stepwise'!$C$2:$C$289,0)) -> 0.065 | C14: =INDEX('Emission Stepwise'!$G$2:$G$289,MATCH(2&"|"&$A14,'Emission Stepwise'!$C$2:$C$289,0)) -> 0.03 | D14: =INDEX('Emission Stepwise'!$G$2:$G$289,MATCH(3&"|"&$A14,'Emission Stepwise'!$C$2:$C$289,0)) -> 0.115 | E14: =INDEX('Emission Stepwise'!$G$2:$G$289,MATCH(4&"|"&$A14,'Emission Stepwise'!$C$2:$C$289,0)) -> 0.17 | F14: =INDEX('Emission Stepwise'!$G$2:$G$289,MATCH(5&"|"&$A14,'Emission Stepwise'!$C$2:$C$289,0)) -> 0.105 | G14: =INDEX('Emission Stepwise'!$G$2:$G$289,MATCH(6&"|"&$A14,'Emission Stepwise'!$C$2:$C$289,0)) -> 0.265 | H14: =INDEX('Emission Stepwise'!$G$2:$G$289,MATCH(7&"|"&$A14,'Emission Stepwise'!$C$2:$C$289,0)) -> 0.22 | I14: =INDEX('Emission Stepwise'!$G$2:$G$289,MATCH(8&"|"&$A14,'Emission Stepwise'!$C$2:$C$289,0)) -> 0.99 | J14: =INDEX('Emission Stepwise'!$G$2:$G$289,MATCH(9&"|"&$A14,'Emission Stepwise'!$C$2:$C$289,0)) -> 0 | K14: =INDEX('Emission Stepwise'!$G$2:$G$289,MATCH(10&"|"&$A14,'Emission Stepwise'!$C$2:$C$289,0)) -> 0 | L14: =INDEX('Emission Stepwise'!$G$2:$G$289,MATCH(11&"|"&$A14,'Emission Stepwise'!$C$2:$C$289,0)) -> 0.2 | M14: =INDEX('Emission Stepwise'!$G$2:$G$289,MATCH(12&"|"&$A14,'Emission Stepwise'!$C$2:$C$289,0)) -> 0.6 | N14: =INDEX('Emission Stepwise'!$G$2:$G$289,MATCH(13&"|"&$A14,'Emission Stepwise'!$C$2:$C$289,0)) -> 0.19 | O14: =INDEX('Emission Stepwise'!$G$2:$G$289,MATCH(14&"|"&$A14,'Emission Stepwise'!$C$2:$C$289,0)) -> 0 | P14: =INDEX('Emission Stepwise'!$G$2:$G$289,MATCH(15&"|"&$A14,'Emission Stepwise'!$C$2:$C$289,0)) -> 0.010050251 | Q14: =INDEX('Emission Stepwise'!$G$2:$G$289,MATCH(16&"|"&$A14,'Emission Stepwise'!$C$2:$C$289,0)) -> 0.59398496 | R14: =INDEX('Emission Stepwise'!$G$2:$G$289,MATCH(17&"|"&$A14,'Emission Stepwise'!$C$2:$C$289,0)) -> 0.5786802 | S14: =INDEX('Emission Stepwise'!$G$2:$G$289,MATCH(18&"|"&$A14,'Emission Stepwise'!$C$2:$C$289,0)) -> 0 | T14: =INDEX('Emission Stepwise'!$G$2:$G$289,MATCH(19&"|"&$A14,'Emission Stepwise'!$C$2:$C$289,0)) -> 0.01 | U14: =INDEX('Emission Stepwise'!$G$2:$G$289,MATCH(20&"|"&$A14,'Emission Stepwise'!$C$2:$C$289,0)) -> 0.59798995 | V14: =INDEX('Emission Stepwise'!$G$2:$G$289,MATCH(21&"|"&$A14,'Emission Stepwise'!$C$2:$C$289,0)) -> 0.05 | W14: =INDEX('Emission Stepwise'!$G$2:$G$289,MATCH(22&"|"&$A14,'Emission Stepwise'!$C$2:$C$289,0)) -> 0.07 | X14: =INDEX('Emission Stepwise'!$G$2:$G$289,MATCH(23&"|"&$A14,'Emission Stepwise'!$C$2:$C$289,0)) -> 0.06 | Y14: =INDEX('Emission Stepwise'!$G$2:$G$289,MATCH(24&"|"&$A14,'Emission Stepwise'!$C$2:$C$289,0)) -> 0.035 | Z14: =INDEX('Emission Stepwise'!$G$2:$G$289,MATCH(25&"|"&$A14,'Emission Stepwise'!$C$2:$C$289,0)) -> 0.07 | AA14: =INDEX('Emission Stepwise'!$G$2:$G$289,MATCH(26&"|"&$A14,'Emission Stepwise'!$C$2:$C$289,0)) -> 0.055 | AB14: =INDEX('Emission Stepwise'!$G$2:$G$289,MATCH(27&"|"&$A14,'Emission Stepwise'!$C$2:$C$289,0)) -> 0.26 | AC14: =INDEX('Emission Stepwise'!$G$2:$G$289,MATCH(28&"|"&$A14,'Emission Stepwise'!$C$2:$C$289,0)) -> 0.255 | AD14: =INDEX('Emission Stepwise'!$G$2:$G$289,MATCH(29&"|"&$A14,'Emission Stepwise'!$C$2:$C$289,0)) -> 0.275 | AE14: =INDEX('Emission Stepwise'!$G$2:$G$289,MATCH(30&"|"&$A14,'Emission Stepwise'!$C$2:$C$289,0)) -> 0.035 | AF14: =INDEX('Emission Stepwise'!$G$2:$G$289,MATCH(31&"|"&$A14,'Emission Stepwise'!$C$2:$C$289,0)) -> 0.095 | AG14: =INDEX('Emission Stepwise'!$G$2:$G$289,MATCH(32&"|"&$A14,'Emission Stepwise'!$C$2:$C$289,0)) -> 0.295 | AH14: =INDEX('Emission Stepwise'!$G$2:$G$289,MATCH(33&"|"&$A14,'Emission Stepwise'!$C$2:$C$289,0)) -> 0.99 | AI14: =INDEX('Emission Stepwise'!$G$2:$G$289,MATCH(34&"|"&$A14,'Emission Stepwise'!$C$2:$C$289,0)) -> 0.29 | AJ14: =INDEX('Emission Stepwise'!$G$2:$G$289,MATCH(35&"|"&$A14,'Emission Stepwise'!$C$2:$C$289,0)) -> 0.205 | AK14: =INDEX('Emission Stepwise'!$G$2:$G$289,MATCH(36&"|"&$A14,'Emission Stepwise'!$C$2:$C$289,0)) -> 0.36 | AL14: =INDEX('Emission Stepwise'!$G$2:$G$289,MATCH(37&"|"&$A14,'Emission Stepwise'!$C$2:$C$289,0)) -> 0 | AM14: =INDEX('Emission Stepwise'!$G$2:$G$289,MATCH(38&"|"&$A14,'Emission Stepwise'!$C$2:$C$289,0)) -> 0.115 | AN14: =INDEX('Emission Stepwise'!$G$2:$G$289,MATCH(39&"|"&$A14,'Emission Stepwise'!$C$2:$C$289,0)) -> 0.295 | AO14: =INDEX('Emission Stepwise'!$G$2:$G$289,MATCH(40&"|"&$A14,'Emission Stepwise'!$C$2:$C$289,0)) -> 0.04 | AP14: =INDEX('Emission Stepwise'!$G$2:$G$289,MATCH(41&"|"&$A14,'Emission Stepwise'!$C$2:$C$289,0)) -> 0.165 | AQ14: =INDEX('Emission Stepwise'!$G$2:$G$289,MATCH(42&"|"&$A14,'Emission Stepwise'!$C$2:$C$289,0)) -> 0.13 | AR14: =INDEX('Emission Stepwise'!$G$2:$G$289,MATCH(43&"|"&$A14,'Emission Stepwise'!$C$2:$C$289,0)) -> 0.16 | AS14: =INDEX('Emission Stepwise'!$G$2:$G$289,MATCH(44&"|"&$A14,'Emission Stepwise'!$C$2:$C$289,0)) -> 0.115 | AT14: =INDEX('Emission Stepwise'!$G$2:$G$289,MATCH(45&"|"&$A14,'Emission Stepwise'!$C$2:$C$289,0)) -> 0.14141414 | AU14: =INDEX('Emission Stepwise'!$G$2:$G$289,MATCH(46&"|"&$A14,'Emission Stepwise'!$C$2:$C$289,0)) -> 0.071005917 | AV14: =INDEX('Emission Stepwise'!$G$2:$G$289,MATCH(47&"|"&$A14,'Emission Stepwise'!$C$2:$C$289,0)) -> 0.675 | AW14: =INDEX('Emission Stepwise'!$G$2:$G$289,MATCH(48&"|"&$A14,'Emission Stepwise'!$C$2:$C$289,0)) -> 0.145 | AX14: =INDEX('Emission Stepwise'!$G$2:$G$289,MATCH(49&"|"&$A14,'Emission Stepwise'!$C$2:$C$289,0)) -> 0.055 | AY14: =INDEX('Emission Stepwise'!$G$2:$G$289,MATCH(50&"|"&$A14,'Emission Stepwise'!$C$2:$C$289,0)) -> 0.18 | AZ14: =INDEX('Emission Stepwise'!$G$2:$G$289,MATCH(51&"|"&$A14,'Emission Stepwise'!$C$2:$C$289,0)) -> 0.15577889 | BA14: =INDEX('Emission Stepwise'!$G$2:$G$289,MATCH(52&"|"&$A14,'Emission Stepwise'!$C$2:$C$289,0)) -> 0.02 | BB14: =INDEX('Emission Stepwise'!$G$2:$G$289,MATCH(53&"|"&$A14,'Emission Stepwise'!$C$2:$C$289,0)) -> 0.01 | BC14: =INDEX('Emission Stepwise'!$G$2:$G$289,MATCH(54&"|"&$A14,'Emission Stepwise'!$C$2:$C$289,0)) -> 0.99 | BD14: =INDEX('Emission Stepwise'!$G$2:$G$289,MATCH(55&"|"&$A14,'Emission Stepwise'!$C$2:$C$289,0)) -> 0.985 | BE14: =INDEX('Emission Stepwise'!$G$2:$G$289,MATCH(56&"|"&$A14,'Emission Stepwise'!$C$2:$C$289,0)) -> 0.005 | BF14: =INDEX('Emission Stepwise'!$G$2:$G$289,MATCH(57&"|"&$A14,'Emission Stepwise'!$C$2:$C$289,0)) -> 0.0050251256 | BG14: =INDEX('Emission Stepwise'!$G$2:$G$289,MATCH(58&"|"&$A14,'Emission Stepwise'!$C$2:$C$289,0)) -> 0.005 | BH14: =INDEX('Emission Stepwise'!$G$2:$G$289,MATCH(59&"|"&$A14,'Emission Stepwise'!$C$2:$C$289,0)) -> 0.25 | BI14: =INDEX('Emission Stepwise'!$G$2:$G$289,MATCH(60&"|"&$A14,'Emission Stepwise'!$C$2:$C$289,0)) -> 0.785 | BJ14: =INDEX('Emission Stepwise'!$G$2:$G$289,MATCH(61&"|"&$A14,'Emission Stepwise'!$C$2:$C$289,0)) -> 0.005 | BK14: =INDEX('Emission Stepwise'!$G$2:$G$289,MATCH(62&"|"&$A14,'Emission Stepwise'!$C$2:$C$289,0)) -> 0.13 | BL14: =INDEX('Emission Stepwise'!$G$2:$G$289,MATCH(63&"|"&$A14,'Emission Stepwise'!$C$2:$C$289,0)) -> 0.16 | BM14: =INDEX('Emission Stepwise'!$G$2:$G$289,MATCH(64&"|"&$A14,'Emission Stepwise'!$C$2:$C$289,0)) -> 0.165 | BN14: =INDEX('Emission Stepwise'!$G$2:$G$289,MATCH(65&"|"&$A14,'Emission Stepwise'!$C$2:$C$289,0)) -> 0.35175879 | BO14: =INDEX('Emission Stepwise'!$G$2:$G$289,MATCH(66&"|"&$A14,'Emission Stepwise'!$C$2:$C$289,0)) -> 0.25 | BP14: =INDEX('Emission Stepwise'!$G$2:$G$289,MATCH(67&"|"&$A14,'Emission Stepwise'!$C$2:$C$289,0)) -> 0.19 | BQ14: =INDEX('Emission Stepwise'!$G$2:$G$289,MATCH(68&"|"&$A14,'Emission Stepwise'!$C$2:$C$289,0)) -> 0.18 | BR14: =INDEX('Emission Stepwise'!$G$2:$G$289,MATCH(69&"|"&$A14,'Emission Stepwise'!$C$2:$C$289,0)) -> 0.085 | BS14: =INDEX('Emission Stepwise'!$G$2:$G$289,MATCH(70&"|"&$A14,'Emission Stepwise'!$C$2:$C$289,0)) -> 0.15 | BT14: =INDEX('Emission Stepwise'!$G$2:$G$289,MATCH(71&"|"&$A14,'Emission Stepwise'!$C$2:$C$289,0)) -> 0.045 | BU14: =INDEX('Emission Stepwise'!$G$2:$G$289,MATCH(72&"|"&$A14,'Emission Stepwise'!$C$2:$C$289,0)) -> 0.105
A15: Column sum check | B15: =ROUND(SUM(B11:B14),9) -> 1 | C15: =ROUND(SUM(C11:C14),9) -> 1 | D15: =ROUND(SUM(D11:D14),9) -> 1 | E15: =ROUND(SUM(E11:E14),9) -> 1 | F15: =ROUND(SUM(F11:F14),9) -> 1 | G15: =ROUND(SUM(G11:G14),9) -> 1 | H15: =ROUND(SUM(H11:H14),9) -> 1 | I15: =ROUND(SUM(I11:I14),9) -> 1 | ... BU15: =ROUND(SUM(BU11:BU14),9) -> 1

Sheet Transition Stepwise
A1: Step i | B1: Step | C1: From X | D1: To Y | E1: Key | F1: Count c | G1: FROM total Cx | H1: Alpha | I1: Raw t_raw | J1: Smoothed t | K1: c+a | L1: Cx+4a | M1: Formula | N1: Row sum check
A2: 1 | B2: 1->2 | C2: A | D2: A | E2: =A2&"|"&C2&"|"&D2 -> 1|A|A | F2: 0 | G2: =SUMIFS($F$2:$F$1137,$A$2:$A$1137,A2,$C$2:$C$1137,C2) -> 13 | H2: 1 | I2: =IF(G2=0,"",F2/G2) -> 0 | J2: =K2/L2 -> 0.058823529 | K2: =F2+H2 -> 1 | L2: =G2+4*H2 -> 17 | M2: t = (c + a) / (Cx + 4a) | N2: =ROUND(SUMIFS($J$2:$J$1137,$A$2:$A$1137,A2,$C$2:$C$1137,C2),9) -> 1
A3: 1 | B3: 1->2 | C3: A | D3: C | E3: =A3&"|"&C3&"|"&D3 -> 1|A|C | F3: 1 | G3: =SUMIFS($F$2:$F$1137,$A$2:$A$1137,A3,$C$2:$C$1137,C3) -> 13 | H3: 1 | I3: =IF(G3=0,"",F3/G3) -> 0.076923077 | J3: =K3/L3 -> 0.11764706 | K3: =F3+H3 -> 2 | L3: =G3+4*H3 -> 17 | M3: t = (c + a) / (Cx + 4a) | N3: =ROUND(SUMIFS($J$2:$J$1137,$A$2:$A$1137,A3,$C$2:$C$1137,C3),9) -> 1
A4: 1 | B4: 1->2 | C4: A | D4: G | E4: =A4&"|"&C4&"|"&D4 -> 1|A|G | F4: 12 | G4: =SUMIFS($F$2:$F$1137,$A$2:$A$1137,A4,$C$2:$C$1137,C4) -> 13 | H4: 1 | I4: =IF(G4=0,"",F4/G4) -> 0.92307692 | J4: =K4/L4 -> 0.76470588 | K4: =F4+H4 -> 13 | L4: =G4+4*H4 -> 17 | M4: t = (c + a) / (Cx + 4a) | N4: =ROUND(SUMIFS($J$2:$J$1137,$A$2:$A$1137,A4,$C$2:$C$1137,C4),9) -> 1
A5: 1 | B5: 1->2 | C5: A | D5: U | E5: =A5&"|"&C5&"|"&D5 -> 1|A|U | F5: 0 | G5: =SUMIFS($F$2:$F$1137,$A$2:$A$1137,A5,$C$2:$C$1137,C5) -> 13 | H5: 1 | I5: =IF(G5=0,"",F5/G5) -> 0 | J5: =K5/L5 -> 0.058823529 | K5: =F5+H5 -> 1 | L5: =G5+4*H5 -> 17 | M5: t = (c + a) / (Cx + 4a) | N5: =ROUND(SUMIFS($J$2:$J$1137,$A$2:$A$1137,A5,$C$2:$C$1137,C5),9) -> 1
A6: 1 | B6: 1->2 | C6: C | D6: A | E6: =A6&"|"&C6&"|"&D6 -> 1|C|A | F6: 0 | G6: =SUMIFS($F$2:$F$1137,$A$2:$A$1137,A6,$C$2:$C$1137,C6) -> 22 | H6: 1 | I6: =IF(G6=0,"",F6/G6) -> 0 | J6: =K6/L6 -> 0.038461538 | K6: =F6+H6 -> 1 | L6: =G6+4*H6 -> 26 | M6: t = (c + a) / (Cx + 4a) | N6: =ROUND(SUMIFS($J$2:$J$1137,$A$2:$A$1137,A6,$C$2:$C$1137,C6),9) -> 1
A7: 1 | B7: 1->2 | C7: C | D7: C | E7: =A7&"|"&C7&"|"&D7 -> 1|C|C | F7: 4 | G7: =SUMIFS($F$2:$F$1137,$A$2:$A$1137,A7,$C$2:$C$1137,C7) -> 22 | H7: 1 | I7: =IF(G7=0,"",F7/G7) -> 0.18181818 | J7: =K7/L7 -> 0.19230769 | K7: =F7+H7 -> 5 | L7: =G7+4*H7 -> 26 | M7: t = (c + a) / (Cx + 4a) | N7: =ROUND(SUMIFS($J$2:$J$1137,$A$2:$A$1137,A7,$C$2:$C$1137,C7),9) -> 1
A8: 1 | B8: 1->2 | C8: C | D8: G | E8: =A8&"|"&C8&"|"&D8 -> 1|C|G | F8: 17 | G8: =SUMIFS($F$2:$F$1137,$A$2:$A$1137,A8,$C$2:$C$1137,C8) -> 22 | H8: 1 | I8: =IF(G8=0,"",F8/G8) -> 0.77272727 | J8: =K8/L8 -> 0.69230769 | K8: =F8+H8 -> 18 | L8: =G8+4*H8 -> 26 | M8: t = (c + a) / (Cx + 4a) | N8: =ROUND(SUMIFS($J$2:$J$1137,$A$2:$A$1137,A8,$C$2:$C$1137,C8),9) -> 1
A9: 1 | B9: 1->2 | C9: C | D9: U | E9: =A9&"|"&C9&"|"&D9 -> 1|C|U | F9: 1 | G9: =SUMIFS($F$2:$F$1137,$A$2:$A$1137,A9,$C$2:$C$1137,C9) -> 22 | H9: 1 | I9: =IF(G9=0,"",F9/G9) -> 0.045454545 | J9: =K9/L9 -> 0.076923077 | K9: =F9+H9 -> 2 | L9: =G9+4*H9 -> 26 | M9: t = (c + a) / (Cx + 4a) | N9: =ROUND(SUMIFS($J$2:$J$1137,$A$2:$A$1137,A9,$C$2:$C$1137,C9),9) -> 1
A10: 1 | B10: 1->2 | C10: G | D10: A | E10: =A10&"|"&C10&"|"&D10 -> 1|G|A | F10: 6 | G10: =SUMIFS($F$2:$F$1137,$A$2:$A$1137,A10,$C$2:$C$1137,C10) -> 152 | H10: 1 | I10: =IF(G10=0,"",F10/G10) -> 0.039473684 | J10: =K10/L10 -> 0.044871795 | K10: =F10+H10 -> 7 | L10: =G10+4*H10 -> 156 | M10: t = (c + a) / (Cx + 4a) | N10: =ROUND(SUMIFS($J$2:$J$1137,$A$2:$A$1137,A10,$C$2:$C$1137,C10),9) -> 1
A11: 1 | B11: 1->2 | C11: G | D11: C | E11: =A11&"|"&C11&"|"&D11 -> 1|G|C | F11: 68 | G11: =SUMIFS($F$2:$F$1137,$A$2:$A$1137,A11,$C$2:$C$1137,C11) -> 152 | H11: 1 | I11: =IF(G11=0,"",F11/G11) -> 0.44736842 | J11: =K11/L11 -> 0.44230769 | K11: =F11+H11 -> 69 | L11: =G11+4*H11 -> 156 | M11: t = (c + a) / (Cx + 4a) | N11: =ROUND(SUMIFS($J$2:$J$1137,$A$2:$A$1137,A11,$C$2:$C$1137,C11),9) -> 1
A12: 1 | B12: 1->2 | C12: G | D12: G | E12: =A12&"|"&C12&"|"&D12 -> 1|G|G | F12: 73 | G12: =SUMIFS($F$2:$F$1137,$A$2:$A$1137,A12,$C$2:$C$1137,C12) -> 152 | H12: 1 | I12: =IF(G12=0,"",F12/G12) -> 0.48026316 | J12: =K12/L12 -> 0.47435897 | K12: =F12+H12 -> 74 | L12: =G12+4*H12 -> 156 | M12: t = (c + a) / (Cx + 4a) | N12: =ROUND(SUMIFS($J$2:$J$1137,$A$2:$A$1137,A12,$C$2:$C$1137,C12),9) -> 1
A13: 1 | B13: 1->2 | C13: G | D13: U | E13: =A13&"|"&C13&"|"&D13 -> 1|G|U | F13: 5 | G13: =SUMIFS($F$2:$F$1137,$A$2:$A$1137,A13,$C$2:$C$1137,C13) -> 152 | H13: 1 | I13: =IF(G13=0,"",F13/G13) -> 0.032894737 | J13: =K13/L13 -> 0.038461538 | K13: =F13+H13 -> 6 | L13: =G13+4*H13 -> 156 | M13: t = (c + a) / (Cx + 4a) | N13: =ROUND(SUMIFS($J$2:$J$1137,$A$2:$A$1137,A13,$C$2:$C$1137,C13),9) -> 1
... A1137: 71 | B1137: 71->72 | C1137: U | D1137: U | E1137: =A1137&"|"&C1137&"|"&D1137 -> 71|U|U | F1137: 0 | G1137: =SUMIFS($F$2:$F$1137,$A$2:$A$1137,A1137,$C$2:$C$1137,C1137) -> 9 | H1137: 1 | I1137: =IF(G1137=0,"",F1137/G1137) -> 0 | J1137: =K1137/L1137 -> 0.076923077 | K1137: =F1137+H1137 -> 1 | L1137: =G1137+4*H1137 -> 13 | M1137: t = (c + a) / (Cx + 4a) | N1137: =ROUND(SUMIFS($J$2:$J$1137,$A$2:$A$1137,A1137,$C$2:$C$1137,C1137),9) -> 1

Sheet Transition Count Matrices
A1: 71 POSITION-SPECIFIC TRANSITION COUNT MATRICES
A2: Rows = FROM base X; columns = TO base Y
A4: Transition 1 -> 2
A5: FROM \ TO | B5: A | C5: C | D5: G | E5: U | F5: Row total
A6: A | B6: =INDEX('Transition Stepwise'!$F$2:$F$1137,MATCH(1&"|"&$A6&"|"&B$5,'Transition Stepwise'!$E$2:$E$1137,0)) -> 0 | C6: =INDEX('Transition Stepwise'!$F$2:$F$1137,MATCH(1&"|"&$A6&"|"&C$5,'Transition Stepwise'!$E$2:$E$1137,0)) -> 1 | D6: =INDEX('Transition Stepwise'!$F$2:$F$1137,MATCH(1&"|"&$A6&"|"&D$5,'Transition Stepwise'!$E$2:$E$1137,0)) -> 12 | E6: =INDEX('Transition Stepwise'!$F$2:$F$1137,MATCH(1&"|"&$A6&"|"&E$5,'Transition Stepwise'!$E$2:$E$1137,0)) -> 0 | F6: =ROUND(SUM(B6:E6),9) -> 13
A7: C | B7: =INDEX('Transition Stepwise'!$F$2:$F$1137,MATCH(1&"|"&$A7&"|"&B$5,'Transition Stepwise'!$E$2:$E$1137,0)) -> 0 | C7: =INDEX('Transition Stepwise'!$F$2:$F$1137,MATCH(1&"|"&$A7&"|"&C$5,'Transition Stepwise'!$E$2:$E$1137,0)) -> 4 | D7: =INDEX('Transition Stepwise'!$F$2:$F$1137,MATCH(1&"|"&$A7&"|"&D$5,'Transition Stepwise'!$E$2:$E$1137,0)) -> 17 | E7: =INDEX('Transition Stepwise'!$F$2:$F$1137,MATCH(1&"|"&$A7&"|"&E$5,'Transition Stepwise'!$E$2:$E$1137,0)) -> 1 | F7: =ROUND(SUM(B7:E7),9) -> 22
A8: G | B8: =INDEX('Transition Stepwise'!$F$2:$F$1137,MATCH(1&"|"&$A8&"|"&B$5,'Transition Stepwise'!$E$2:$E$1137,0)) -> 6 | C8: =INDEX('Transition Stepwise'!$F$2:$F$1137,MATCH(1&"|"&$A8&"|"&C$5,'Transition Stepwise'!$E$2:$E$1137,0)) -> 68 | D8: =INDEX('Transition Stepwise'!$F$2:$F$1137,MATCH(1&"|"&$A8&"|"&D$5,'Transition Stepwise'!$E$2:$E$1137,0)) -> 73 | E8: =INDEX('Transition Stepwise'!$F$2:$F$1137,MATCH(1&"|"&$A8&"|"&E$5,'Transition Stepwise'!$E$2:$E$1137,0)) -> 5 | F8: =ROUND(SUM(B8:E8),9) -> 152
A9: U | B9: =INDEX('Transition Stepwise'!$F$2:$F$1137,MATCH(1&"|"&$A9&"|"&B$5,'Transition Stepwise'!$E$2:$E$1137,0)) -> 0 | C9: =INDEX('Transition Stepwise'!$F$2:$F$1137,MATCH(1&"|"&$A9&"|"&C$5,'Transition Stepwise'!$E$2:$E$1137,0)) -> 9 | D9: =INDEX('Transition Stepwise'!$F$2:$F$1137,MATCH(1&"|"&$A9&"|"&D$5,'Transition Stepwise'!$E$2:$E$1137,0)) -> 4 | E9: =INDEX('Transition Stepwise'!$F$2:$F$1137,MATCH(1&"|"&$A9&"|"&E$5,'Transition Stepwise'!$E$2:$E$1137,0)) -> 0 | F9: =ROUND(SUM(B9:E9),9) -> 13
A12: Transition 2 -> 3
A13: FROM \ TO | B13: A | C13: C | D13: G | E13: U | F13: Row total
A14: A | B14: =INDEX('Transition Stepwise'!$F$2:$F$1137,MATCH(2&"|"&$A14&"|"&B$13,'Transition Stepwise'!$E$2:$E$1137,0)) -> 0 | C14: =INDEX('Transition Stepwise'!$F$2:$F$1137,MATCH(2&"|"&$A14&"|"&C$13,'Transition Stepwise'!$E$2:$E$1137,0)) -> 5 | D14: =INDEX('Transition Stepwise'!$F$2:$F$1137,MATCH(2&"|"&$A14&"|"&D$13,'Transition Stepwise'!$E$2:$E$1137,0)) -> 1 | E14: =INDEX('Transition Stepwise'!$F$2:$F$1137,MATCH(2&"|"&$A14&"|"&E$13,'Transition Stepwise'!$E$2:$E$1137,0)) -> 0 | F14: =ROUND(SUM(B14:E14),9) -> 6
A15: C | B15: =INDEX('Transition Stepwise'!$F$2:$F$1137,MATCH(2&"|"&$A15&"|"&B$13,'Transition Stepwise'!$E$2:$E$1137,0)) -> 2 | C15: =INDEX('Transition Stepwise'!$F$2:$F$1137,MATCH(2&"|"&$A15&"|"&C$13,'Transition Stepwise'!$E$2:$E$1137,0)) -> 44 | D15: =INDEX('Transition Stepwise'!$F$2:$F$1137,MATCH(2&"|"&$A15&"|"&D$13,'Transition Stepwise'!$E$2:$E$1137,0)) -> 22 | E15: =INDEX('Transition Stepwise'!$F$2:$F$1137,MATCH(2&"|"&$A15&"|"&E$13,'Transition Stepwise'!$E$2:$E$1137,0)) -> 14 | F15: =ROUND(SUM(B15:E15),9) -> 82
A16: G | B16: =INDEX('Transition Stepwise'!$F$2:$F$1137,MATCH(2&"|"&$A16&"|"&B$13,'Transition Stepwise'!$E$2:$E$1137,0)) -> 12 | C16: =INDEX('Transition Stepwise'!$F$2:$F$1137,MATCH(2&"|"&$A16&"|"&C$13,'Transition Stepwise'!$E$2:$E$1137,0)) -> 24 | D16: =INDEX('Transition Stepwise'!$F$2:$F$1137,MATCH(2&"|"&$A16&"|"&D$13,'Transition Stepwise'!$E$2:$E$1137,0)) -> 62 | E16: =INDEX('Transition Stepwise'!$F$2:$F$1137,MATCH(2&"|"&$A16&"|"&E$13,'Transition Stepwise'!$E$2:$E$1137,0)) -> 8 | F16: =ROUND(SUM(B16:E16),9) -> 106
A17: U | B17: =INDEX('Transition Stepwise'!$F$2:$F$1137,MATCH(2&"|"&$A17&"|"&B$13,'Transition Stepwise'!$E$2:$E$1137,0)) -> 0 | C17: =INDEX('Transition Stepwise'!$F$2:$F$1137,MATCH(2&"|"&$A17&"|"&C$13,'Transition Stepwise'!$E$2:$E$1137,0)) -> 4 | D17: =INDEX('Transition Stepwise'!$F$2:$F$1137,MATCH(2&"|"&$A17&"|"&D$13,'Transition Stepwise'!$E$2:$E$1137,0)) -> 1 | E17: =INDEX('Transition Stepwise'!$F$2:$F$1137,MATCH(2&"|"&$A17&"|"&E$13,'Transition Stepwise'!$E$2:$E$1137,0)) -> 1 | F17: =ROUND(SUM(B17:E17),9) -> 6
A20: Transition 3 -> 4
A21: FROM \ TO | B21: A | C21: C | D21: G | E21: U | F21: Row total
A22: A | B22: =INDEX('Transition Stepwise'!$F$2:$F$1137,MATCH(3&"|"&$A22&"|"&B$21,'Transition Stepwise'!$E$2:$E$1137,0)) -> 2 | C22: =INDEX('Transition Stepwise'!$F$2:$F$1137,MATCH(3&"|"&$A22&"|"&C$21,'Transition Stepwise'!$E$2:$E$1137,0)) -> 3 | D22: =INDEX('Transition Stepwise'!$F$2:$F$1137,MATCH(3&"|"&$A22&"|"&D$21,'Transition Stepwise'!$E$2:$E$1137,0)) -> 9 | E22: =INDEX('Transition Stepwise'!$F$2:$F$1137,MATCH(3&"|"&$A22&"|"&E$21,'Transition Stepwise'!$E$2:$E$1137,0)) -> 0 | F22: =ROUND(SUM(B22:E22),9) -> 14
A23: C | B23: =INDEX('Transition Stepwise'!$F$2:$F$1137,MATCH(3&"|"&$A23&"|"&B$21,'Transition Stepwise'!$E$2:$E$1137,0)) -> 7 | C23: =INDEX('Transition Stepwise'!$F$2:$F$1137,MATCH(3&"|"&$A23&"|"&C$21,'Transition Stepwise'!$E$2:$E$1137,0)) -> 22 | D23: =INDEX('Transition Stepwise'!$F$2:$F$1137,MATCH(3&"|"&$A23&"|"&D$21,'Transition Stepwise'!$E$2:$E$1137,0)) -> 31 | E23: =INDEX('Transition Stepwise'!$F$2:$F$1137,MATCH(3&"|"&$A23&"|"&E$21,'Transition Stepwise'!$E$2:$E$1137,0)) -> 17 | F23: =ROUND(SUM(B23:E23),9) -> 77
A24: G | B24: =INDEX('Transition Stepwise'!$F$2:$F$1137,MATCH(3&"|"&$A24&"|"&B$21,'Transition Stepwise'!$E$2:$E$1137,0)) -> 7 | C24: =INDEX('Transition Stepwise'!$F$2:$F$1137,MATCH(3&"|"&$A24&"|"&C$21,'Transition Stepwise'!$E$2:$E$1137,0)) -> 28 | D24: =INDEX('Transition Stepwise'!$F$2:$F$1137,MATCH(3&"|"&$A24&"|"&D$21,'Transition Stepwise'!$E$2:$E$1137,0)) -> 40 | E24: =INDEX('Transition Stepwise'!$F$2:$F$1137,MATCH(3&"|"&$A24&"|"&E$21,'Transition Stepwise'!$E$2:$E$1137,0)) -> 11 | F24: =ROUND(SUM(B24:E24),9) -> 86
A25: U | B25: =INDEX('Transition Stepwise'!$F$2:$F$1137,MATCH(3&"|"&$A25&"|"&B$21,'Transition Stepwise'!$E$2:$E$1137,0)) -> 0 | C25: =INDEX('Transition Stepwise'!$F$2:$F$1137,MATCH(3&"|"&$A25&"|"&C$21,'Transition Stepwise'!$E$2:$E$1137,0)) -> 8 | D25: =INDEX('Transition Stepwise'!$F$2:$F$1137,MATCH(3&"|"&$A25&"|"&D$21,'Transition Stepwise'!$E$2:$E$1137,0)) -> 9 | E25: =INDEX('Transition Stepwise'!$F$2:$F$1137,MATCH(3&"|"&$A25&"|"&E$21,'Transition Stepwise'!$E$2:$E$1137,0)) -> 6 | F25: =ROUND(SUM(B25:E25),9) -> 23
A28: Transition 4 -> 5
A29: FROM \ TO | B29: A | C29: C | D29: G | E29: U | F29: Row total
A30: A | B30: =INDEX('Transition Stepwise'!$F$2:$F$1137,MATCH(4&"|"&$A30&"|"&B$29,'Transition Stepwise'!$E$2:$E$1137,0)) -> 5 | C30: =INDEX('Transition Stepwise'!$F$2:$F$1137,MATCH(4&"|"&$A30&"|"&C$29,'Transition Stepwise'!$E$2:$E$1137,0)) -> 3 | D30: =INDEX('Transition Stepwise'!$F$2:$F$1137,MATCH(4&"|"&$A30&"|"&D$29,'Transition Stepwise'!$E$2:$E$1137,0)) -> 7 | E30: =INDEX('Transition Stepwise'!$F$2:$F$1137,MATCH(4&"|"&$A30&"|"&E$29,'Transition Stepwise'!$E$2:$E$1137,0)) -> 1 | F30: =ROUND(SUM(B30:E30),9) -> 16
A31: C | B31: =INDEX('Transition Stepwise'!$F$2:$F$1137,MATCH(4&"|"&$A31&"|"&B$29,'Transition Stepwise'!$E$2:$E$1137,0)) -> 3 | C31: =INDEX('Transition Stepwise'!$F$2:$F$1137,MATCH(4&"|"&$A31&"|"&C$29,'Transition Stepwise'!$E$2:$E$1137,0)) -> 38 | D31: =INDEX('Transition Stepwise'!$F$2:$F$1137,MATCH(4&"|"&$A31&"|"&D$29,'Transition Stepwise'!$E$2:$E$1137,0)) -> 13 | E31: =INDEX('Transition Stepwise'!$F$2:$F$1137,MATCH(4&"|"&$A31&"|"&E$29,'Transition Stepwise'!$E$2:$E$1137,0)) -> 7 | F31: =ROUND(SUM(B31:E31),9) -> 61
A32: G | B32: =INDEX('Transition Stepwise'!$F$2:$F$1137,MATCH(4&"|"&$A32&"|"&B$29,'Transition Stepwise'!$E$2:$E$1137,0)) -> 20 | C32: =INDEX('Transition Stepwise'!$F$2:$F$1137,MATCH(4&"|"&$A32&"|"&C$29,'Transition Stepwise'!$E$2:$E$1137,0)) -> 20 | D32: =INDEX('Transition Stepwise'!$F$2:$F$1137,MATCH(4&"|"&$A32&"|"&D$29,'Transition Stepwise'!$E$2:$E$1137,0)) -> 43 | E32: =INDEX('Transition Stepwise'!$F$2:$F$1137,MATCH(4&"|"&$A32&"|"&E$29,'Transition Stepwise'!$E$2:$E$1137,0)) -> 6 | F32: =ROUND(SUM(B32:E32),9) -> 89
A33: U | B33: =INDEX('Transition Stepwise'!$F$2:$F$1137,MATCH(4&"|"&$A33&"|"&B$29,'Transition Stepwise'!$E$2:$E$1137,0)) -> 3 | C33: =INDEX('Transition Stepwise'!$F$2:$F$1137,MATCH(4&"|"&$A33&"|"&C$29,'Transition Stepwise'!$E$2:$E$1137,0)) -> 18 | D33: =INDEX('Transition Stepwise'!$F$2:$F$1137,MATCH(4&"|"&$A33&"|"&D$29,'Transition Stepwise'!$E$2:$E$1137,0)) -> 6 | E33: =INDEX('Transition Stepwise'!$F$2:$F$1137,MATCH(4&"|"&$A33&"|"&E$29,'Transition Stepwise'!$E$2:$E$1137,0)) -> 7 | F33: =ROUND(SUM(B33:E33),9) -> 34
A36: Transition 5 -> 6
A37: FROM \ TO | B37: A | C37: C | D37: G | E37: U | F37: Row total
A38: A | B38: =INDEX('Transition Stepwise'!$F$2:$F$1137,MATCH(5&"|"&$A38&"|"&B$37,'Transition Stepwise'!$E$2:$E$1137,0)) -> 6 | C38: =INDEX('Transition Stepwise'!$F$2:$F$1137,MATCH(5&"|"&$A38&"|"&C$37,'Transition Stepwise'!$E$2:$E$1137,0)) -> 8 | D38: =INDEX('Transition Stepwise'!$F$2:$F$1137,MATCH(5&"|"&$A38&"|"&D$37,'Transition Stepwise'!$E$2:$E$1137,0)) -> 5 | E38: =INDEX('Transition Stepwise'!$F$2:$F$1137,MATCH(5&"|"&$A38&"|"&E$37,'Transition Stepwise'!$E$2:$E$1137,0)) -> 12 | F38: =ROUND(SUM(B38:E38),9) -> 31
A39: C | B39: =INDEX('Transition Stepwise'!$F$2:$F$1137,MATCH(5&"|"&$A39&"|"&B$37,'Transition Stepwise'!$E$2:$E$1137,0)) -> 12 | C39: =INDEX('Transition Stepwise'!$F$2:$F$1137,MATCH(5&"|"&$A39&"|"&C$37,'Transition Stepwise'!$E$2:$E$1137,0)) -> 37 | D39: =INDEX('Transition Stepwise'!$F$2:$F$1137,MATCH(5&"|"&$A39&"|"&D$37,'Transition Stepwise'!$E$2:$E$1137,0)) -> 14 | E39: =INDEX('Transition Stepwise'!$F$2:$F$1137,MATCH(5&"|"&$A39&"|"&E$37,'Transition Stepwise'!$E$2:$E$1137,0)) -> 16 | F39: =ROUND(SUM(B39:E39),9) -> 79
A40: G | B40: =INDEX('Transition Stepwise'!$F$2:$F$1137,MATCH(5&"|"&$A40&"|"&B$37,'Transition Stepwise'!$E$2:$E$1137,0)) -> 16 | C40: =INDEX('Transition Stepwise'!$F$2:$F$1137,MATCH(5&"|"&$A40&"|"&C$37,'Transition Stepwise'!$E$2:$E$1137,0)) -> 12 | D40: =INDEX('Transition Stepwise'!$F$2:$F$1137,MATCH(5&"|"&$A40&"|"&D$37,'Transition Stepwise'!$E$2:$E$1137,0)) -> 21 | E40: =INDEX('Transition Stepwise'!$F$2:$F$1137,MATCH(5&"|"&$A40&"|"&E$37,'Transition Stepwise'!$E$2:$E$1137,0)) -> 20 | F40: =ROUND(SUM(B40:E40),9) -> 69
A41: U | B41: =INDEX('Transition Stepwise'!$F$2:$F$1137,MATCH(5&"|"&$A41&"|"&B$37,'Transition Stepwise'!$E$2:$E$1137,0)) -> 0 | C41: =INDEX('Transition Stepwise'!$F$2:$F$1137,MATCH(5&"|"&$A41&"|"&C$37,'Transition Stepwise'!$E$2:$E$1137,0)) -> 8 | D41: =INDEX('Transition Stepwise'!$F$2:$F$1137,MATCH(5&"|"&$A41&"|"&D$37,'Transition Stepwise'!$E$2:$E$1137,0)) -> 8 | E41: =INDEX('Transition Stepwise'!$F$2:$F$1137,MATCH(5&"|"&$A41&"|"&E$37,'Transition Stepwise'!$E$2:$E$1137,0)) -> 5 | F41: =ROUND(SUM(B41:E41),9) -> 21
A44: Transition 6 -> 7
A45: FROM \ TO | B45: A | C45: C | D45: G | E45: U | F45: Row total
A46: A | B46: =INDEX('Transition Stepwise'!$F$2:$F$1137,MATCH(6&"|"&$A46&"|"&B$45,'Transition Stepwise'!$E$2:$E$1137,0)) -> 9 | C46: =INDEX('Transition Stepwise'!$F$2:$F$1137,MATCH(6&"|"&$A46&"|"&C$45,'Transition Stepwise'!$E$2:$E$1137,0)) -> 1 | D46: =INDEX('Transition Stepwise'!$F$2:$F$1137,MATCH(6&"|"&$A46&"|"&D$45,'Transition Stepwise'!$E$2:$E$1137,0)) -> 14 | E46: =INDEX('Transition Stepwise'!$F$2:$F$1137,MATCH(6&"|"&$A46&"|"&E$45,'Transition Stepwise'!$E$2:$E$1137,0)) -> 10 | F46: =ROUND(SUM(B46:E46),9) -> 34
A47: C | B47: =INDEX('Transition Stepwise'!$F$2:$F$1137,MATCH(6&"|"&$A47&"|"&B$45,'Transition Stepwise'!$E$2:$E$1137,0)) -> 8 | C47: =INDEX('Transition Stepwise'!$F$2:$F$1137,MATCH(6&"|"&$A47&"|"&C$45,'Transition Stepwise'!$E$2:$E$1137,0)) -> 1 | D47: =INDEX('Transition Stepwise'!$F$2:$F$1137,MATCH(6&"|"&$A47&"|"&D$45,'Transition Stepwise'!$E$2:$E$1137,0)) -> 39 | E47: =INDEX('Transition Stepwise'!$F$2:$F$1137,MATCH(6&"|"&$A47&"|"&E$45,'Transition Stepwise'!$E$2:$E$1137,0)) -> 17 | F47: =ROUND(SUM(B47:E47),9) -> 65
A48: G | B48: =INDEX('Transition Stepwise'!$F$2:$F$1137,MATCH(6&"|"&$A48&"|"&B$45,'Transition Stepwise'!$E$2:$E$1137,0)) -> 11 | C48: =INDEX('Transition Stepwise'!$F$2:$F$1137,MATCH(6&"|"&$A48&"|"&C$45,'Transition Stepwise'!$E$2:$E$1137,0)) -> 1 | D48: =INDEX('Transition Stepwise'!$F$2:$F$1137,MATCH(6&"|"&$A48&"|"&D$45,'Transition Stepwise'!$E$2:$E$1137,0)) -> 23 | E48: =INDEX('Transition Stepwise'!$F$2:$F$1137,MATCH(6&"|"&$A48&"|"&E$45,'Transition Stepwise'!$E$2:$E$1137,0)) -> 13 | F48: =ROUND(SUM(B48:E48),9) -> 48
A49: U | B49: =INDEX('Transition Stepwise'!$F$2:$F$1137,MATCH(6&"|"&$A49&"|"&B$45,'Transition Stepwise'!$E$2:$E$1137,0)) -> 20 | C49: =INDEX('Transition Stepwise'!$F$2:$F$1137,MATCH(6&"|"&$A49&"|"&C$45,'Transition Stepwise'!$E$2:$E$1137,0)) -> 0 | D49: =INDEX('Transition Stepwise'!$F$2:$F$1137,MATCH(6&"|"&$A49&"|"&D$45,'Transition Stepwise'!$E$2:$E$1137,0)) -> 29 | E49: =INDEX('Transition Stepwise'!$F$2:$F$1137,MATCH(6&"|"&$A49&"|"&E$45,'Transition Stepwise'!$E$2:$E$1137,0)) -> 4 | F49: =ROUND(SUM(B49:E49),9) -> 53
A52: Transition 7 -> 8
A53: FROM \ TO | B53: A | C53: C | D53: G | E53: U | F53: Row total
A54: A | B54: =INDEX('Transition Stepwise'!$F$2:$F$1137,MATCH(7&"|"&$A54&"|"&B$53,'Transition Stepwise'!$E$2:$E$1137,0)) -> 1 | C54: =INDEX('Transition Stepwise'!$F$2:$F$1137,MATCH(7&"|"&$A54&"|"&C$53,'Transition Stepwise'!$E$2:$E$1137,0)) -> 0 | D54: =INDEX('Transition Stepwise'!$F$2:$F$1137,MATCH(7&"|"&$A54&"|"&D$53,'Transition Stepwise'!$E$2:$E$1137,0)) -> 0 | E54: =INDEX('Transition Stepwise'!$F$2:$F$1137,MATCH(7&"|"&$A54&"|"&E$53,'Transition Stepwise'!$E$2:$E$1137,0)) -> 47 | F54: =ROUND(SUM(B54:E54),9) -> 48
A55: C | B55: =INDEX('Transition Stepwise'!$F$2:$F$1137,MATCH(7&"|"&$A55&"|"&B$53,'Transition Stepwise'!$E$2:$E$1137,0)) -> 0 | C55: =INDEX('Transition Stepwise'!$F$2:$F$1137,MATCH(7&"|"&$A55&"|"&C$53,'Transition Stepwise'!$E$2:$E$1137,0)) -> 0 | D55: =INDEX('Transition Stepwise'!$F$2:$F$1137,MATCH(7&"|"&$A55&"|"&D$53,'Transition Stepwise'!$E$2:$E$1137,0)) -> 0 | E55: =INDEX('Transition Stepwise'!$F$2:$F$1137,MATCH(7&"|"&$A55&"|"&E$53,'Transition Stepwise'!$E$2:$E$1137,0)) -> 3 | F55: =ROUND(SUM(B55:E55),9) -> 3
A56: G | B56: =INDEX('Transition Stepwise'!$F$2:$F$1137,MATCH(7&"|"&$A56&"|"&B$53,'Transition Stepwise'!$E$2:$E$1137,0)) -> 0 | C56: =INDEX('Transition Stepwise'!$F$2:$F$1137,MATCH(7&"|"&$A56&"|"&C$53,'Transition Stepwise'!$E$2:$E$1137,0)) -> 0 | D56: =INDEX('Transition Stepwise'!$F$2:$F$1137,MATCH(7&"|"&$A56&"|"&D$53,'Transition Stepwise'!$E$2:$E$1137,0)) -> 1 | E56: =INDEX('Transition Stepwise'!$F$2:$F$1137,MATCH(7&"|"&$A56&"|"&E$53,'Transition Stepwise'!$E$2:$E$1137,0)) -> 104 | F56: =ROUND(SUM(B56:E56),9) -> 105
A57: U | B57: =INDEX('Transition Stepwise'!$F$2:$F$1137,MATCH(7&"|"&$A57&"|"&B$53,'Transition Stepwise'!$E$2:$E$1137,0)) -> 0 | C57: =INDEX('Transition Stepwise'!$F$2:$F$1137,MATCH(7&"|"&$A57&"|"&C$53,'Transition Stepwise'!$E$2:$E$1137,0)) -> 0 | D57: =INDEX('Transition Stepwise'!$F$2:$F$1137,MATCH(7&"|"&$A57&"|"&D$53,'Transition Stepwise'!$E$2:$E$1137,0)) -> 0 | E57: =INDEX('Transition Stepwise'!$F$2:$F$1137,MATCH(7&"|"&$A57&"|"&E$53,'Transition Stepwise'!$E$2:$E$1137,0)) -> 44 | F57: =ROUND(SUM(B57:E57),9) -> 44
A60: Transition 8 -> 9
A61: FROM \ TO | B61: A | C61: C | D61: G | E61: U | F61: Row total
A62: A | B62: =INDEX('Transition Stepwise'!$F$2:$F$1137,MATCH(8&"|"&$A62&"|"&B$61,'Transition Stepwise'!$E$2:$E$1137,0)) -> 1 | C62: =INDEX('Transition Stepwise'!$F$2:$F$1137,MATCH(8&"|"&$A62&"|"&C$61,'Transition Stepwise'!$E$2:$E$1137,0)) -> 0 | D62: =INDEX('Transition Stepwise'!$F$2:$F$1137,MATCH(8&"|"&$A62&"|"&D$61,'Transition Stepwise'!$E$2:$E$1137,0)) -> 0 | E62: =INDEX('Transition Stepwise'!$F$2:$F$1137,MATCH(8&"|"&$A62&"|"&E$61,'Transition Stepwise'!$E$2:$E$1137,0)) -> 0 | F62: =ROUND(SUM(B62:E62),9) -> 1
A63: C | B63: =INDEX('Transition Stepwise'!$F$2:$F$1137,MATCH(8&"|"&$A63&"|"&B$61,'Transition Stepwise'!$E$2:$E$1137,0)) -> 0 | C63: =INDEX('Transition Stepwise'!$F$2:$F$1137,MATCH(8&"|"&$A63&"|"&C$61,'Transition Stepwise'!$E$2:$E$1137,0)) -> 0 | D63: =INDEX('Transition Stepwise'!$F$2:$F$1137,MATCH(8&"|"&$A63&"|"&D$61,'Transition Stepwise'!$E$2:$E$1137,0)) -> 0 | E63: =INDEX('Transition Stepwise'!$F$2:$F$1137,MATCH(8&"|"&$A63&"|"&E$61,'Transition Stepwise'!$E$2:$E$1137,0)) -> 0 | F63: =ROUND(SUM(B63:E63),9) -> 0
A64: G | B64: =INDEX('Transition Stepwise'!$F$2:$F$1137,MATCH(8&"|"&$A64&"|"&B$61,'Transition Stepwise'!$E$2:$E$1137,0)) -> 0 | C64: =INDEX('Transition Stepwise'!$F$2:$F$1137,MATCH(8&"|"&$A64&"|"&C$61,'Transition Stepwise'!$E$2:$E$1137,0)) -> 1 | D64: =INDEX('Transition Stepwise'!$F$2:$F$1137,MATCH(8&"|"&$A64&"|"&D$61,'Transition Stepwise'!$E$2:$E$1137,0)) -> 0 | E64: =INDEX('Transition Stepwise'!$F$2:$F$1137,MATCH(8&"|"&$A64&"|"&E$61,'Transition Stepwise'!$E$2:$E$1137,0)) -> 0 | F64: =ROUND(SUM(B64:E64),9) -> 1
A65: U | B65: =INDEX('Transition Stepwise'!$F$2:$F$1137,MATCH(8&"|"&$A65&"|"&B$61,'Transition Stepwise'!$E$2:$E$1137,0)) -> 130 | C65: =INDEX('Transition Stepwise'!$F$2:$F$1137,MATCH(8&"|"&$A65&"|"&C$61,'Transition Stepwise'!$E$2:$E$1137,0)) -> 6 | D65: =INDEX('Transition Stepwise'!$F$2:$F$1137,MATCH(8&"|"&$A65&"|"&D$61,'Transition Stepwise'!$E$2:$E$1137,0)) -> 61 | E65: =INDEX('Transition Stepwise'!$F$2:$F$1137,MATCH(8&"|"&$A65&"|"&E$61,'Transition Stepwise'!$E$2:$E$1137,0)) -> 0 | F65: =ROUND(SUM(B65:E65),9) -> 197
A68: Transition 9 -> 10
A69: FROM \ TO | B69: A | C69: C | D69: G | E69: U | F69: Row total
A70: A | B70: =INDEX('Transition Stepwise'!$F$2:$F$1137,MATCH(9&"|"&$A70&"|"&B$69,'Transition Stepwise'!$E$2:$E$1137,0)) -> 0 | C70: =INDEX('Transition Stepwise'!$F$2:$F$1137,MATCH(9&"|"&$A70&"|"&C$69,'Transition Stepwise'!$E$2:$E$1137,0)) -> 2 | D70: =INDEX('Transition Stepwise'!$F$2:$F$1137,MATCH(9&"|"&$A70&"|"&D$69,'Transition Stepwise'!$E$2:$E$1137,0)) -> 129 | E70: =INDEX('Transition Stepwise'!$F$2:$F$1137,MATCH(9&"|"&$A70&"|"&E$69,'Transition Stepwise'!$E$2:$E$1137,0)) -> 0 | F70: =ROUND(SUM(B70:E70),9) -> 131
A71: C | B71: =INDEX('Transition Stepwise'!$F$2:$F$1137,MATCH(9&"|"&$A71&"|"&B$69,'Transition Stepwise'!$E$2:$E$1137,0)) -> 0 | C71: =INDEX('Transition Stepwise'!$F$2:$F$1137,MATCH(9&"|"&$A71&"|"&C$69,'Transition Stepwise'!$E$2:$E$1137,0)) -> 0 | D71: =INDEX('Transition Stepwise'!$F$2:$F$1137,MATCH(9&"|"&$A71&"|"&D$69,'Transition Stepwise'!$E$2:$E$1137,0)) -> 7 | E71: =INDEX('Transition Stepwise'!$F$2:$F$1137,MATCH(9&"|"&$A71&"|"&E$69,'Transition Stepwise'!$E$2:$E$1137,0)) -> 0 | F71: =ROUND(SUM(B71:E71),9) -> 7
A72: G | B72: =INDEX('Transition Stepwise'!$F$2:$F$1137,MATCH(9&"|"&$A72&"|"&B$69,'Transition Stepwise'!$E$2:$E$1137,0)) -> 0 | C72: =INDEX('Transition Stepwise'!$F$2:$F$1137,MATCH(9&"|"&$A72&"|"&C$69,'Transition Stepwise'!$E$2:$E$1137,0)) -> 6 | D72: =INDEX('Transition Stepwise'!$F$2:$F$1137,MATCH(9&"|"&$A72&"|"&D$69,'Transition Stepwise'!$E$2:$E$1137,0)) -> 55 | E72: =INDEX('Transition Stepwise'!$F$2:$F$1137,MATCH(9&"|"&$A72&"|"&E$69,'Transition Stepwise'!$E$2:$E$1137,0)) -> 0 | F72: =ROUND(SUM(B72:E72),9) -> 61
A73: U | B73: =INDEX('Transition Stepwise'!$F$2:$F$1137,MATCH(9&"|"&$A73&"|"&B$69,'Transition Stepwise'!$E$2:$E$1137,0)) -> 0 | C73: =INDEX('Transition Stepwise'!$F$2:$F$1137,MATCH(9&"|"&$A73&"|"&C$69,'Transition Stepwise'!$E$2:$E$1137,0)) -> 0 | D73: =INDEX('Transition Stepwise'!$F$2:$F$1137,MATCH(9&"|"&$A73&"|"&D$69,'Transition Stepwise'!$E$2:$E$1137,0)) -> 0 | E73: =INDEX('Transition Stepwise'!$F$2:$F$1137,MATCH(9&"|"&$A73&"|"&E$69,'Transition Stepwise'!$E$2:$E$1137,0)) -> 0 | F73: =ROUND(SUM(B73:E73),9) -> 0
A76: Transition 10 -> 11
A77: FROM \ TO | B77: A | C77: C | D77: G | E77: U | F77: Row total
A78: A | B78: =INDEX('Transition Stepwise'!$F$2:$F$1137,MATCH(10&"|"&$A78&"|"&B$77,'Transition Stepwise'!$E$2:$E$1137,0)) -> 0 | C78: =INDEX('Transition Stepwise'!$F$2:$F$1137,MATCH(10&"|"&$A78&"|"&C$77,'Transition Stepwise'!$E$2:$E$1137,0)) -> 0 | D78: =INDEX('Transition Stepwise'!$F$2:$F$1137,MATCH(10&"|"&$A78&"|"&D$77,'Transition Stepwise'!$E$2:$E$1137,0)) -> 0 | E78: =INDEX('Transition Stepwise'!$F$2:$F$1137,MATCH(10&"|"&$A78&"|"&E$77,'Transition Stepwise'!$E$2:$E$1137,0)) -> 0 | F78: =ROUND(SUM(B78:E78),9) -> 0
A79: C | B79: =INDEX('Transition Stepwise'!$F$2:$F$1137,MATCH(10&"|"&$A79&"|"&B$77,'Transition Stepwise'!$E$2:$E$1137,0)) -> 0 | C79: =INDEX('Transition Stepwise'!$F$2:$F$1137,MATCH(10&"|"&$A79&"|"&C$77,'Transition Stepwise'!$E$2:$E$1137,0)) -> 6 | D79: =INDEX('Transition Stepwise'!$F$2:$F$1137,MATCH(10&"|"&$A79&"|"&D$77,'Transition Stepwise'!$E$2:$E$1137,0)) -> 1 | E79: =INDEX('Transition Stepwise'!$F$2:$F$1137,MATCH(10&"|"&$A79&"|"&E$77,'Transition Stepwise'!$E$2:$E$1137,0)) -> 1 | F79: =ROUND(SUM(B79:E79),9) -> 8
A80: G | B80: =INDEX('Transition Stepwise'!$F$2:$F$1137,MATCH(10&"|"&$A80&"|"&B$77,'Transition Stepwise'!$E$2:$E$1137,0)) -> 7 | C80: =INDEX('Transition Stepwise'!$F$2:$F$1137,MATCH(10&"|"&$A80&"|"&C$77,'Transition Stepwise'!$E$2:$E$1137,0)) -> 141 | D80: =INDEX('Transition Stepwise'!$F$2:$F$1137,MATCH(10&"|"&$A80&"|"&D$77,'Transition Stepwise'!$E$2:$E$1137,0)) -> 5 | E80: =INDEX('Transition Stepwise'!$F$2:$F$1137,MATCH(10&"|"&$A80&"|"&E$77,'Transition Stepwise'!$E$2:$E$1137,0)) -> 39 | F80: =ROUND(SUM(B80:E80),9) -> 192
A81: U | B81: =INDEX('Transition Stepwise'!$F$2:$F$1137,MATCH(10&"|"&$A81&"|"&B$77,'Transition Stepwise'!$E$2:$E$1137,0)) -> 0 | C81: =INDEX('Transition Stepwise'!$F$2:$F$1137,MATCH(10&"|"&$A81&"|"&C$77,'Transition Stepwise'!$E$2:$E$1137,0)) -> 0 | D81: =INDEX('Transition Stepwise'!$F$2:$F$1137,MATCH(10&"|"&$A81&"|"&D$77,'Transition Stepwise'!$E$2:$E$1137,0)) -> 0 | E81: =INDEX('Transition Stepwise'!$F$2:$F$1137,MATCH(10&"|"&$A81&"|"&E$77,'Transition Stepwise'!$E$2:$E$1137,0)) -> 0 | F81: =ROUND(SUM(B81:E81),9) -> 0
A84: Transition 11 -> 12
A85: FROM \ TO | B85: A | C85: C | D85: G | E85: U | F85: Row total
A86: A | B86: =INDEX('Transition Stepwise'!$F$2:$F$1137,MATCH(11&"|"&$A86&"|"&B$85,'Transition Stepwise'!$E$2:$E$1137,0)) -> 0 | C86: =INDEX('Transition Stepwise'!$F$2:$F$1137,MATCH(11&"|"&$A86&"|"&C$85,'Transition Stepwise'!$E$2:$E$1137,0)) -> 0 | D86: =INDEX('Transition Stepwise'!$F$2:$F$1137,MATCH(11&"|"&$A86&"|"&D$85,'Transition Stepwise'!$E$2:$E$1137,0)) -> 4 | E86: =INDEX('Transition Stepwise'!$F$2:$F$1137,MATCH(11&"|"&$A86&"|"&E$85,'Transition Stepwise'!$E$2:$E$1137,0)) -> 3 | F86: =ROUND(SUM(B86:E86),9) -> 7
A87: C | B87: =INDEX('Transition Stepwise'!$F$2:$F$1137,MATCH(11&"|"&$A87&"|"&B$85,'Transition Stepwise'!$E$2:$E$1137,0)) -> 6 | C87: =INDEX('Transition Stepwise'!$F$2:$F$1137,MATCH(11&"|"&$A87&"|"&C$85,'Transition Stepwise'!$E$2:$E$1137,0)) -> 17 | D87: =INDEX('Transition Stepwise'!$F$2:$F$1137,MATCH(11&"|"&$A87&"|"&D$85,'Transition Stepwise'!$E$2:$E$1137,0)) -> 19 | E87: =INDEX('Transition Stepwise'!$F$2:$F$1137,MATCH(11&"|"&$A87&"|"&E$85,'Transition Stepwise'!$E$2:$E$1137,0)) -> 105 | F87: =ROUND(SUM(B87:E87),9) -> 147
A88: G | B88: =INDEX('Transition Stepwise'!$F$2:$F$1137,MATCH(11&"|"&$A88&"|"&B$85,'Transition Stepwise'!$E$2:$E$1137,0)) -> 2 | C88: =INDEX('Transition Stepwise'!$F$2:$F$1137,MATCH(11&"|"&$A88&"|"&C$85,'Transition Stepwise'!$E$2:$E$1137,0)) -> 0 | D88: =INDEX('Transition Stepwise'!$F$2:$F$1137,MATCH(11&"|"&$A88&"|"&D$85,'Transition Stepwise'!$E$2:$E$1137,0)) -> 3 | E88: =INDEX('Transition Stepwise'!$F$2:$F$1137,MATCH(11&"|"&$A88&"|"&E$85,'Transition Stepwise'!$E$2:$E$1137,0)) -> 1 | F88: =ROUND(SUM(B88:E88),9) -> 6
A89: U | B89: =INDEX('Transition Stepwise'!$F$2:$F$1137,MATCH(11&"|"&$A89&"|"&B$85,'Transition Stepwise'!$E$2:$E$1137,0)) -> 5 | C89: =INDEX('Transition Stepwise'!$F$2:$F$1137,MATCH(11&"|"&$A89&"|"&C$85,'Transition Stepwise'!$E$2:$E$1137,0)) -> 12 | D89: =INDEX('Transition Stepwise'!$F$2:$F$1137,MATCH(11&"|"&$A89&"|"&D$85,'Transition Stepwise'!$E$2:$E$1137,0)) -> 12 | E89: =INDEX('Transition Stepwise'!$F$2:$F$1137,MATCH(11&"|"&$A89&"|"&E$85,'Transition Stepwise'!$E$2:$E$1137,0)) -> 11 | F89: =ROUND(SUM(B89:E89),9) -> 40
A92: Transition 12 -> 13
A93: FROM \ TO | B93: A | C93: C | D93: G | E93: U | F93: Row total
A94: A | B94: =INDEX('Transition Stepwise'!$F$2:$F$1137,MATCH(12&"|"&$A94&"|"&B$93,'Transition Stepwise'!$E$2:$E$1137,0)) -> 0 | C94: =INDEX('Transition Stepwise'!$F$2:$F$1137,MATCH(12&"|"&$A94&"|"&C$93,'Transition Stepwise'!$E$2:$E$1137,0)) -> 0 | D94: =INDEX('Transition Stepwise'!$F$2:$F$1137,MATCH(12&"|"&$A94&"|"&D$93,'Transition Stepwise'!$E$2:$E$1137,0)) -> 6 | E94: =INDEX('Transition Stepwise'!$F$2:$F$1137,MATCH(12&"|"&$A94&"|"&E$93,'Transition Stepwise'!$E$2:$E$1137,0)) -> 7 | F94: =ROUND(SUM(B94:E94),9) -> 13
A95: C | B95: =INDEX('Transition Stepwise'!$F$2:$F$1137,MATCH(12&"|"&$A95&"|"&B$93,'Transition Stepwise'!$E$2:$E$1137,0)) -> 7 | C95: =INDEX('Transition Stepwise'!$F$2:$F$1137,MATCH(12&"|"&$A95&"|"&C$93,'Transition Stepwise'!$E$2:$E$1137,0)) -> 4 | D95: =INDEX('Transition Stepwise'!$F$2:$F$1137,MATCH(12&"|"&$A95&"|"&D$93,'Transition Stepwise'!$E$2:$E$1137,0)) -> 7 | E95: =INDEX('Transition Stepwise'!$F$2:$F$1137,MATCH(12&"|"&$A95&"|"&E$93,'Transition Stepwise'!$E$2:$E$1137,0)) -> 11 | F95: =ROUND(SUM(B95:E95),9) -> 29
A96: G | B96: =INDEX('Transition Stepwise'!$F$2:$F$1137,MATCH(12&"|"&$A96&"|"&B$93,'Transition Stepwise'!$E$2:$E$1137,0)) -> 5 | C96: =INDEX('Transition Stepwise'!$F$2:$F$1137,MATCH(12&"|"&$A96&"|"&C$93,'Transition Stepwise'!$E$2:$E$1137,0)) -> 19 | D96: =INDEX('Transition Stepwise'!$F$2:$F$1137,MATCH(12&"|"&$A96&"|"&D$93,'Transition Stepwise'!$E$2:$E$1137,0)) -> 5 | E96: =INDEX('Transition Stepwise'!$F$2:$F$1137,MATCH(12&"|"&$A96&"|"&E$93,'Transition Stepwise'!$E$2:$E$1137,0)) -> 9 | F96: =ROUND(SUM(B96:E96),9) -> 38
A97: U | B97: =INDEX('Transition Stepwise'!$F$2:$F$1137,MATCH(12&"|"&$A97&"|"&B$93,'Transition Stepwise'!$E$2:$E$1137,0)) -> 1 | C97: =INDEX('Transition Stepwise'!$F$2:$F$1137,MATCH(12&"|"&$A97&"|"&C$93,'Transition Stepwise'!$E$2:$E$1137,0)) -> 107 | D97: =INDEX('Transition Stepwise'!$F$2:$F$1137,MATCH(12&"|"&$A97&"|"&D$93,'Transition Stepwise'!$E$2:$E$1137,0)) -> 1 | E97: =INDEX('Transition Stepwise'!$F$2:$F$1137,MATCH(12&"|"&$A97&"|"&E$93,'Transition Stepwise'!$E$2:$E$1137,0)) -> 11 | F97: =ROUND(SUM(B97:E97),9) -> 120
A100: Transition 13 -> 14
A101: FROM \ TO | B101: A | C101: C | D101: G | E101: U | F101: Row total
A102: A | B102: =INDEX('Transition Stepwise'!$F$2:$F$1137,MATCH(13&"|"&$A102&"|"&B$101,'Transition Stepwise'!$E$2:$E$1137,0)) -> 12 | C102: =INDEX('Transition Stepwise'!$F$2:$F$1137,MATCH(13&"|"&$A102&"|"&C$101,'Transition Stepwise'!$E$2:$E$1137,0)) -> 0 | D102: =INDEX('Transition Stepwise'!$F$2:$F$1137,MATCH(13&"|"&$A102&"|"&D$101,'Transition Stepwise'!$E$2:$E$1137,0)) -> 1 | E102: =INDEX('Transition Stepwise'!$F$2:$F$1137,MATCH(13&"|"&$A102&"|"&E$101,'Transition Stepwise'!$E$2:$E$1137,0)) -> 0 | F102: =ROUND(SUM(B102:E102),9) -> 13
A103: C | B103: =INDEX('Transition Stepwise'!$F$2:$F$1137,MATCH(13&"|"&$A103&"|"&B$101,'Transition Stepwise'!$E$2:$E$1137,0)) -> 129 | C103: =INDEX('Transition Stepwise'!$F$2:$F$1137,MATCH(13&"|"&$A103&"|"&C$101,'Transition Stepwise'!$E$2:$E$1137,0)) -> 1 | D103: =INDEX('Transition Stepwise'!$F$2:$F$1137,MATCH(13&"|"&$A103&"|"&D$101,'Transition Stepwise'!$E$2:$E$1137,0)) -> 0 | E103: =INDEX('Transition Stepwise'!$F$2:$F$1137,MATCH(13&"|"&$A103&"|"&E$101,'Transition Stepwise'!$E$2:$E$1137,0)) -> 0 | F103: =ROUND(SUM(B103:E103),9) -> 130
A104: G | B104: =INDEX('Transition Stepwise'!$F$2:$F$1137,MATCH(13&"|"&$A104&"|"&B$101,'Transition Stepwise'!$E$2:$E$1137,0)) -> 19 | C104: =INDEX('Transition Stepwise'!$F$2:$F$1137,MATCH(13&"|"&$A104&"|"&C$101,'Transition Stepwise'!$E$2:$E$1137,0)) -> 0 | D104: =INDEX('Transition Stepwise'!$F$2:$F$1137,MATCH(13&"|"&$A104&"|"&D$101,'Transition Stepwise'!$E$2:$E$1137,0)) -> 0 | E104: =INDEX('Transition Stepwise'!$F$2:$F$1137,MATCH(13&"|"&$A104&"|"&E$101,'Transition Stepwise'!$E$2:$E$1137,0)) -> 0 | F104: =ROUND(SUM(B104:E104),9) -> 19
A105: U | B105: =INDEX('Transition Stepwise'!$F$2:$F$1137,MATCH(13&"|"&$A105&"|"&B$101,'Transition Stepwise'!$E$2:$E$1137,0)) -> 38 | C105: =INDEX('Transition Stepwise'!$F$2:$F$1137,MATCH(13&"|"&$A105&"|"&C$101,'Transition Stepwise'!$E$2:$E$1137,0)) -> 0 | D105: =INDEX('Transition Stepwise'!$F$2:$F$1137,MATCH(13&"|"&$A105&"|"&D$101,'Transition Stepwise'!$E$2:$E$1137,0)) -> 0 | E105: =INDEX('Transition Stepwise'!$F$2:$F$1137,MATCH(13&"|"&$A105&"|"&E$101,'Transition Stepwise'!$E$2:$E$1137,0)) -> 0 | F105: =ROUND(SUM(B105:E105),9) -> 38
A108: Transition 14 -> 15
A109: FROM \ TO | B109: A | C109: C | D109: G | E109: U | F109: Row total
A110: A | B110: =INDEX('Transition Stepwise'!$F$2:$F$1137,MATCH(14&"|"&$A110&"|"&B$109,'Transition Stepwise'!$E$2:$E$1137,0)) -> 32 | C110: =INDEX('Transition Stepwise'!$F$2:$F$1137,MATCH(14&"|"&$A110&"|"&C$109,'Transition Stepwise'!$E$2:$E$1137,0)) -> 1 | D110: =INDEX('Transition Stepwise'!$F$2:$F$1137,MATCH(14&"|"&$A110&"|"&D$109,'Transition Stepwise'!$E$2:$E$1137,0)) -> 162 | E110: =INDEX('Transition Stepwise'!$F$2:$F$1137,MATCH(14&"|"&$A110&"|"&E$109,'Transition Stepwise'!$E$2:$E$1137,0)) -> 2 | F110: =ROUND(SUM(B110:E110),9) -> 197
A111: C | B111: =INDEX('Transition Stepwise'!$F$2:$F$1137,MATCH(14&"|"&$A111&"|"&B$109,'Transition Stepwise'!$E$2:$E$1137,0)) -> 1 | C111: =INDEX('Transition Stepwise'!$F$2:$F$1137,MATCH(14&"|"&$A111&"|"&C$109,'Transition Stepwise'!$E$2:$E$1137,0)) -> 0 | D111: =INDEX('Transition Stepwise'!$F$2:$F$1137,MATCH(14&"|"&$A111&"|"&D$109,'Transition Stepwise'!$E$2:$E$1137,0)) -> 0 | E111: =INDEX('Transition Stepwise'!$F$2:$F$1137,MATCH(14&"|"&$A111&"|"&E$109,'Transition Stepwise'!$E$2:$E$1137,0)) -> 0 | F111: =ROUND(SUM(B111:E111),9) -> 1
A112: G | B112: =INDEX('Transition Stepwise'!$F$2:$F$1137,MATCH(14&"|"&$A112&"|"&B$109,'Transition Stepwise'!$E$2:$E$1137,0)) -> 0 | C112: =INDEX('Transition Stepwise'!$F$2:$F$1137,MATCH(14&"|"&$A112&"|"&C$109,'Transition Stepwise'!$E$2:$E$1137,0)) -> 1 | D112: =INDEX('Transition Stepwise'!$F$2:$F$1137,MATCH(14&"|"&$A112&"|"&D$109,'Transition Stepwise'!$E$2:$E$1137,0)) -> 0 | E112: =INDEX('Transition Stepwise'!$F$2:$F$1137,MATCH(14&"|"&$A112&"|"&E$109,'Transition Stepwise'!$E$2:$E$1137,0)) -> 0 | F112: =ROUND(SUM(B112:E112),9) -> 1
A113: U | B113: =INDEX('Transition Stepwise'!$F$2:$F$1137,MATCH(14&"|"&$A113&"|"&B$109,'Transition Stepwise'!$E$2:$E$1137,0)) -> 0 | C113: =INDEX('Transition Stepwise'!$F$2:$F$1137,MATCH(14&"|"&$A113&"|"&C$109,'Transition Stepwise'!$E$2:$E$1137,0)) -> 0 | D113: =INDEX('Transition Stepwise'!$F$2:$F$1137,MATCH(14&"|"&$A113&"|"&D$109,'Transition Stepwise'!$E$2:$E$1137,0)) -> 0 | E113: =INDEX('Transition Stepwise'!$F$2:$F$1137,MATCH(14&"|"&$A113&"|"&E$109,'Transition Stepwise'!$E$2:$E$1137,0)) -> 0 | F113: =ROUND(SUM(B113:E113),9) -> 0
A116: Transition 15 -> 16
A117: FROM \ TO | B117: A | C117: C | D117: G | E117: U | F117: Row total
A118: A | B118: =INDEX('Transition Stepwise'!$F$2:$F$1137,MATCH(15&"|"&$A118&"|"&B$117,'Transition Stepwise'!$E$2:$E$1137,0)) -> 1 | C118: =INDEX('Transition Stepwise'!$F$2:$F$1137,MATCH(15&"|"&$A118&"|"&C$117,'Transition Stepwise'!$E$2:$E$1137,0)) -> 1 | D118: =INDEX('Transition Stepwise'!$F$2:$F$1137,MATCH(15&"|"&$A118&"|"&D$117,'Transition Stepwise'!$E$2:$E$1137,0)) -> 0 | E118: =INDEX('Transition Stepwise'!$F$2:$F$1137,MATCH(15&"|"&$A118&"|"&E$117,'Transition Stepwise'!$E$2:$E$1137,0)) -> 15 | F118: =ROUND(SUM(B118:E118),9) -> 17
A119: C | B119: =INDEX('Transition Stepwise'!$F$2:$F$1137,MATCH(15&"|"&$A119&"|"&B$117,'Transition Stepwise'!$E$2:$E$1137,0)) -> 0 | C119: =INDEX('Transition Stepwise'!$F$2:$F$1137,MATCH(15&"|"&$A119&"|"&C$117,'Transition Stepwise'!$E$2:$E$1137,0)) -> 0 | D119: =INDEX('Transition Stepwise'!$F$2:$F$1137,MATCH(15&"|"&$A119&"|"&D$117,'Transition Stepwise'!$E$2:$E$1137,0)) -> 0 | E119: =INDEX('Transition Stepwise'!$F$2:$F$1137,MATCH(15&"|"&$A119&"|"&E$117,'Transition Stepwise'!$E$2:$E$1137,0)) -> 1 | F119: =ROUND(SUM(B119:E119),9) -> 1
A120: G | B120: =INDEX('Transition Stepwise'!$F$2:$F$1137,MATCH(15&"|"&$A120&"|"&B$117,'Transition Stepwise'!$E$2:$E$1137,0)) -> 2 | C120: =INDEX('Transition Stepwise'!$F$2:$F$1137,MATCH(15&"|"&$A120&"|"&C$117,'Transition Stepwise'!$E$2:$E$1137,0)) -> 46 | D120: =INDEX('Transition Stepwise'!$F$2:$F$1137,MATCH(15&"|"&$A120&"|"&D$117,'Transition Stepwise'!$E$2:$E$1137,0)) -> 3 | E120: =INDEX('Transition Stepwise'!$F$2:$F$1137,MATCH(15&"|"&$A120&"|"&E$117,'Transition Stepwise'!$E$2:$E$1137,0)) -> 63 | F120: =ROUND(SUM(B120:E120),9) -> 114
A121: U | B121: =INDEX('Transition Stepwise'!$F$2:$F$1137,MATCH(15&"|"&$A121&"|"&B$117,'Transition Stepwise'!$E$2:$E$1137,0)) -> 0 | C121: =INDEX('Transition Stepwise'!$F$2:$F$1137,MATCH(15&"|"&$A121&"|"&C$117,'Transition Stepwise'!$E$2:$E$1137,0)) -> 1 | D121: =INDEX('Transition Stepwise'!$F$2:$F$1137,MATCH(15&"|"&$A121&"|"&D$117,'Transition Stepwise'!$E$2:$E$1137,0)) -> 0 | E121: =INDEX('Transition Stepwise'!$F$2:$F$1137,MATCH(15&"|"&$A121&"|"&E$117,'Transition Stepwise'!$E$2:$E$1137,0)) -> 0 | F121: =ROUND(SUM(B121:E121),9) -> 1
A124: Transition 16 -> 17
A125: FROM \ TO | B125: A | C125: C | D125: G | E125: U | F125: Row total
A126: A | B126: =INDEX('Transition Stepwise'!$F$2:$F$1137,MATCH(16&"|"&$A126&"|"&B$125,'Transition Stepwise'!$E$2:$E$1137,0)) -> 0 | C126: =INDEX('Transition Stepwise'!$F$2:$F$1137,MATCH(16&"|"&$A126&"|"&C$125,'Transition Stepwise'!$E$2:$E$1137,0)) -> 1 | D126: =INDEX('Transition Stepwise'!$F$2:$F$1137,MATCH(16&"|"&$A126&"|"&D$125,'Transition Stepwise'!$E$2:$E$1137,0)) -> 0 | E126: =INDEX('Transition Stepwise'!$F$2:$F$1137,MATCH(16&"|"&$A126&"|"&E$125,'Transition Stepwise'!$E$2:$E$1137,0)) -> 2 | F126: =ROUND(SUM(B126:E126),9) -> 3
A127: C | B127: =INDEX('Transition Stepwise'!$F$2:$F$1137,MATCH(16&"|"&$A127&"|"&B$125,'Transition Stepwise'!$E$2:$E$1137,0)) -> 1 | C127: =INDEX('Transition Stepwise'!$F$2:$F$1137,MATCH(16&"|"&$A127&"|"&C$125,'Transition Stepwise'!$E$2:$E$1137,0)) -> 22 | D127: =INDEX('Transition Stepwise'!$F$2:$F$1137,MATCH(16&"|"&$A127&"|"&D$125,'Transition Stepwise'!$E$2:$E$1137,0)) -> 0 | E127: =INDEX('Transition Stepwise'!$F$2:$F$1137,MATCH(16&"|"&$A127&"|"&E$125,'Transition Stepwise'!$E$2:$E$1137,0)) -> 24 | F127: =ROUND(SUM(B127:E127),9) -> 47
A128: G | B128: =INDEX('Transition Stepwise'!$F$2:$F$1137,MATCH(16&"|"&$A128&"|"&B$125,'Transition Stepwise'!$E$2:$E$1137,0)) -> 0 | C128: =INDEX('Transition Stepwise'!$F$2:$F$1137,MATCH(16&"|"&$A128&"|"&C$125,'Transition Stepwise'!$E$2:$E$1137,0)) -> 0 | D128: =INDEX('Transition Stepwise'!$F$2:$F$1137,MATCH(16&"|"&$A128&"|"&D$125,'Transition Stepwise'!$E$2:$E$1137,0)) -> 1 | E128: =INDEX('Transition Stepwise'!$F$2:$F$1137,MATCH(16&"|"&$A128&"|"&E$125,'Transition Stepwise'!$E$2:$E$1137,0)) -> 2 | F128: =ROUND(SUM(B128:E128),9) -> 3
A129: U | B129: =INDEX('Transition Stepwise'!$F$2:$F$1137,MATCH(16&"|"&$A129&"|"&B$125,'Transition Stepwise'!$E$2:$E$1137,0)) -> 7 | C129: =INDEX('Transition Stepwise'!$F$2:$F$1137,MATCH(16&"|"&$A129&"|"&C$125,'Transition Stepwise'!$E$2:$E$1137,0)) -> 21 | D129: =INDEX('Transition Stepwise'!$F$2:$F$1137,MATCH(16&"|"&$A129&"|"&D$125,'Transition Stepwise'!$E$2:$E$1137,0)) -> 1 | E129: =INDEX('Transition Stepwise'!$F$2:$F$1137,MATCH(16&"|"&$A129&"|"&E$125,'Transition Stepwise'!$E$2:$E$1137,0)) -> 49 | F129: =ROUND(SUM(B129:E129),9) -> 78
A132: Transition 17 -> 18
A133: FROM \ TO | B133: A | C133: C | D133: G | E133: U | F133: Row total
...

Sheet Transition Prob Matrices
A1: 71 POSITION-SPECIFIC TRANSITION PROBABILITY MATRICES (smoothed)
A2: Rows = FROM base X; columns = TO base Y
A4: Transition 1 -> 2
A5: FROM \ TO | B5: A | C5: C | D5: G | E5: U | F5: Row sum
A6: A | B6: =INDEX('Transition Stepwise'!$J$2:$J$1137,MATCH(1&"|"&$A6&"|"&B$5,'Transition Stepwise'!$E$2:$E$1137,0)) -> 0.058823529 | C6: =INDEX('Transition Stepwise'!$J$2:$J$1137,MATCH(1&"|"&$A6&"|"&C$5,'Transition Stepwise'!$E$2:$E$1137,0)) -> 0.11764706 | D6: =INDEX('Transition Stepwise'!$J$2:$J$1137,MATCH(1&"|"&$A6&"|"&D$5,'Transition Stepwise'!$E$2:$E$1137,0)) -> 0.76470588 | E6: =INDEX('Transition Stepwise'!$J$2:$J$1137,MATCH(1&"|"&$A6&"|"&E$5,'Transition Stepwise'!$E$2:$E$1137,0)) -> 0.058823529 | F6: =ROUND(SUM(B6:E6),9) -> 1
A7: C | B7: =INDEX('Transition Stepwise'!$J$2:$J$1137,MATCH(1&"|"&$A7&"|"&B$5,'Transition Stepwise'!$E$2:$E$1137,0)) -> 0.038461538 | C7: =INDEX('Transition Stepwise'!$J$2:$J$1137,MATCH(1&"|"&$A7&"|"&C$5,'Transition Stepwise'!$E$2:$E$1137,0)) -> 0.19230769 | D7: =INDEX('Transition Stepwise'!$J$2:$J$1137,MATCH(1&"|"&$A7&"|"&D$5,'Transition Stepwise'!$E$2:$E$1137,0)) -> 0.69230769 | E7: =INDEX('Transition Stepwise'!$J$2:$J$1137,MATCH(1&"|"&$A7&"|"&E$5,'Transition Stepwise'!$E$2:$E$1137,0)) -> 0.076923077 | F7: =ROUND(SUM(B7:E7),9) -> 1
A8: G | B8: =INDEX('Transition Stepwise'!$J$2:$J$1137,MATCH(1&"|"&$A8&"|"&B$5,'Transition Stepwise'!$E$2:$E$1137,0)) -> 0.044871795 | C8: =INDEX('Transition Stepwise'!$J$2:$J$1137,MATCH(1&"|"&$A8&"|"&C$5,'Transition Stepwise'!$E$2:$E$1137,0)) -> 0.44230769 | D8: =INDEX('Transition Stepwise'!$J$2:$J$1137,MATCH(1&"|"&$A8&"|"&D$5,'Transition Stepwise'!$E$2:$E$1137,0)) -> 0.47435897 | E8: =INDEX('Transition Stepwise'!$J$2:$J$1137,MATCH(1&"|"&$A8&"|"&E$5,'Transition Stepwise'!$E$2:$E$1137,0)) -> 0.038461538 | F8: =ROUND(SUM(B8:E8),9) -> 1
A9: U | B9: =INDEX('Transition Stepwise'!$J$2:$J$1137,MATCH(1&"|"&$A9&"|"&B$5,'Transition Stepwise'!$E$2:$E$1137,0)) -> 0.058823529 | C9: =INDEX('Transition Stepwise'!$J$2:$J$1137,MATCH(1&"|"&$A9&"|"&C$5,'Transition Stepwise'!$E$2:$E$1137,0)) -> 0.58823529 | D9: =INDEX('Transition Stepwise'!$J$2:$J$1137,MATCH(1&"|"&$A9&"|"&D$5,'Transition Stepwise'!$E$2:$E$1137,0)) -> 0.29411765 | E9: =INDEX('Transition Stepwise'!$J$2:$J$1137,MATCH(1&"|"&$A9&"|"&E$5,'Transition Stepwise'!$E$2:$E$1137,0)) -> 0.058823529 | F9: =ROUND(SUM(B9:E9),9) -> 1
A12: Transition 2 -> 3
A13: FROM \ TO | B13: A | C13: C | D13: G | E13: U | F13: Row sum
A14: A | B14: =INDEX('Transition Stepwise'!$J$2:$J$1137,MATCH(2&"|"&$A14&"|"&B$13,'Transition Stepwise'!$E$2:$E$1137,0)) -> 0.1 | C14: =INDEX('Transition Stepwise'!$J$2:$J$1137,MATCH(2&"|"&$A14&"|"&C$13,'Transition Stepwise'!$E$2:$E$1137,0)) -> 0.6 | D14: =INDEX('Transition Stepwise'!$J$2:$J$1137,MATCH(2&"|"&$A14&"|"&D$13,'Transition Stepwise'!$E$2:$E$1137,0)) -> 0.2 | E14: =INDEX('Transition Stepwise'!$J$2:$J$1137,MATCH(2&"|"&$A14&"|"&E$13,'Transition Stepwise'!$E$2:$E$1137,0)) -> 0.1 | F14: =ROUND(SUM(B14:E14),9) -> 1
A15: C | B15: =INDEX('Transition Stepwise'!$J$2:$J$1137,MATCH(2&"|"&$A15&"|"&B$13,'Transition Stepwise'!$E$2:$E$1137,0)) -> 0.034883721 | C15: =INDEX('Transition Stepwise'!$J$2:$J$1137,MATCH(2&"|"&$A15&"|"&C$13,'Transition Stepwise'!$E$2:$E$1137,0)) -> 0.52325581 | D15: =INDEX('Transition Stepwise'!$J$2:$J$1137,MATCH(2&"|"&$A15&"|"&D$13,'Transition Stepwise'!$E$2:$E$1137,0)) -> 0.26744186 | E15: =INDEX('Transition Stepwise'!$J$2:$J$1137,MATCH(2&"|"&$A15&"|"&E$13,'Transition Stepwise'!$E$2:$E$1137,0)) -> 0.1744186 | F15: =ROUND(SUM(B15:E15),9) -> 1
A16: G | B16: =INDEX('Transition Stepwise'!$J$2:$J$1137,MATCH(2&"|"&$A16&"|"&B$13,'Transition Stepwise'!$E$2:$E$1137,0)) -> 0.11818182 | C16: =INDEX('Transition Stepwise'!$J$2:$J$1137,MATCH(2&"|"&$A16&"|"&C$13,'Transition Stepwise'!$E$2:$E$1137,0)) -> 0.22727273 | D16: =INDEX('Transition Stepwise'!$J$2:$J$1137,MATCH(2&"|"&$A16&"|"&D$13,'Transition Stepwise'!$E$2:$E$1137,0)) -> 0.57272727 | E16: =INDEX('Transition Stepwise'!$J$2:$J$1137,MATCH(2&"|"&$A16&"|"&E$13,'Transition Stepwise'!$E$2:$E$1137,0)) -> 0.081818182 | F16: =ROUND(SUM(B16:E16),9) -> 1
A17: U | B17: =INDEX('Transition Stepwise'!$J$2:$J$1137,MATCH(2&"|"&$A17&"|"&B$13,'Transition Stepwise'!$E$2:$E$1137,0)) -> 0.1 | C17: =INDEX('Transition Stepwise'!$J$2:$J$1137,MATCH(2&"|"&$A17&"|"&C$13,'Transition Stepwise'!$E$2:$E$1137,0)) -> 0.5 | D17: =INDEX('Transition Stepwise'!$J$2:$J$1137,MATCH(2&"|"&$A17&"|"&D$13,'Transition Stepwise'!$E$2:$E$1137,0)) -> 0.2 | E17: =INDEX('Transition Stepwise'!$J$2:$J$1137,MATCH(2&"|"&$A17&"|"&E$13,'Transition Stepwise'!$E$2:$E$1137,0)) -> 0.2 | F17: =ROUND(SUM(B17:E17),9) -> 1
A20: Transition 3 -> 4
A21: FROM \ TO | B21: A | C21: C | D21: G | E21: U | F21: Row sum
A22: A | B22: =INDEX('Transition Stepwise'!$J$2:$J$1137,MATCH(3&"|"&$A22&"|"&B$21,'Transition Stepwise'!$E$2:$E$1137,0)) -> 0.16666667 | C22: =INDEX('Transition Stepwise'!$J$2:$J$1137,MATCH(3&"|"&$A22&"|"&C$21,'Transition Stepwise'!$E$2:$E$1137,0)) -> 0.22222222 | D22: =INDEX('Transition Stepwise'!$J$2:$J$1137,MATCH(3&"|"&$A22&"|"&D$21,'Transition Stepwise'!$E$2:$E$1137,0)) -> 0.55555556 | E22: =INDEX('Transition Stepwise'!$J$2:$J$1137,MATCH(3&"|"&$A22&"|"&E$21,'Transition Stepwise'!$E$2:$E$1137,0)) -> 0.055555556 | F22: =ROUND(SUM(B22:E22),9) -> 1
A23: C | B23: =INDEX('Transition Stepwise'!$J$2:$J$1137,MATCH(3&"|"&$A23&"|"&B$21,'Transition Stepwise'!$E$2:$E$1137,0)) -> 0.098765432 | C23: =INDEX('Transition Stepwise'!$J$2:$J$1137,MATCH(3&"|"&$A23&"|"&C$21,'Transition Stepwise'!$E$2:$E$1137,0)) -> 0.28395062 | D23: =INDEX('Transition Stepwise'!$J$2:$J$1137,MATCH(3&"|"&$A23&"|"&D$21,'Transition Stepwise'!$E$2:$E$1137,0)) -> 0.39506173 | E23: =INDEX('Transition Stepwise'!$J$2:$J$1137,MATCH(3&"|"&$A23&"|"&E$21,'Transition Stepwise'!$E$2:$E$1137,0)) -> 0.22222222 | F23: =ROUND(SUM(B23:E23),9) -> 1
A24: G | B24: =INDEX('Transition Stepwise'!$J$2:$J$1137,MATCH(3&"|"&$A24&"|"&B$21,'Transition Stepwise'!$E$2:$E$1137,0)) -> 0.088888889 | C24: =INDEX('Transition Stepwise'!$J$2:$J$1137,MATCH(3&"|"&$A24&"|"&C$21,'Transition Stepwise'!$E$2:$E$1137,0)) -> 0.32222222 | D24: =INDEX('Transition Stepwise'!$J$2:$J$1137,MATCH(3&"|"&$A24&"|"&D$21,'Transition Stepwise'!$E$2:$E$1137,0)) -> 0.45555556 | E24: =INDEX('Transition Stepwise'!$J$2:$J$1137,MATCH(3&"|"&$A24&"|"&E$21,'Transition Stepwise'!$E$2:$E$1137,0)) -> 0.13333333 | F24: =ROUND(SUM(B24:E24),9) -> 1
A25: U | B25: =INDEX('Transition Stepwise'!$J$2:$J$1137,MATCH(3&"|"&$A25&"|"&B$21,'Transition Stepwise'!$E$2:$E$1137,0)) -> 0.037037037 | C25: =INDEX('Transition Stepwise'!$J$2:$J$1137,MATCH(3&"|"&$A25&"|"&C$21,'Transition Stepwise'!$E$2:$E$1137,0)) -> 0.33333333 | D25: =INDEX('Transition Stepwise'!$J$2:$J$1137,MATCH(3&"|"&$A25&"|"&D$21,'Transition Stepwise'!$E$2:$E$1137,0)) -> 0.37037037 | E25: =INDEX('Transition Stepwise'!$J$2:$J$1137,MATCH(3&"|"&$A25&"|"&E$21,'Transition Stepwise'!$E$2:$E$1137,0)) -> 0.25925926 | F25: =ROUND(SUM(B25:E25),9) -> 1
A28: Transition 4 -> 5
A29: FROM \ TO | B29: A | C29: C | D29: G | E29: U | F29: Row sum
