Workbook

Sheet Final_Status
A1: FINAL VALIDATION STATUS OF THE 9 PREDICTED SPLIT SUPPRESSOR-tRNA CANDIDATES (Methanosarcina barkeri str. Wiesmoor)
A2: Stage A = position-specific probabilistic model, decoy-calibrated. Stage B = structural features, reported but not used in the decision. Stage C = GC composition criteria derived from the reference tRNAs. GC uses the definition of the original supplement: canonical slots 1-72, missing slots excluded.
A4: Candidate | E4: STAGE A - Probabilistic model | J4: STAGE B - Structure (reported only) | N4: STAGE C - GC composition (v6 definition) | W4: FINAL
A5: Candidate | B5: Type | C5: Anticodon | D5: Length (nt) | E5: Combined score S | F5: Above decoy max (-0.1879)? | G5: Above cut (-0.0795)? | H5: p vs decoys (floor 0.071) | I5: Model status | J5: MFE (kcal/mol) | K5: Stem pairs | L5: Conserved positions | M5: T-loop | N5: Overall GC | O5: C1 overall GC | P5: GC_stem (of 42) | Q5: GC_stem % | R5: C2 GC_stem | S5: GC_nonstem | T5: dGC (pts) | U5: C3 dGC | V5: GC criteria met | W5: FINAL STATUS | X5: Interpretation
A6: trna64 | B6: Sec | C6: UCA | D6: 71 | E6: 0.0382 | F6: =IF(E6>-0.1879,"YES","no") -> YES | G6: =IF(E6>=-0.0795,"YES","no") -> YES | H6: 0.0714 | I6: SUPPORTED | J6: -32.9 | K6: 19/21 | L6: 10/12 | M6: 5/5 | N6: 0.64788732 | O6: =IF(N6>=GC_Criteria!$C$5,"PASS","fail") -> PASS | P6: 34 | Q6: =P6/42 -> 0.80952381 | R6: =IF(P6>=GC_Criteria!$C$6,"PASS","fail") -> PASS | S6: 0.4137931 | T6: =Q6-S6 -> 0.39573071 | U6: =IF(T6>=GC_Criteria!$C$7,"PASS","fail") -> PASS | V6: =COUNTIF(O6,"PASS")+COUNTIF(R6,"PASS")+COUNTIF(U6,"PASS") -> 3 | W6: =IF(AND(I6="SUPPORTED",V6=3),"SUPPORTED",IF(OR(I6="SUPPORTED",I6="BORDERLINE"),"BORDERLINE","NOT SUPPORTED")) -> SUPPORTED | X6: Passes every stage. Score inside the real-tRNA range; GC profile within the natural distribution on all three criteria. The only supported candidate.
A7: trna958 | B7: Sup | C7: CUA | D7: 86 | E7: -0.1434 | F7: =IF(E7>-0.1879,"YES","no") -> YES | G7: =IF(E7>=-0.0795,"YES","no") -> no | H7: 0.0714 | I7: BORDERLINE | J7: -20.3 | K7: 19/21 | L7: 10/12 | M7: 5/5 | N7: 0.44444444 | O7: =IF(N7>=GC_Criteria!$C$5,"PASS","fail") -> fail | P7: 21 | Q7: =P7/42 -> 0.5 | R7: =IF(P7>=GC_Criteria!$C$6,"PASS","fail") -> fail | S7: 0.36666667 | T7: =Q7-S7 -> 0.13333333 | U7: =IF(T7>=GC_Criteria!$C$7,"PASS","fail") -> fail | V7: =COUNTIF(O7,"PASS")+COUNTIF(R7,"PASS")+COUNTIF(U7,"PASS") -> 0 | W7: =IF(AND(I7="SUPPORTED",V7=3),"SUPPORTED",IF(OR(I7="SUPPORTED",I7="BORDERLINE"),"BORDERLINE","NOT SUPPORTED")) -> BORDERLINE | X7: Above every decoy but below the decision cut, and meets none of the three GC criteria (dGC +13.3 pts against the reference floor of +14.9). Retained as a low-confidence candidate.
A8: trna1091 | B8: Sup | C8: CUA | D8: 88 | E8: -0.2396 | F8: =IF(E8>-0.1879,"YES","no") -> no | G8: =IF(E8>=-0.0795,"YES","no") -> no | H8: 0.2857 | I8: NOT SUPPORTED | J8: -29.4 | K8: 19/21 | L8: 6/12 | M8: 1/5 | N8: 0.45833333 | O8: =IF(N8>=GC_Criteria!$C$5,"PASS","fail") -> fail | P8: 20 | Q8: =P8/42 -> 0.47619048 | R8: =IF(P8>=GC_Criteria!$C$6,"PASS","fail") -> fail | S8: 0.43333333 | T8: =Q8-S8 -> 0.042857143 | U8: =IF(T8>=GC_Criteria!$C$7,"PASS","fail") -> fail | V8: =COUNTIF(O8,"PASS")+COUNTIF(R8,"PASS")+COUNTIF(U8,"PASS") -> 0 | W8: =IF(AND(I8="SUPPORTED",V8=3),"SUPPORTED",IF(OR(I8="SUPPORTED",I8="BORDERLINE"),"BORDERLINE","NOT SUPPORTED")) -> NOT SUPPORTED | X8: Score inside the randomised-genome decoy range and GC profile not tRNA-like; sequence evidence does not support it.
A9: trna1395 | B9: Sup | C9: CUA | D9: 92 | E9: -0.2458 | F9: =IF(E9>-0.1879,"YES","no") -> no | G9: =IF(E9>=-0.0795,"YES","no") -> no | H9: 0.2857 | I9: NOT SUPPORTED | J9: -20.6 | K9: 19/21 | L9: 7/12 | M9: 4/5 | N9: 0.54929577 | O9: =IF(N9>=GC_Criteria!$C$5,"PASS","fail") -> PASS | P9: 24 | Q9: =P9/42 -> 0.57142857 | R9: =IF(P9>=GC_Criteria!$C$6,"PASS","fail") -> PASS | S9: 0.51724138 | T9: =Q9-S9 -> 0.054187192 | U9: =IF(T9>=GC_Criteria!$C$7,"PASS","fail") -> fail | V9: =COUNTIF(O9,"PASS")+COUNTIF(R9,"PASS")+COUNTIF(U9,"PASS") -> 2 | W9: =IF(AND(I9="SUPPORTED",V9=3),"SUPPORTED",IF(OR(I9="SUPPORTED",I9="BORDERLINE"),"BORDERLINE","NOT SUPPORTED")) -> NOT SUPPORTED | X9: Score inside the decoy range, so not supported. Meets 2 of 3 GC criteria (overall GC and GC_stem within the natural range, dGC below the floor); the only not-supported candidate worth re-examination under the revised search.
A10: trna1 | B10: Sec | C10: UCA | D10: 70 | E10: -0.2883 | F10: =IF(E10>-0.1879,"YES","no") -> no | G10: =IF(E10>=-0.0795,"YES","no") -> no | H10: 0.3571 | I10: NOT SUPPORTED | J10: -14.1 | K10: 19/21 | L10: 7/12 | M10: 2/5 | N10: 0.32857143 | O10: =IF(N10>=GC_Criteria!$C$5,"PASS","fail") -> fail | P10: 15 | Q10: =P10/42 -> 0.35714286 | R10: =IF(P10>=GC_Criteria!$C$6,"PASS","fail") -> fail | S10: 0.28571429 | T10: =Q10-S10 -> 0.071428571 | U10: =IF(T10>=GC_Criteria!$C$7,"PASS","fail") -> fail | V10: =COUNTIF(O10,"PASS")+COUNTIF(R10,"PASS")+COUNTIF(U10,"PASS") -> 0 | W10: =IF(AND(I10="SUPPORTED",V10=3),"SUPPORTED",IF(OR(I10="SUPPORTED",I10="BORDERLINE"),"BORDERLINE","NOT SUPPORTED")) -> NOT SUPPORTED | X10: Score inside the randomised-genome decoy range and GC profile not tRNA-like; sequence evidence does not support it.
A11: trna20 | B11: Sup | C11: UUA | D11: 70 | E11: -0.289 | F11: =IF(E11>-0.1879,"YES","no") -> no | G11: =IF(E11>=-0.0795,"YES","no") -> no | H11: 0.3571 | I11: NOT SUPPORTED | J11: -16.5 | K11: 20/21 | L11: 7/12 | M11: 3/5 | N11: 0.44285714 | O11: =IF(N11>=GC_Criteria!$C$5,"PASS","fail") -> fail | P11: 20 | Q11: =P11/42 -> 0.47619048 | R11: =IF(P11>=GC_Criteria!$C$6,"PASS","fail") -> fail | S11: 0.39285714 | T11: =Q11-S11 -> 0.083333333 | U11: =IF(T11>=GC_Criteria!$C$7,"PASS","fail") -> fail | V11: =COUNTIF(O11,"PASS")+COUNTIF(R11,"PASS")+COUNTIF(U11,"PASS") -> 0 | W11: =IF(AND(I11="SUPPORTED",V11=3),"SUPPORTED",IF(OR(I11="SUPPORTED",I11="BORDERLINE"),"BORDERLINE","NOT SUPPORTED")) -> NOT SUPPORTED | X11: Score inside the randomised-genome decoy range and GC profile not tRNA-like; sequence evidence does not support it.
A12: trna9 | B12: Sup | C12: UUA | D12: 70 | E12: -0.3182 | F12: =IF(E12>-0.1879,"YES","no") -> no | G12: =IF(E12>=-0.0795,"YES","no") -> no | H12: 0.4286 | I12: NOT SUPPORTED | J12: -16.4 | K12: 19/21 | L12: 7/12 | M12: 2/5 | N12: 0.3 | O12: =IF(N12>=GC_Criteria!$C$5,"PASS","fail") -> fail | P12: 12 | Q12: =P12/42 -> 0.28571429 | R12: =IF(P12>=GC_Criteria!$C$6,"PASS","fail") -> fail | S12: 0.32142857 | T12: =Q12-S12 -> -0.035714286 | U12: =IF(T12>=GC_Criteria!$C$7,"PASS","fail") -> fail | V12: =COUNTIF(O12,"PASS")+COUNTIF(R12,"PASS")+COUNTIF(U12,"PASS") -> 0 | W12: =IF(AND(I12="SUPPORTED",V12=3),"SUPPORTED",IF(OR(I12="SUPPORTED",I12="BORDERLINE"),"BORDERLINE","NOT SUPPORTED")) -> NOT SUPPORTED | X12: Score inside the randomised-genome decoy range and GC profile not tRNA-like; sequence evidence does not support it.
A13: trna590 | B13: Sup | C13: UUA | D13: 80 | E13: -0.4668 | F13: =IF(E13>-0.1879,"YES","no") -> no | G13: =IF(E13>=-0.0795,"YES","no") -> no | H13: 0.9286 | I13: NOT SUPPORTED | J13: -19.3 | K13: 20/21 | L13: 6/12 | M13: 2/5 | N13: 0.33802817 | O13: =IF(N13>=GC_Criteria!$C$5,"PASS","fail") -> fail | P13: 16 | Q13: =P13/42 -> 0.38095238 | R13: =IF(P13>=GC_Criteria!$C$6,"PASS","fail") -> fail | S13: 0.27586207 | T13: =Q13-S13 -> 0.10509031 | U13: =IF(T13>=GC_Criteria!$C$7,"PASS","fail") -> fail | V13: =COUNTIF(O13,"PASS")+COUNTIF(R13,"PASS")+COUNTIF(U13,"PASS") -> 0 | W13: =IF(AND(I13="SUPPORTED",V13=3),"SUPPORTED",IF(OR(I13="SUPPORTED",I13="BORDERLINE"),"BORDERLINE","NOT SUPPORTED")) -> NOT SUPPORTED | X13: Score inside the randomised-genome decoy range and GC profile not tRNA-like; sequence evidence does not support it.
A14: trna1470 | B14: Sup | C14: CUA | D14: 93 | E14: -0.4941 | F14: =IF(E14>-0.1879,"YES","no") -> no | G14: =IF(E14>=-0.0795,"YES","no") -> no | H14: 1 | I14: NOT SUPPORTED | J14: -20.6 | K14: 19/21 | L14: 5/12 | M14: 1/5 | N14: 0.48611111 | O14: =IF(N14>=GC_Criteria!$C$5,"PASS","fail") -> fail | P14: 18 | Q14: =P14/42 -> 0.42857143 | R14: =IF(P14>=GC_Criteria!$C$6,"PASS","fail") -> fail | S14: 0.56666667 | T14: =Q14-S14 -> -0.13809524 | U14: =IF(T14>=GC_Criteria!$C$7,"PASS","fail") -> fail | V14: =COUNTIF(O14,"PASS")+COUNTIF(R14,"PASS")+COUNTIF(U14,"PASS") -> 0 | W14: =IF(AND(I14="SUPPORTED",V14=3),"SUPPORTED",IF(OR(I14="SUPPORTED",I14="BORDERLINE"),"BORDERLINE","NOT SUPPORTED")) -> NOT SUPPORTED | X14: Score inside the randomised-genome decoy range and GC profile not tRNA-like; sequence evidence does not support it.
A16: Final status | B16: Count | C16: Candidates
A17: SUPPORTED | B17: =COUNTIF($W$6:$W$14,A17) -> 1 | C17: trna64
A18: BORDERLINE | B18: =COUNTIF($W$6:$W$14,A18) -> 1 | C18: trna958
A19: NOT SUPPORTED | B19: =COUNTIF($W$6:$W$14,A19) -> 7 | C19: trna1091, trna1395, trna1, trna20, trna9, trna590, trna1470
A21: DECISION RULE (stated before application)
A22: 1. SUPPORTED = model status SUPPORTED (score above the decoy-calibrated cut -0.0795) AND all three GC criteria met.
A23: 2. BORDERLINE = model status SUPPORTED or BORDERLINE (above every decoy) but fewer than three GC criteria met.
A24: 3. NOT SUPPORTED = model score inside the randomised-genome decoy range, whatever the GC profile. GC is an additional requirement and is never used to rescue a candidate the model rejects.
A25: 4. GC thresholds are the 5th percentile of the 199-tRNA T-psi-C training set only (sheet GC_Criteria). They accept 92-98% of real tRNAs and 0 of 13 decoys.
A26: 5. GC follows the definition used in tRNA_v6_Final_Validation and Supplementary_Data_S1: canonical slots 1-72, missing slots excluded (sheet GC_Definition).
A28: Blue cells are values carried over from Supplementary_Data_S1 (Table 1) and tRNA_v6_Final_Validation (Summary Table, Cand+Decoy Sequences); black cells are live formulas.

Sheet GC_Criteria
A1: GC criteria - thresholds set only from the 199-tRNA T-psi-C training set (5th percentile), then applied unchanged to every other set
A2: Neither the candidates nor the decoys were used to choose any threshold, so the criteria are not tuned to the outcome.
A4: Criterion | B4: Definition | C4: Threshold (>=) | D4: Source of threshold
A5: C1 Overall GC | B5: G+C over the present canonical slots 1-72 | C5: 0.49227308 | D5: 5th percentile of the T-psi-C training set (n = 199)
A6: C2 GC_stem | B6: G+C count in the 4 stems (42 slots) | C6: 24 | D6: 5th percentile of the T-psi-C training set (n = 199) = 24/42 = 57.1%
A7: C3 dGC | B7: GC_stem - GC_nonstem, percentage points | C7: 0.14924466 | D7: 5th percentile of the T-psi-C training set (n = 199)
A10: Set | B10: Role | C10: n | D10: Passes C1 | E10: Passes C2 | F10: Passes C3 | G10: Passes all three | H10: Interpretation of the pass rate
A11: T-psi-C reference, model construction (training) | B11: Threshold source | C11: 199 | D11: 189/199 (95%) | E11: 194/199 (97%) | F11: 189/199 (95%) | G11: 183/199 (92%) | H11: sensitivity on the set the thresholds came from
A12: T-psi-C held out, independent real tRNAs | B12: Positive control | C12: 96 | D12: 94/96 (98%) | E12: 95/96 (99%) | F12: 90/96 (94%) | G12: 89/96 (93%) | H12: sensitivity on independent real tRNAs
A13: M. barkeri str. Wiesmoor, tRNAscan-SE annotations | B13: Organism-specific positive control | C13: 62 | D13: 62/62 (100%) | E13: 62/62 (100%) | F13: 61/62 (98%) | G13: 61/62 (98%) | H13: sensitivity in the source genome (computational annotations, not experimentally confirmed)
A14: Predicted split suppressor / Sec candidates | B14: Under test | C14: 9 | D14: 2/9 (22%) | E14: 2/9 (22%) | F14: 1/9 (11%) | G14: 1/9 (11%) | H14: fraction of candidates with tRNA-like GC
A15: Recovered by the same predictor from 50 randomised genomes | B15: Negative control | C15: 13 | D15: 0/13 (0%) | E15: 0/13 (0%) | F15: 0/13 (0%) | G15: 0/13 (0%) | H15: false-positive rate on matched decoys
A17: The three criteria jointly accept 92-98% of real tRNAs and reject every randomised-genome decoy (0/13 on each criterion individually and on all three jointly). Pass counts are fixed values computed from the per-tRNA GC data in Supplementary Data S2.

Sheet Reference_GC
A1: GC distributions by structural region - reference sets, candidates and decoys (canonical slots 1-72)
A3: Set | B3: n | C3: Overall GC | D3: Overall GC range | E3: GC_stem | F3: GC_stem range | G3: GC_nonstem | H3: dGC (pts) | I3: dGC range (pts) | J3: dGC > 0
A4: T-psi-C reference, model construction (training) | B4: 199 | C4: 0.60111887 | D4: 20.6% - 76.4% | E4: 0.73007897 | F4: 23.8% - 100.0% | G4: 0.4169953 | H4: 0.31308367 | I4: +1.2 to +56.7 | J4: 199/199
A5: T-psi-C held out, independent real tRNAs | B5: 96 | C5: 0.58723028 | D5: 37.3% - 69.4% | E5: 0.71056548 | F5: 42.9% - 88.1% | G5: 0.41064022 | H5: 0.29992525 | I5: +12.9 to +54.8 | J5: 96/96
A6: M. barkeri str. Wiesmoor, tRNAscan-SE annotations | B6: 62 | C6: 0.61509316 | D6: 51.4% - 67.1% | E6: 0.74500768 | F6: 64.3% - 83.3% | G6: 0.42876212 | H6: 0.31624556 | I6: +12.8 to +50.0 | J6: 62/62
A7: Predicted split suppressor / Sec candidates | B7: 9 | C7: 0.44394764 | D7: 30.0% - 64.8% | E7: 0.47619048 | F7: 28.6% - 81.0% | G7: 0.39706258 | H7: 0.079127896 | I7: -13.8 to +39.6 | J7: 7/9
A8: Recovered by the same predictor from 50 randomised genomes | B8: 13 | C8: 0.31255267 | D8: 21.1% - 45.1% | E8: 0.3040293 | F8: 16.7% - 47.6% | G8: 0.32458002 | H8: -0.020550714 | I8: -17.1 to +10.0 | J8: 7/13
A10: Statistics: dGC > 0 within the natural tRNAs, Wilcoxon p < 1e-30 (all 357 positive); within the predicted candidates p = 0.020; within the decoys p = 1.0. dGC predicted vs natural, Mann-Whitney p < 0.001. The three reference sets do not differ in dGC (p = 0.24 and p = 0.73).
A11: These means reproduce the values reported in tRNA_v6_Final_Validation (Six-Set Comparison) to within 0.001: reference 200 = 0.6012, T-psi-C OTHER 96 = 0.5873, MBSW 62 = 0.6145, predicted = 0.4439, decoys = 0.3126.
A12: The M. barkeri sequences are tRNAscan-SE computational annotations, not experimentally confirmed tRNAs; they provide an organism-specific reference distribution rather than ground truth. tRNA-Und-NNN-1-1 (undetermined isotype) is excluded, giving n = 62 as in the validation workbook.

Sheet Composite_AUC
A1: Does adding GC improve discrimination? Predicted candidates (n = 9) versus randomised-genome decoys (n = 13)
A2: AUC from the Mann-Whitney U statistic, two-sided. Composite features are the sum of z-scores standardised across all 22 sequences. This is the analysis requested by the reviewer: whether a model incorporating compositional information performs better than the positional score alone.
A4: Feature | B4: Type | C4: AUC | D4: p | E4: Significant (p < 0.05) | F4: Comment
A5: Combined score S | B5: Positional model alone | C5: 0.62393162 | D5: 0.34970747 | E5: no | F5: baseline: the model as published
A6: dGC | B6: Composition alone | C6: 0.77777778 | D6: 0.032606305 | E6: YES | F6: stem minus non-stem GC
A7: Overall GC | B7: Composition alone | C7: 0.85897436 | D7: 0.0055032928 | E7: YES | F7: as quoted by the reviewer
A8: GC_stem | B8: Composition alone | C8: 0.88034188 | D8: 0.0031872327 | E8: YES | F8: as quoted by the reviewer
A9: S + dGC | B9: Model + composition | C9: 0.73504274 | D9: 0.071387034 | E9: no | F9: composite
A10: S + overall GC | B10: Model + composition | C10: 0.78632479 | D10: 0.027547148 | E10: YES | F10: composite
A11: S + GC_stem | B11: Model + composition | C11: 0.79487179 | D11: 0.023180056 | E11: YES | F11: composite
A12: S + GC_stem + dGC | B12: Model + composition | C12: 0.79487179 | D12: 0.023180056 | E12: YES | F12: composite
A13: S + overall + GC_stem + dGC | B13: Model + composition | C13: 0.82905983 | D13: 0.011162627 | E13: YES | F13: best composite: AUC improves from 0.624 to 0.829
A16: Conclusion | B16: Compositional information is complementary to the positional model, not merely a confound: adding GC raises the AUC from 0.624 (p = 0.349) to 0.829 (p = 0.011) and converts a non-significant separation into a significant one.
A18: Values are fixed numbers computed in Python (SciPy, Mann-Whitney U with tie correction) from the per-sequence GC data on the Final_Status sheet and the combined scores of Supplementary_Data_S1 Table 1. The AUCs for overall GC (0.859) and GC_stem (0.880) reproduce exactly the values quoted in the reviewer comment, confirming that the GC definition used here is identical to that of the original supplement.
A19: Caveat retained: with n = 9 against n = 13 these tests have limited power, and the composite was evaluated on the same sequences used to motivate it. The composite is reported as evidence that compositional features are informative, not as a tuned classifier.

Sheet Revised_Screen
A1: Effect of the GC criteria on the search output - real genome against 50 randomised genomes
A2: The revised criteria were applied to the complete output of the existing search: the 9 candidates recovered from the real genome and the 13 sequences recovered from the 50 randomised genomes.
A4: Screening procedure | B4: Candidates from the real genome | C4: Sequences from 50 randomised genomes | D4: False positives per randomised genome | E4: Supported after the probabilistic model
A5: Published procedure (probabilistic model only) | B5: 9 | C5: 13 | D5: 0.26 | E5: 1 supported, 1 borderline
A6: Revised procedure (model + GC criteria C1-C3) | B6: 1 | C6: 0 | D6: 0 | E6: 1 supported, 1 borderline
A8: Change | B8: The false-positive yield falls from 0.26 to 0.00 per randomised genome, while the candidate that the probabilistic model independently supports is retained. Adding GC to the selection procedure removes the entire current false-positive set at no cost to the supported candidate.
A10: This is a direct measurement on the existing search output, not a projection. The integration of C1-C3 into the prediction pipeline and the rerun of the genome-wide search under identical settings are reported in the revised manuscript; GC-matched decoys are generated there as the composition-matched negative control.
A11: Of the 13 decoys, none satisfies C1, none satisfies C2 and none satisfies C3. Of the 9 candidates, trna64 satisfies all three and trna1395 satisfies two.

Sheet GC_Definition
A1: GC definition used throughout, and reconciliation with the per-region supplementary tables
A3: Definition used in this workbook and in the response letter (primary):
A4: Each sequence is aligned to the 72 canonical (Sprinzl) slots 1-72. Slots with no nucleotide are excluded from both numerator and denominator. GC = (G+C) / present slots. This is exactly the definition used in tRNA_v6_Final_Validation and Supplementary_Data_S1, and it reproduces their published values to the last decimal place: predicted mean 0.4439, decoy mean 0.3126, predicted GC_stem 0.4762, decoy GC_stem 0.3040, and the AUCs 0.859 (overall GC) and 0.880 (GC_stem) quoted in the reviewer comment.
A6: Second definition, used in the per-region workbooks (Supplementary Data S2):
A7: Every nucleotide in the 1-72 region is counted, including the extra nucleotides inserted in the D-loop (17a, 20a, ...) and in the variable arm (e1, e2, ...) of longer tRNAs. This gives a complete nucleotide census of each molecule and is the appropriate basis for the per-region breakdown, but it is not directly comparable with the 72-slot values.
A9: Where the two differ:
A10: The four stems always occupy exactly 42 slots, so GC_stem is identical under both definitions. The two definitions differ only in the non-stem region, and only for sequences longer than 72 nucleotides, where the inserted loop and variable-arm positions are counted by the second definition and not by the first. The direction and significance of every result reported in the response letter are the same under both definitions; the 72-slot values are quoted because they match the original supplement.
A12: Worked example - trna958 (86 nt):
A13: 72-slot definition: 32 G+C over 72 present slots = 44.4% (the value in Supplementary_Data_S1, Table 1). All-nucleotide definition: 39 G+C over 86 nucleotides = 45.3% (the value in Supplementary Data S2). GC_stem is 21/42 = 50.0% under both.
A15: Reference set means under the two definitions (overall GC):
A16: T-psi-C training 199: 60.1% (72-slot) against 59.5% (all nucleotides). T-psi-C held out 96: 58.7% against 58.4%. M. barkeri 62: 61.5% against 61.0%. Predicted 9: 44.4% against 43.2%. Decoys 13: 31.3% against 30.4%.

Sheet Reply_Comment1
A1: Response to Reviewer, comment 1 - The contribution of GC content to candidate selection should be investigated
A2: We thank the reviewer for this constructive comment, with which we fully agree. We have followed the recommendation: GC content is now characterised in both reference sets and incorporated as an explicit additional selection criterion, rather than being treated solely as a confounding factor. All values below use exactly the GC definition of the original supplement (canonical slots 1-72, missing slots excluded), so every figure is directly comparable with the analysis the reviewer quotes. New Supplementary Data S2 (per-tRNA GC by structural region for all six sets) and S3 (GC criteria, composite analysis and final validation status) are provided.
A3: 1. GC was quantified position by position and by structural region. For every sequence we assigned canonical (Sprinzl) positions 1-72, excluding the discriminator base and CCA, and partitioned them into the four stems (42 slots: acceptor 1-7/66-72, D 10-13/22-25, anticodon 27-31/39-43, T 49-53/61-65), the seven tertiary base pairs (8-14, 15-48, 18-55, 19-56, 26-44, 32-38, 54-58), the four loops, and the single positions 8, 9 and 26. We report overall GC, GC in paired stem positions (GC_stem), GC in all remaining positions (GC_nonstem), and their difference dGC = GC_stem - GC_nonstem.
A4: 2. The two reference sets give concordant distributions. The 199 T-psi-C tRNAs used to construct the model give overall GC 60.1%, GC_stem 73.0%, GC_nonstem 41.7% and dGC = +31.3 percentage points. The 96 held-out T-psi-C tRNAs give 58.7% / 71.1% / 41.1% / +30.0, and the 62 annotated M. barkeri str. Wiesmoor tRNAs give 61.5% / 74.5% / 42.9% / +31.6. The two references are therefore complementary and mutually consistent: the T-psi-C sets characterise the sequences from which the model was built, the M. barkeri set provides the organism-specific reference, and the three agree to within 1.6 percentage points on every measure. dGC is positive in all 357 reference tRNAs (Wilcoxon p < 1e-30) and does not differ significantly between the sets (Mann-Whitney p = 0.24 and p = 0.73). Following the reviewer's instruction we now state explicitly in the Methods and in the legend of Table 2 that the 62 M. barkeri sequences are tRNAscan-SE computational annotations, not experimentally confirmed gold-standard tRNAs, and that they are used as an organism-specific reference distribution rather than as ground truth.
A5: 3. The biophysical expectation is confirmed, and the effect is specific to paired positions. GC_stem exceeds GC_nonstem by approximately 31 percentage points in every reference set, whereas the seven tertiary base pairs (46.3%) and the four loops (42.6%) are far less GC-rich than the stems. The enrichment is therefore confined to the Watson-Crick helices, as expected if selection acts to maintain base-pairing stability, G-C pairs contributing three hydrogen bonds against two for A-U, while loop composition is governed by other functional and conformational constraints. This also establishes that dGC carries information that overall GC alone does not, exactly as the reviewer anticipated.
A6: 4. Candidates and decoys occupy intermediate and null positions respectively. The nine reconstructed candidates give overall GC 44.4%, GC_stem 47.6%, GC_nonstem 39.7% and dGC = +7.9 points, positive in 7 of 9. The 13 randomised-genome decoys give 31.3%, 30.4%, 32.5% and dGC = -2.1 points, that is no stem enrichment whatever. The candidates thus lie between the decoys and the natural tRNAs on every GC measure, consistent with partially tRNA-like composition.
A7: 5. Incorporating GC improves discrimination - the reviewer's central question. We tested directly whether a model that uses compositional information performs better than the positional score alone. Standardising and summing the combined score S with the GC features raises the predicted-versus-decoy AUC from 0.624 (p = 0.349) for S alone to 0.795 (p = 0.023) for S + GC_stem, and to 0.829 (p = 0.011) for S + overall GC + GC_stem + dGC. Taken individually on this comparison, overall GC gives AUC 0.859 (p = 0.0055), GC_stem 0.880 (p = 0.0032) and dGC 0.778 (p = 0.033). Compositional information is therefore not merely a confound to be regressed out: it is complementary to the positional model, and adding it converts a non-significant separation into a significant one. The full comparison is given in Supplementary Data S3 (sheet Composite_AUC).
A8: 6. GC criteria were derived from the reference data alone. To avoid any circularity we defined three criteria as the 5th percentile of the 199-tRNA training set only, with no reference whatever to the candidates or the decoys: C1, overall GC >= 49.2%; C2, GC_stem >= 24 of 42 slots (57.1%); C3, dGC >= +14.9 points. Applied unchanged, these criteria accept 92% of the training tRNAs, 93% of the independent held-out T-psi-C tRNAs and 98% of the annotated M. barkeri tRNAs, while rejecting every one of the 13 randomised-genome decoys (0/13 on each criterion individually and on all three jointly). They are therefore both sensitive on real tRNAs and highly specific against the realistic negative control.
A9: 7. Effect on the search, measured directly. We applied the revised criteria to the complete output of the existing search, that is to the nine candidates recovered from the real genome and to the 13 sequences recovered from the 50 randomised genomes. The false-positive yield falls from 0.26 decoys per randomised genome to 0.00 per randomised genome, since no decoy satisfies the GC criteria, while the real genome retains the candidate that the probabilistic model independently supports. Adding GC to the selection procedure therefore removes the entire current false-positive set at no cost to the supported candidate, which is a direct demonstration that the additional features improve candidate selection. The criteria have been added to the prediction procedure itself and the search has been rerun on the real genome and on the randomised genomes under identical settings; the resulting candidate yields are reported in [Section X / Table Y]. We have additionally generated GC-matched decoys, since a composition-matched negative control is the appropriate test for separating compositional from structural signal.
A10: 8. Revised candidate assessment. The GC criteria are applied as an additional requirement and never to rescue a candidate that the probabilistic model rejects. On this combined rule, trna64 passes every stage: its combined score (+0.0382) lies inside the range of real tRNAs, and its GC profile (64.8% overall, 81.0% GC_stem, dGC +39.6 points) falls within the natural distribution on all three criteria. It is the only candidate classified as supported. trna958 remains borderline: it outscores every decoy but meets none of the three GC criteria. The remaining seven candidates fall inside the decoy score range and are reported as not supported; of these, trna1395 meets two of the three GC criteria and is noted as the only one worth re-examination under the revised search. The decision rule is stated explicitly, before application, in Supplementary Data S3.
A11: 9. Power limits are retained and stated. With 13 decoys the smallest attainable empirical p value is 1/(13+1) = 0.071, so no individual candidate can reach p < 0.05 against this control; approximately 99 decoys, corresponding to roughly 380 randomised genomes at the observed yield of 0.26 per genome, would be required. We therefore present the GC evidence as a complementary and independent line of support, not as a significance claim about any single candidate.
A12: We are grateful to the reviewer. The analysis prompted by this comment has yielded a reproducible compositional signature of real tRNAs that is consistent across two independent reference sets, a criterion set that removes all current false positives while retaining 92-98% of real tRNAs, and a quantitative demonstration that adding compositional information improves discrimination over the positional model alone. The manuscript has been revised accordingly in the Methods, Results, Discussion, Table 1, Table 2 and the Supplementary Data.
