Workbook

Sheet GC_Summary
A1: Methanosarcina barkeri str. Wiesmoor (MBSW) genomic tRNAs - G+C content of tRNA sequence, 4 stems + 3D base pairs, and 4 loops
A3: tRNA | B3: Length (nt) | C3: Total G | D3: Total C | E3: Total G+C | F3: Overall G+C % | G3: Acceptor stem G+C | H3: D-stem G+C | I3: AC-stem G+C | J3: T-stem G+C | K3: 4 stems G+C (of 42 nt) | L3: 4 stems G+C % | M3: 3D BP G+C (of 14 nt) | N3: 3D BP G+C % | O3: 4 stems + 3D G+C (of 56 nt) | P3: 4 stems + 3D G+C % | Q3: D-loop G+C | R3: AC-loop G+C | S3: Variable loop G+C | T3: TΨC-loop G+C | U3: 4 loops length (nt) | V3: 4 loops G+C | W3: 4 loops G+C % | X3: Pos 8 nt | Y3: Pos 9 nt | Z3: Pos 26 nt | AA3: G in 8, 9, 26 | AB3: C in 8, 9, 26 | AC3: G+C in 8, 9, 26 (of 3 nt) | AD3: 8, 9, 26 G+C % | AE3: Check: stems + loops + 8,9,26 G+C = total G+C | AF3: Non-stem nt (4 loops + 8, 9, 26) | AG3: Non-stem G+C | AH3: GC_nonstem % | AI3: GC_stem % (4 stems, 42 nt) | AJ3: ΔGC = GC_stem − GC_nonstem
A4: tRNA-Ala-CGC-1-1 | B4: =COUNTIF(Positions!$B$2:$B$4694,A4) -> 71 | C4: =COUNTIFS(Positions!$B$2:$B$4694,A4,Positions!$E$2:$E$4694,"G") -> 23 | D4: =COUNTIFS(Positions!$B$2:$B$4694,A4,Positions!$E$2:$E$4694,"C") -> 19 | E4: =C4+D4 -> 42 | F4: =E4/B4 -> 0.5915493 | G4: =SUMIFS(Stems_3D_BP!$K$2:$K$1765,Stems_3D_BP!$A$2:$A$1765,$A4,Stems_3D_BP!$B$2:$B$1765,"Acceptor stem") -> 11 | H4: =SUMIFS(Stems_3D_BP!$K$2:$K$1765,Stems_3D_BP!$A$2:$A$1765,$A4,Stems_3D_BP!$B$2:$B$1765,"D-stem") -> 4 | I4: =SUMIFS(Stems_3D_BP!$K$2:$K$1765,Stems_3D_BP!$A$2:$A$1765,$A4,Stems_3D_BP!$B$2:$B$1765,"Anticodon stem") -> 4 | J4: =SUMIFS(Stems_3D_BP!$K$2:$K$1765,Stems_3D_BP!$A$2:$A$1765,$A4,Stems_3D_BP!$B$2:$B$1765,"T-stem") -> 10 | K4: =SUM(G4:J4) -> 29 | L4: =K4/42 -> 0.69047619 | M4: =SUMIFS(Stems_3D_BP!$K$2:$K$1765,Stems_3D_BP!$A$2:$A$1765,$A4,Stems_3D_BP!$B$2:$B$1765,"3D (tertiary) BP") -> 6 | N4: =M4/14 -> 0.42857143 | O4: =K4+M4 -> 35 | P4: =O4/56 -> 0.625 | Q4: =SUMIFS(Loops!$I$2:$I$316,Loops!$A$2:$A$316,$A4,Loops!$B$2:$B$316,"D-loop") -> 4 | R4: =SUMIFS(Loops!$I$2:$I$316,Loops!$A$2:$A$316,$A4,Loops!$B$2:$B$316,"Anticodon loop") -> 3 | S4: =SUMIFS(Loops!$I$2:$I$316,Loops!$A$2:$A$316,$A4,Loops!$B$2:$B$316,"Variable loop") -> 4 | T4: =SUMIFS(Loops!$I$2:$I$316,Loops!$A$2:$A$316,$A4,Loops!$B$2:$B$316,"TΨC-loop") -> 1 | U4: =SUMIFS(Loops!$F$2:$F$316,Loops!$A$2:$A$316,$A4)-SUMIFS(Loops!$F$2:$F$316,Loops!$A$2:$A$316,$A4,Loops!$B$2:$B$316,"Positions 8, 9, 26") -> 26 | V4: =SUM(Q4:T4) -> 12 | W4: =V4/U4 -> 0.46153846 | X4: =INDEX(Positions!$E$2:$E$4694,MATCH($A4&"|8",Positions!$A$2:$A$4694,0)) -> U | Y4: =INDEX(Positions!$E$2:$E$4694,MATCH($A4&"|9",Positions!$A$2:$A$4694,0)) -> A | Z4: =INDEX(Positions!$E$2:$E$4694,MATCH($A4&"|26",Positions!$A$2:$A$4694,0)) -> G | AA4: =(X4="G")+(Y4="G")+(Z4="G") -> 1 | AB4: =(X4="C")+(Y4="C")+(Z4="C") -> 0 | AC4: =AA4+AB4 -> 1 | AD4: =AC4/3 -> 0.33333333 | AE4: =IF(K4+V4+AC4=E4,"OK","MISMATCH") -> OK | AF4: =B4-42 -> 29 | AG4: =V4+AC4 -> 13 | AH4: =AG4/AF4 -> 0.44827586 | AI4: =L4 -> 0.69047619 | AJ4: =AI4-AH4 -> 0.24220033
A5: tRNA-Ala-GGC-1-1 | B5: =COUNTIF(Positions!$B$2:$B$4694,A5) -> 71 | C5: =COUNTIFS(Positions!$B$2:$B$4694,A5,Positions!$E$2:$E$4694,"G") -> 25 | D5: =COUNTIFS(Positions!$B$2:$B$4694,A5,Positions!$E$2:$E$4694,"C") -> 19 | E5: =C5+D5 -> 44 | F5: =E5/B5 -> 0.61971831 | G5: =SUMIFS(Stems_3D_BP!$K$2:$K$1765,Stems_3D_BP!$A$2:$A$1765,$A5,Stems_3D_BP!$B$2:$B$1765,"Acceptor stem") -> 13 | H5: =SUMIFS(Stems_3D_BP!$K$2:$K$1765,Stems_3D_BP!$A$2:$A$1765,$A5,Stems_3D_BP!$B$2:$B$1765,"D-stem") -> 4 | I5: =SUMIFS(Stems_3D_BP!$K$2:$K$1765,Stems_3D_BP!$A$2:$A$1765,$A5,Stems_3D_BP!$B$2:$B$1765,"Anticodon stem") -> 6 | J5: =SUMIFS(Stems_3D_BP!$K$2:$K$1765,Stems_3D_BP!$A$2:$A$1765,$A5,Stems_3D_BP!$B$2:$B$1765,"T-stem") -> 8 | K5: =SUM(G5:J5) -> 31 | L5: =K5/42 -> 0.73809524 | M5: =SUMIFS(Stems_3D_BP!$K$2:$K$1765,Stems_3D_BP!$A$2:$A$1765,$A5,Stems_3D_BP!$B$2:$B$1765,"3D (tertiary) BP") -> 6 | N5: =M5/14 -> 0.42857143 | O5: =K5+M5 -> 37 | P5: =O5/56 -> 0.66071429 | Q5: =SUMIFS(Loops!$I$2:$I$316,Loops!$A$2:$A$316,$A5,Loops!$B$2:$B$316,"D-loop") -> 4 | R5: =SUMIFS(Loops!$I$2:$I$316,Loops!$A$2:$A$316,$A5,Loops!$B$2:$B$316,"Anticodon loop") -> 3 | S5: =SUMIFS(Loops!$I$2:$I$316,Loops!$A$2:$A$316,$A5,Loops!$B$2:$B$316,"Variable loop") -> 4 | T5: =SUMIFS(Loops!$I$2:$I$316,Loops!$A$2:$A$316,$A5,Loops!$B$2:$B$316,"TΨC-loop") -> 1 | U5: =SUMIFS(Loops!$F$2:$F$316,Loops!$A$2:$A$316,$A5)-SUMIFS(Loops!$F$2:$F$316,Loops!$A$2:$A$316,$A5,Loops!$B$2:$B$316,"Positions 8, 9, 26") -> 26 | V5: =SUM(Q5:T5) -> 12 | W5: =V5/U5 -> 0.46153846 | X5: =INDEX(Positions!$E$2:$E$4694,MATCH($A5&"|8",Positions!$A$2:$A$4694,0)) -> U | Y5: =INDEX(Positions!$E$2:$E$4694,MATCH($A5&"|9",Positions!$A$2:$A$4694,0)) -> A | Z5: =INDEX(Positions!$E$2:$E$4694,MATCH($A5&"|26",Positions!$A$2:$A$4694,0)) -> G | AA5: =(X5="G")+(Y5="G")+(Z5="G") -> 1 | AB5: =(X5="C")+(Y5="C")+(Z5="C") -> 0 | AC5: =AA5+AB5 -> 1 | AD5: =AC5/3 -> 0.33333333 | AE5: =IF(K5+V5+AC5=E5,"OK","MISMATCH") -> OK | AF5: =B5-42 -> 29 | AG5: =V5+AC5 -> 13 | AH5: =AG5/AF5 -> 0.44827586 | AI5: =L5 -> 0.73809524 | AJ5: =AI5-AH5 -> 0.28981938
A6: tRNA-Ala-TGC-1-1 | B6: =COUNTIF(Positions!$B$2:$B$4694,A6) -> 72 | C6: =COUNTIFS(Positions!$B$2:$B$4694,A6,Positions!$E$2:$E$4694,"G") -> 23 | D6: =COUNTIFS(Positions!$B$2:$B$4694,A6,Positions!$E$2:$E$4694,"C") -> 18 | E6: =C6+D6 -> 41 | F6: =E6/B6 -> 0.56944444 | G6: =SUMIFS(Stems_3D_BP!$K$2:$K$1765,Stems_3D_BP!$A$2:$A$1765,$A6,Stems_3D_BP!$B$2:$B$1765,"Acceptor stem") -> 9 | H6: =SUMIFS(Stems_3D_BP!$K$2:$K$1765,Stems_3D_BP!$A$2:$A$1765,$A6,Stems_3D_BP!$B$2:$B$1765,"D-stem") -> 4 | I6: =SUMIFS(Stems_3D_BP!$K$2:$K$1765,Stems_3D_BP!$A$2:$A$1765,$A6,Stems_3D_BP!$B$2:$B$1765,"Anticodon stem") -> 8 | J6: =SUMIFS(Stems_3D_BP!$K$2:$K$1765,Stems_3D_BP!$A$2:$A$1765,$A6,Stems_3D_BP!$B$2:$B$1765,"T-stem") -> 8 | K6: =SUM(G6:J6) -> 29 | L6: =K6/42 -> 0.69047619 | M6: =SUMIFS(Stems_3D_BP!$K$2:$K$1765,Stems_3D_BP!$A$2:$A$1765,$A6,Stems_3D_BP!$B$2:$B$1765,"3D (tertiary) BP") -> 6 | N6: =M6/14 -> 0.42857143 | O6: =K6+M6 -> 35 | P6: =O6/56 -> 0.625 | Q6: =SUMIFS(Loops!$I$2:$I$316,Loops!$A$2:$A$316,$A6,Loops!$B$2:$B$316,"D-loop") -> 3 | R6: =SUMIFS(Loops!$I$2:$I$316,Loops!$A$2:$A$316,$A6,Loops!$B$2:$B$316,"Anticodon loop") -> 2 | S6: =SUMIFS(Loops!$I$2:$I$316,Loops!$A$2:$A$316,$A6,Loops!$B$2:$B$316,"Variable loop") -> 4 | T6: =SUMIFS(Loops!$I$2:$I$316,Loops!$A$2:$A$316,$A6,Loops!$B$2:$B$316,"TΨC-loop") -> 2 | U6: =SUMIFS(Loops!$F$2:$F$316,Loops!$A$2:$A$316,$A6)-SUMIFS(Loops!$F$2:$F$316,Loops!$A$2:$A$316,$A6,Loops!$B$2:$B$316,"Positions 8, 9, 26") -> 27 | V6: =SUM(Q6:T6) -> 11 | W6: =V6/U6 -> 0.40740741 | X6: =INDEX(Positions!$E$2:$E$4694,MATCH($A6&"|8",Positions!$A$2:$A$4694,0)) -> U | Y6: =INDEX(Positions!$E$2:$E$4694,MATCH($A6&"|9",Positions!$A$2:$A$4694,0)) -> A | Z6: =INDEX(Positions!$E$2:$E$4694,MATCH($A6&"|26",Positions!$A$2:$A$4694,0)) -> G | AA6: =(X6="G")+(Y6="G")+(Z6="G") -> 1 | AB6: =(X6="C")+(Y6="C")+(Z6="C") -> 0 | AC6: =AA6+AB6 -> 1 | AD6: =AC6/3 -> 0.33333333 | AE6: =IF(K6+V6+AC6=E6,"OK","MISMATCH") -> OK | AF6: =B6-42 -> 30 | AG6: =V6+AC6 -> 12 | AH6: =AG6/AF6 -> 0.4 | AI6: =L6 -> 0.69047619 | AJ6: =AI6-AH6 -> 0.29047619
A7: tRNA-Arg-CCG-1-1 | B7: =COUNTIF(Positions!$B$2:$B$4694,A7) -> 71 | C7: =COUNTIFS(Positions!$B$2:$B$4694,A7,Positions!$E$2:$E$4694,"G") -> 21 | D7: =COUNTIFS(Positions!$B$2:$B$4694,A7,Positions!$E$2:$E$4694,"C") -> 19 | E7: =C7+D7 -> 40 | F7: =E7/B7 -> 0.56338028 | G7: =SUMIFS(Stems_3D_BP!$K$2:$K$1765,Stems_3D_BP!$A$2:$A$1765,$A7,Stems_3D_BP!$B$2:$B$1765,"Acceptor stem") -> 8 | H7: =SUMIFS(Stems_3D_BP!$K$2:$K$1765,Stems_3D_BP!$A$2:$A$1765,$A7,Stems_3D_BP!$B$2:$B$1765,"D-stem") -> 4 | I7: =SUMIFS(Stems_3D_BP!$K$2:$K$1765,Stems_3D_BP!$A$2:$A$1765,$A7,Stems_3D_BP!$B$2:$B$1765,"Anticodon stem") -> 8 | J7: =SUMIFS(Stems_3D_BP!$K$2:$K$1765,Stems_3D_BP!$A$2:$A$1765,$A7,Stems_3D_BP!$B$2:$B$1765,"T-stem") -> 8 | K7: =SUM(G7:J7) -> 28 | L7: =K7/42 -> 0.66666667 | M7: =SUMIFS(Stems_3D_BP!$K$2:$K$1765,Stems_3D_BP!$A$2:$A$1765,$A7,Stems_3D_BP!$B$2:$B$1765,"3D (tertiary) BP") -> 7 | N7: =M7/14 -> 0.5 | O7: =K7+M7 -> 35 | P7: =O7/56 -> 0.625 | Q7: =SUMIFS(Loops!$I$2:$I$316,Loops!$A$2:$A$316,$A7,Loops!$B$2:$B$316,"D-loop") -> 3 | R7: =SUMIFS(Loops!$I$2:$I$316,Loops!$A$2:$A$316,$A7,Loops!$B$2:$B$316,"Anticodon loop") -> 5 | S7: =SUMIFS(Loops!$I$2:$I$316,Loops!$A$2:$A$316,$A7,Loops!$B$2:$B$316,"Variable loop") -> 2 | T7: =SUMIFS(Loops!$I$2:$I$316,Loops!$A$2:$A$316,$A7,Loops!$B$2:$B$316,"TΨC-loop") -> 2 | U7: =SUMIFS(Loops!$F$2:$F$316,Loops!$A$2:$A$316,$A7)-SUMIFS(Loops!$F$2:$F$316,Loops!$A$2:$A$316,$A7,Loops!$B$2:$B$316,"Positions 8, 9, 26") -> 26 | V7: =SUM(Q7:T7) -> 12 | W7: =V7/U7 -> 0.46153846 | X7: =INDEX(Positions!$E$2:$E$4694,MATCH($A7&"|8",Positions!$A$2:$A$4694,0)) -> U | Y7: =INDEX(Positions!$E$2:$E$4694,MATCH($A7&"|9",Positions!$A$2:$A$4694,0)) -> A | Z7: =INDEX(Positions!$E$2:$E$4694,MATCH($A7&"|26",Positions!$A$2:$A$4694,0)) -> U | AA7: =(X7="G")+(Y7="G")+(Z7="G") -> 0 | AB7: =(X7="C")+(Y7="C")+(Z7="C") -> 0 | AC7: =AA7+AB7 -> 0 | AD7: =AC7/3 -> 0 | AE7: =IF(K7+V7+AC7=E7,"OK","MISMATCH") -> OK | AF7: =B7-42 -> 29 | AG7: =V7+AC7 -> 12 | AH7: =AG7/AF7 -> 0.4137931 | AI7: =L7 -> 0.66666667 | AJ7: =AI7-AH7 -> 0.25287356
A8: tRNA-Arg-CCT-1-1 | B8: =COUNTIF(Positions!$B$2:$B$4694,A8) -> 74 | C8: =COUNTIFS(Positions!$B$2:$B$4694,A8,Positions!$E$2:$E$4694,"G") -> 24 | D8: =COUNTIFS(Positions!$B$2:$B$4694,A8,Positions!$E$2:$E$4694,"C") -> 23 | E8: =C8+D8 -> 47 | F8: =E8/B8 -> 0.63513514 | G8: =SUMIFS(Stems_3D_BP!$K$2:$K$1765,Stems_3D_BP!$A$2:$A$1765,$A8,Stems_3D_BP!$B$2:$B$1765,"Acceptor stem") -> 14 | H8: =SUMIFS(Stems_3D_BP!$K$2:$K$1765,Stems_3D_BP!$A$2:$A$1765,$A8,Stems_3D_BP!$B$2:$B$1765,"D-stem") -> 6 | I8: =SUMIFS(Stems_3D_BP!$K$2:$K$1765,Stems_3D_BP!$A$2:$A$1765,$A8,Stems_3D_BP!$B$2:$B$1765,"Anticodon stem") -> 7 | J8: =SUMIFS(Stems_3D_BP!$K$2:$K$1765,Stems_3D_BP!$A$2:$A$1765,$A8,Stems_3D_BP!$B$2:$B$1765,"T-stem") -> 8 | K8: =SUM(G8:J8) -> 35 | L8: =K8/42 -> 0.83333333 | M8: =SUMIFS(Stems_3D_BP!$K$2:$K$1765,Stems_3D_BP!$A$2:$A$1765,$A8,Stems_3D_BP!$B$2:$B$1765,"3D (tertiary) BP") -> 7 | N8: =M8/14 -> 0.5 | O8: =K8+M8 -> 42 | P8: =O8/56 -> 0.75 | Q8: =SUMIFS(Loops!$I$2:$I$316,Loops!$A$2:$A$316,$A8,Loops!$B$2:$B$316,"D-loop") -> 5 | R8: =SUMIFS(Loops!$I$2:$I$316,Loops!$A$2:$A$316,$A8,Loops!$B$2:$B$316,"Anticodon loop") -> 3 | S8: =SUMIFS(Loops!$I$2:$I$316,Loops!$A$2:$A$316,$A8,Loops!$B$2:$B$316,"Variable loop") -> 1 | T8: =SUMIFS(Loops!$I$2:$I$316,Loops!$A$2:$A$316,$A8,Loops!$B$2:$B$316,"TΨC-loop") -> 1 | U8: =SUMIFS(Loops!$F$2:$F$316,Loops!$A$2:$A$316,$A8)-SUMIFS(Loops!$F$2:$F$316,Loops!$A$2:$A$316,$A8,Loops!$B$2:$B$316,"Positions 8, 9, 26") -> 29 | V8: =SUM(Q8:T8) -> 10 | W8: =V8/U8 -> 0.34482759 | X8: =INDEX(Positions!$E$2:$E$4694,MATCH($A8&"|8",Positions!$A$2:$A$4694,0)) -> U | Y8: =INDEX(Positions!$E$2:$E$4694,MATCH($A8&"|9",Positions!$A$2:$A$4694,0)) -> G | Z8: =INDEX(Positions!$E$2:$E$4694,MATCH($A8&"|26",Positions!$A$2:$A$4694,0)) -> G | AA8: =(X8="G")+(Y8="G")+(Z8="G") -> 2 | AB8: =(X8="C")+(Y8="C")+(Z8="C") -> 0 | AC8: =AA8+AB8 -> 2 | AD8: =AC8/3 -> 0.66666667 | AE8: =IF(K8+V8+AC8=E8,"OK","MISMATCH") -> OK | AF8: =B8-42 -> 32 | AG8: =V8+AC8 -> 12 | AH8: =AG8/AF8 -> 0.375 | AI8: =L8 -> 0.83333333 | AJ8: =AI8-AH8 -> 0.45833333
A9: tRNA-Arg-GCG-1-1 | B9: =COUNTIF(Positions!$B$2:$B$4694,A9) -> 71 | C9: =COUNTIFS(Positions!$B$2:$B$4694,A9,Positions!$E$2:$E$4694,"G") -> 23 | D9: =COUNTIFS(Positions!$B$2:$B$4694,A9,Positions!$E$2:$E$4694,"C") -> 17 | E9: =C9+D9 -> 40 | F9: =E9/B9 -> 0.56338028 | G9: =SUMIFS(Stems_3D_BP!$K$2:$K$1765,Stems_3D_BP!$A$2:$A$1765,$A9,Stems_3D_BP!$B$2:$B$1765,"Acceptor stem") -> 10 | H9: =SUMIFS(Stems_3D_BP!$K$2:$K$1765,Stems_3D_BP!$A$2:$A$1765,$A9,Stems_3D_BP!$B$2:$B$1765,"D-stem") -> 5 | I9: =SUMIFS(Stems_3D_BP!$K$2:$K$1765,Stems_3D_BP!$A$2:$A$1765,$A9,Stems_3D_BP!$B$2:$B$1765,"Anticodon stem") -> 7 | J9: =SUMIFS(Stems_3D_BP!$K$2:$K$1765,Stems_3D_BP!$A$2:$A$1765,$A9,Stems_3D_BP!$B$2:$B$1765,"T-stem") -> 6 | K9: =SUM(G9:J9) -> 28 | L9: =K9/42 -> 0.66666667 | M9: =SUMIFS(Stems_3D_BP!$K$2:$K$1765,Stems_3D_BP!$A$2:$A$1765,$A9,Stems_3D_BP!$B$2:$B$1765,"3D (tertiary) BP") -> 6 | N9: =M9/14 -> 0.42857143 | O9: =K9+M9 -> 34 | P9: =O9/56 -> 0.60714286 | Q9: =SUMIFS(Loops!$I$2:$I$316,Loops!$A$2:$A$316,$A9,Loops!$B$2:$B$316,"D-loop") -> 3 | R9: =SUMIFS(Loops!$I$2:$I$316,Loops!$A$2:$A$316,$A9,Loops!$B$2:$B$316,"Anticodon loop") -> 5 | S9: =SUMIFS(Loops!$I$2:$I$316,Loops!$A$2:$A$316,$A9,Loops!$B$2:$B$316,"Variable loop") -> 2 | T9: =SUMIFS(Loops!$I$2:$I$316,Loops!$A$2:$A$316,$A9,Loops!$B$2:$B$316,"TΨC-loop") -> 2 | U9: =SUMIFS(Loops!$F$2:$F$316,Loops!$A$2:$A$316,$A9)-SUMIFS(Loops!$F$2:$F$316,Loops!$A$2:$A$316,$A9,Loops!$B$2:$B$316,"Positions 8, 9, 26") -> 26 | V9: =SUM(Q9:T9) -> 12 | W9: =V9/U9 -> 0.46153846 | X9: =INDEX(Positions!$E$2:$E$4694,MATCH($A9&"|8",Positions!$A$2:$A$4694,0)) -> U | Y9: =INDEX(Positions!$E$2:$E$4694,MATCH($A9&"|9",Positions!$A$2:$A$4694,0)) -> A | Z9: =INDEX(Positions!$E$2:$E$4694,MATCH($A9&"|26",Positions!$A$2:$A$4694,0)) -> U | AA9: =(X9="G")+(Y9="G")+(Z9="G") -> 0 | AB9: =(X9="C")+(Y9="C")+(Z9="C") -> 0 | AC9: =AA9+AB9 -> 0 | AD9: =AC9/3 -> 0 | AE9: =IF(K9+V9+AC9=E9,"OK","MISMATCH") -> OK | AF9: =B9-42 -> 29 | AG9: =V9+AC9 -> 12 | AH9: =AG9/AF9 -> 0.4137931 | AI9: =L9 -> 0.66666667 | AJ9: =AI9-AH9 -> 0.25287356
A10: tRNA-Arg-TCG-1-1 | B10: =COUNTIF(Positions!$B$2:$B$4694,A10) -> 73 | C10: =COUNTIFS(Positions!$B$2:$B$4694,A10,Positions!$E$2:$E$4694,"G") -> 24 | D10: =COUNTIFS(Positions!$B$2:$B$4694,A10,Positions!$E$2:$E$4694,"C") -> 20 | E10: =C10+D10 -> 44 | F10: =E10/B10 -> 0.60273973 | G10: =SUMIFS(Stems_3D_BP!$K$2:$K$1765,Stems_3D_BP!$A$2:$A$1765,$A10,Stems_3D_BP!$B$2:$B$1765,"Acceptor stem") -> 13 | H10: =SUMIFS(Stems_3D_BP!$K$2:$K$1765,Stems_3D_BP!$A$2:$A$1765,$A10,Stems_3D_BP!$B$2:$B$1765,"D-stem") -> 5 | I10: =SUMIFS(Stems_3D_BP!$K$2:$K$1765,Stems_3D_BP!$A$2:$A$1765,$A10,Stems_3D_BP!$B$2:$B$1765,"Anticodon stem") -> 6 | J10: =SUMIFS(Stems_3D_BP!$K$2:$K$1765,Stems_3D_BP!$A$2:$A$1765,$A10,Stems_3D_BP!$B$2:$B$1765,"T-stem") -> 8 | K10: =SUM(G10:J10) -> 32 | L10: =K10/42 -> 0.76190476 | M10: =SUMIFS(Stems_3D_BP!$K$2:$K$1765,Stems_3D_BP!$A$2:$A$1765,$A10,Stems_3D_BP!$B$2:$B$1765,"3D (tertiary) BP") -> 6 | N10: =M10/14 -> 0.42857143 | O10: =K10+M10 -> 38 | P10: =O10/56 -> 0.67857143 | Q10: =SUMIFS(Loops!$I$2:$I$316,Loops!$A$2:$A$316,$A10,Loops!$B$2:$B$316,"D-loop") -> 5 | R10: =SUMIFS(Loops!$I$2:$I$316,Loops!$A$2:$A$316,$A10,Loops!$B$2:$B$316,"Anticodon loop") -> 3 | S10: =SUMIFS(Loops!$I$2:$I$316,Loops!$A$2:$A$316,$A10,Loops!$B$2:$B$316,"Variable loop") -> 2 | T10: =SUMIFS(Loops!$I$2:$I$316,Loops!$A$2:$A$316,$A10,Loops!$B$2:$B$316,"TΨC-loop") -> 2 | U10: =SUMIFS(Loops!$F$2:$F$316,Loops!$A$2:$A$316,$A10)-SUMIFS(Loops!$F$2:$F$316,Loops!$A$2:$A$316,$A10,Loops!$B$2:$B$316,"Positions 8, 9, 26") -> 28 | V10: =SUM(Q10:T10) -> 12 | W10: =V10/U10 -> 0.42857143 | X10: =INDEX(Positions!$E$2:$E$4694,MATCH($A10&"|8",Positions!$A$2:$A$4694,0)) -> U | Y10: =INDEX(Positions!$E$2:$E$4694,MATCH($A10&"|9",Positions!$A$2:$A$4694,0)) -> A | Z10: =INDEX(Positions!$E$2:$E$4694,MATCH($A10&"|26",Positions!$A$2:$A$4694,0)) -> A | AA10: =(X10="G")+(Y10="G")+(Z10="G") -> 0 | AB10: =(X10="C")+(Y10="C")+(Z10="C") -> 0 | AC10: =AA10+AB10 -> 0 | AD10: =AC10/3 -> 0 | AE10: =IF(K10+V10+AC10=E10,"OK","MISMATCH") -> OK | AF10: =B10-42 -> 31 | AG10: =V10+AC10 -> 12 | AH10: =AG10/AF10 -> 0.38709677 | AI10: =L10 -> 0.76190476 | AJ10: =AI10-AH10 -> 0.37480799
A11: tRNA-Arg-TCT-1-1 | B11: =COUNTIF(Positions!$B$2:$B$4694,A11) -> 74 | C11: =COUNTIFS(Positions!$B$2:$B$4694,A11,Positions!$E$2:$E$4694,"G") -> 23 | D11: =COUNTIFS(Positions!$B$2:$B$4694,A11,Positions!$E$2:$E$4694,"C") -> 22 | E11: =C11+D11 -> 45 | F11: =E11/B11 -> 0.60810811 | G11: =SUMIFS(Stems_3D_BP!$K$2:$K$1765,Stems_3D_BP!$A$2:$A$1765,$A11,Stems_3D_BP!$B$2:$B$1765,"Acceptor stem") -> 12 | H11: =SUMIFS(Stems_3D_BP!$K$2:$K$1765,Stems_3D_BP!$A$2:$A$1765,$A11,Stems_3D_BP!$B$2:$B$1765,"D-stem") -> 4 | I11: =SUMIFS(Stems_3D_BP!$K$2:$K$1765,Stems_3D_BP!$A$2:$A$1765,$A11,Stems_3D_BP!$B$2:$B$1765,"Anticodon stem") -> 8 | J11: =SUMIFS(Stems_3D_BP!$K$2:$K$1765,Stems_3D_BP!$A$2:$A$1765,$A11,Stems_3D_BP!$B$2:$B$1765,"T-stem") -> 8 | K11: =SUM(G11:J11) -> 32 | L11: =K11/42 -> 0.76190476 | M11: =SUMIFS(Stems_3D_BP!$K$2:$K$1765,Stems_3D_BP!$A$2:$A$1765,$A11,Stems_3D_BP!$B$2:$B$1765,"3D (tertiary) BP") -> 7 | N11: =M11/14 -> 0.5 | O11: =K11+M11 -> 39 | P11: =O11/56 -> 0.69642857 | Q11: =SUMIFS(Loops!$I$2:$I$316,Loops!$A$2:$A$316,$A11,Loops!$B$2:$B$316,"D-loop") -> 5 | R11: =SUMIFS(Loops!$I$2:$I$316,Loops!$A$2:$A$316,$A11,Loops!$B$2:$B$316,"Anticodon loop") -> 2 | S11: =SUMIFS(Loops!$I$2:$I$316,Loops!$A$2:$A$316,$A11,Loops!$B$2:$B$316,"Variable loop") -> 3 | T11: =SUMIFS(Loops!$I$2:$I$316,Loops!$A$2:$A$316,$A11,Loops!$B$2:$B$316,"TΨC-loop") -> 1 | U11: =SUMIFS(Loops!$F$2:$F$316,Loops!$A$2:$A$316,$A11)-SUMIFS(Loops!$F$2:$F$316,Loops!$A$2:$A$316,$A11,Loops!$B$2:$B$316,"Positions 8, 9, 26") -> 29 | V11: =SUM(Q11:T11) -> 11 | W11: =V11/U11 -> 0.37931034 | X11: =INDEX(Positions!$E$2:$E$4694,MATCH($A11&"|8",Positions!$A$2:$A$4694,0)) -> U | Y11: =INDEX(Positions!$E$2:$E$4694,MATCH($A11&"|9",Positions!$A$2:$A$4694,0)) -> G | Z11: =INDEX(Positions!$E$2:$E$4694,MATCH($A11&"|26",Positions!$A$2:$A$4694,0)) -> G | AA11: =(X11="G")+(Y11="G")+(Z11="G") -> 2 | AB11: =(X11="C")+(Y11="C")+(Z11="C") -> 0 | AC11: =AA11+AB11 -> 2 | AD11: =AC11/3 -> 0.66666667 | AE11: =IF(K11+V11+AC11=E11,"OK","MISMATCH") -> OK | AF11: =B11-42 -> 32 | AG11: =V11+AC11 -> 13 | AH11: =AG11/AF11 -> 0.40625 | AI11: =L11 -> 0.76190476 | AJ11: =AI11-AH11 -> 0.35565476
A12: tRNA-Asn-GTT-1-1 | B12: =COUNTIF(Positions!$B$2:$B$4694,A12) -> 72 | C12: =COUNTIFS(Positions!$B$2:$B$4694,A12,Positions!$E$2:$E$4694,"G") -> 22 | D12: =COUNTIFS(Positions!$B$2:$B$4694,A12,Positions!$E$2:$E$4694,"C") -> 17 | E12: =C12+D12 -> 39 | F12: =E12/B12 -> 0.54166667 | G12: =SUMIFS(Stems_3D_BP!$K$2:$K$1765,Stems_3D_BP!$A$2:$A$1765,$A12,Stems_3D_BP!$B$2:$B$1765,"Acceptor stem") -> 10 | H12: =SUMIFS(Stems_3D_BP!$K$2:$K$1765,Stems_3D_BP!$A$2:$A$1765,$A12,Stems_3D_BP!$B$2:$B$1765,"D-stem") -> 4 | I12: =SUMIFS(Stems_3D_BP!$K$2:$K$1765,Stems_3D_BP!$A$2:$A$1765,$A12,Stems_3D_BP!$B$2:$B$1765,"Anticodon stem") -> 6 | J12: =SUMIFS(Stems_3D_BP!$K$2:$K$1765,Stems_3D_BP!$A$2:$A$1765,$A12,Stems_3D_BP!$B$2:$B$1765,"T-stem") -> 7 | K12: =SUM(G12:J12) -> 27 | L12: =K12/42 -> 0.64285714 | M12: =SUMIFS(Stems_3D_BP!$K$2:$K$1765,Stems_3D_BP!$A$2:$A$1765,$A12,Stems_3D_BP!$B$2:$B$1765,"3D (tertiary) BP") -> 7 | N12: =M12/14 -> 0.5 | O12: =K12+M12 -> 34 | P12: =O12/56 -> 0.60714286 | Q12: =SUMIFS(Loops!$I$2:$I$316,Loops!$A$2:$A$316,$A12,Loops!$B$2:$B$316,"D-loop") -> 3 | R12: =SUMIFS(Loops!$I$2:$I$316,Loops!$A$2:$A$316,$A12,Loops!$B$2:$B$316,"Anticodon loop") -> 2 | S12: =SUMIFS(Loops!$I$2:$I$316,Loops!$A$2:$A$316,$A12,Loops!$B$2:$B$316,"Variable loop") -> 2 | T12: =SUMIFS(Loops!$I$2:$I$316,Loops!$A$2:$A$316,$A12,Loops!$B$2:$B$316,"TΨC-loop") -> 4 | U12: =SUMIFS(Loops!$F$2:$F$316,Loops!$A$2:$A$316,$A12)-SUMIFS(Loops!$F$2:$F$316,Loops!$A$2:$A$316,$A12,Loops!$B$2:$B$316,"Positions 8, 9, 26") -> 27 | V12: =SUM(Q12:T12) -> 11 | W12: =V12/U12 -> 0.40740741 | X12: =INDEX(Positions!$E$2:$E$4694,MATCH($A12&"|8",Positions!$A$2:$A$4694,0)) -> U | Y12: =INDEX(Positions!$E$2:$E$4694,MATCH($A12&"|9",Positions!$A$2:$A$4694,0)) -> A | Z12: =INDEX(Positions!$E$2:$E$4694,MATCH($A12&"|26",Positions!$A$2:$A$4694,0)) -> G | AA12: =(X12="G")+(Y12="G")+(Z12="G") -> 1 | AB12: =(X12="C")+(Y12="C")+(Z12="C") -> 0 | AC12: =AA12+AB12 -> 1 | AD12: =AC12/3 -> 0.33333333 | AE12: =IF(K12+V12+AC12=E12,"OK","MISMATCH") -> OK | AF12: =B12-42 -> 30 | AG12: =V12+AC12 -> 12 | AH12: =AG12/AF12 -> 0.4 | AI12: =L12 -> 0.64285714 | AJ12: =AI12-AH12 -> 0.24285714
A13: tRNA-Asn-GTT-1-2 | B13: =COUNTIF(Positions!$B$2:$B$4694,A13) -> 72 | C13: =COUNTIFS(Positions!$B$2:$B$4694,A13,Positions!$E$2:$E$4694,"G") -> 22 | D13: =COUNTIFS(Positions!$B$2:$B$4694,A13,Positions!$E$2:$E$4694,"C") -> 17 | E13: =C13+D13 -> 39 | F13: =E13/B13 -> 0.54166667 | G13: =SUMIFS(Stems_3D_BP!$K$2:$K$1765,Stems_3D_BP!$A$2:$A$1765,$A13,Stems_3D_BP!$B$2:$B$1765,"Acceptor stem") -> 10 | H13: =SUMIFS(Stems_3D_BP!$K$2:$K$1765,Stems_3D_BP!$A$2:$A$1765,$A13,Stems_3D_BP!$B$2:$B$1765,"D-stem") -> 4 | I13: =SUMIFS(Stems_3D_BP!$K$2:$K$1765,Stems_3D_BP!$A$2:$A$1765,$A13,Stems_3D_BP!$B$2:$B$1765,"Anticodon stem") -> 6 | J13: =SUMIFS(Stems_3D_BP!$K$2:$K$1765,Stems_3D_BP!$A$2:$A$1765,$A13,Stems_3D_BP!$B$2:$B$1765,"T-stem") -> 7 | K13: =SUM(G13:J13) -> 27 | L13: =K13/42 -> 0.64285714 | M13: =SUMIFS(Stems_3D_BP!$K$2:$K$1765,Stems_3D_BP!$A$2:$A$1765,$A13,Stems_3D_BP!$B$2:$B$1765,"3D (tertiary) BP") -> 7 | N13: =M13/14 -> 0.5 | O13: =K13+M13 -> 34 | P13: =O13/56 -> 0.60714286 | Q13: =SUMIFS(Loops!$I$2:$I$316,Loops!$A$2:$A$316,$A13,Loops!$B$2:$B$316,"D-loop") -> 3 | R13: =SUMIFS(Loops!$I$2:$I$316,Loops!$A$2:$A$316,$A13,Loops!$B$2:$B$316,"Anticodon loop") -> 2 | S13: =SUMIFS(Loops!$I$2:$I$316,Loops!$A$2:$A$316,$A13,Loops!$B$2:$B$316,"Variable loop") -> 2 | T13: =SUMIFS(Loops!$I$2:$I$316,Loops!$A$2:$A$316,$A13,Loops!$B$2:$B$316,"TΨC-loop") -> 4 | U13: =SUMIFS(Loops!$F$2:$F$316,Loops!$A$2:$A$316,$A13)-SUMIFS(Loops!$F$2:$F$316,Loops!$A$2:$A$316,$A13,Loops!$B$2:$B$316,"Positions 8, 9, 26") -> 27 | V13: =SUM(Q13:T13) -> 11 | W13: =V13/U13 -> 0.40740741 | X13: =INDEX(Positions!$E$2:$E$4694,MATCH($A13&"|8",Positions!$A$2:$A$4694,0)) -> U | Y13: =INDEX(Positions!$E$2:$E$4694,MATCH($A13&"|9",Positions!$A$2:$A$4694,0)) -> A | Z13: =INDEX(Positions!$E$2:$E$4694,MATCH($A13&"|26",Positions!$A$2:$A$4694,0)) -> G | AA13: =(X13="G")+(Y13="G")+(Z13="G") -> 1 | AB13: =(X13="C")+(Y13="C")+(Z13="C") -> 0 | AC13: =AA13+AB13 -> 1 | AD13: =AC13/3 -> 0.33333333 | AE13: =IF(K13+V13+AC13=E13,"OK","MISMATCH") -> OK | AF13: =B13-42 -> 30 | AG13: =V13+AC13 -> 12 | AH13: =AG13/AF13 -> 0.4 | AI13: =L13 -> 0.64285714 | AJ13: =AI13-AH13 -> 0.24285714
A14: tRNA-Asp-GTC-1-1 | B14: =COUNTIF(Positions!$B$2:$B$4694,A14) -> 72 | C14: =COUNTIFS(Positions!$B$2:$B$4694,A14,Positions!$E$2:$E$4694,"G") -> 25 | D14: =COUNTIFS(Positions!$B$2:$B$4694,A14,Positions!$E$2:$E$4694,"C") -> 21 | E14: =C14+D14 -> 46 | F14: =E14/B14 -> 0.63888889 | G14: =SUMIFS(Stems_3D_BP!$K$2:$K$1765,Stems_3D_BP!$A$2:$A$1765,$A14,Stems_3D_BP!$B$2:$B$1765,"Acceptor stem") -> 11 | H14: =SUMIFS(Stems_3D_BP!$K$2:$K$1765,Stems_3D_BP!$A$2:$A$1765,$A14,Stems_3D_BP!$B$2:$B$1765,"D-stem") -> 3 | I14: =SUMIFS(Stems_3D_BP!$K$2:$K$1765,Stems_3D_BP!$A$2:$A$1765,$A14,Stems_3D_BP!$B$2:$B$1765,"Anticodon stem") -> 8 | J14: =SUMIFS(Stems_3D_BP!$K$2:$K$1765,Stems_3D_BP!$A$2:$A$1765,$A14,Stems_3D_BP!$B$2:$B$1765,"T-stem") -> 9 | K14: =SUM(G14:J14) -> 31 | L14: =K14/42 -> 0.73809524 | M14: =SUMIFS(Stems_3D_BP!$K$2:$K$1765,Stems_3D_BP!$A$2:$A$1765,$A14,Stems_3D_BP!$B$2:$B$1765,"3D (tertiary) BP") -> 8 | N14: =M14/14 -> 0.57142857 | O14: =K14+M14 -> 39 | P14: =O14/56 -> 0.69642857 | Q14: =SUMIFS(Loops!$I$2:$I$316,Loops!$A$2:$A$316,$A14,Loops!$B$2:$B$316,"D-loop") -> 5 | R14: =SUMIFS(Loops!$I$2:$I$316,Loops!$A$2:$A$316,$A14,Loops!$B$2:$B$316,"Anticodon loop") -> 4 | S14: =SUMIFS(Loops!$I$2:$I$316,Loops!$A$2:$A$316,$A14,Loops!$B$2:$B$316,"Variable loop") -> 3 | T14: =SUMIFS(Loops!$I$2:$I$316,Loops!$A$2:$A$316,$A14,Loops!$B$2:$B$316,"TΨC-loop") -> 2 | U14: =SUMIFS(Loops!$F$2:$F$316,Loops!$A$2:$A$316,$A14)-SUMIFS(Loops!$F$2:$F$316,Loops!$A$2:$A$316,$A14,Loops!$B$2:$B$316,"Positions 8, 9, 26") -> 27 | V14: =SUM(Q14:T14) -> 14 | W14: =V14/U14 -> 0.51851852 | X14: =INDEX(Positions!$E$2:$E$4694,MATCH($A14&"|8",Positions!$A$2:$A$4694,0)) -> U | Y14: =INDEX(Positions!$E$2:$E$4694,MATCH($A14&"|9",Positions!$A$2:$A$4694,0)) -> A | Z14: =INDEX(Positions!$E$2:$E$4694,MATCH($A14&"|26",Positions!$A$2:$A$4694,0)) -> G | AA14: =(X14="G")+(Y14="G")+(Z14="G") -> 1 | AB14: =(X14="C")+(Y14="C")+(Z14="C") -> 0 | AC14: =AA14+AB14 -> 1 | AD14: =AC14/3 -> 0.33333333 | AE14: =IF(K14+V14+AC14=E14,"OK","MISMATCH") -> OK | AF14: =B14-42 -> 30 | AG14: =V14+AC14 -> 15 | AH14: =AG14/AF14 -> 0.5 | AI14: =L14 -> 0.73809524 | AJ14: =AI14-AH14 -> 0.23809524
A15: tRNA-Cys-GCA-1-1 | B15: =COUNTIF(Positions!$B$2:$B$4694,A15) -> 71 | C15: =COUNTIFS(Positions!$B$2:$B$4694,A15,Positions!$E$2:$E$4694,"G") -> 22 | D15: =COUNTIFS(Positions!$B$2:$B$4694,A15,Positions!$E$2:$E$4694,"C") -> 21 | E15: =C15+D15 -> 43 | F15: =E15/B15 -> 0.6056338 | G15: =SUMIFS(Stems_3D_BP!$K$2:$K$1765,Stems_3D_BP!$A$2:$A$1765,$A15,Stems_3D_BP!$B$2:$B$1765,"Acceptor stem") -> 8 | H15: =SUMIFS(Stems_3D_BP!$K$2:$K$1765,Stems_3D_BP!$A$2:$A$1765,$A15,Stems_3D_BP!$B$2:$B$1765,"D-stem") -> 7 | I15: =SUMIFS(Stems_3D_BP!$K$2:$K$1765,Stems_3D_BP!$A$2:$A$1765,$A15,Stems_3D_BP!$B$2:$B$1765,"Anticodon stem") -> 6 | J15: =SUMIFS(Stems_3D_BP!$K$2:$K$1765,Stems_3D_BP!$A$2:$A$1765,$A15,Stems_3D_BP!$B$2:$B$1765,"T-stem") -> 8 | K15: =SUM(G15:J15) -> 29 | L15: =K15/42 -> 0.69047619 | M15: =SUMIFS(Stems_3D_BP!$K$2:$K$1765,Stems_3D_BP!$A$2:$A$1765,$A15,Stems_3D_BP!$B$2:$B$1765,"3D (tertiary) BP") -> 5 | N15: =M15/14 -> 0.35714286 | O15: =K15+M15 -> 34 | P15: =O15/56 -> 0.60714286 | Q15: =SUMIFS(Loops!$I$2:$I$316,Loops!$A$2:$A$316,$A15,Loops!$B$2:$B$316,"D-loop") -> 5 | R15: =SUMIFS(Loops!$I$2:$I$316,Loops!$A$2:$A$316,$A15,Loops!$B$2:$B$316,"Anticodon loop") -> 4 | S15: =SUMIFS(Loops!$I$2:$I$316,Loops!$A$2:$A$316,$A15,Loops!$B$2:$B$316,"Variable loop") -> 2 | T15: =SUMIFS(Loops!$I$2:$I$316,Loops!$A$2:$A$316,$A15,Loops!$B$2:$B$316,"TΨC-loop") -> 2 | U15: =SUMIFS(Loops!$F$2:$F$316,Loops!$A$2:$A$316,$A15)-SUMIFS(Loops!$F$2:$F$316,Loops!$A$2:$A$316,$A15,Loops!$B$2:$B$316,"Positions 8, 9, 26") -> 26 | V15: =SUM(Q15:T15) -> 13 | W15: =V15/U15 -> 0.5 | X15: =INDEX(Positions!$E$2:$E$4694,MATCH($A15&"|8",Positions!$A$2:$A$4694,0)) -> U | Y15: =INDEX(Positions!$E$2:$E$4694,MATCH($A15&"|9",Positions!$A$2:$A$4694,0)) -> G | Z15: =INDEX(Positions!$E$2:$E$4694,MATCH($A15&"|26",Positions!$A$2:$A$4694,0)) -> A | AA15: =(X15="G")+(Y15="G")+(Z15="G") -> 1 | AB15: =(X15="C")+(Y15="C")+(Z15="C") -> 0 | AC15: =AA15+AB15 -> 1 | AD15: =AC15/3 -> 0.33333333 | AE15: =IF(K15+V15+AC15=E15,"OK","MISMATCH") -> OK | AF15: =B15-42 -> 29 | AG15: =V15+AC15 -> 14 | AH15: =AG15/AF15 -> 0.48275862 | AI15: =L15 -> 0.69047619 | AJ15: =AI15-AH15 -> 0.20771757
... A66: tRNA-Val-TAC-1-1 | B66: =COUNTIF(Positions!$B$2:$B$4694,A66) -> 73 | C66: =COUNTIFS(Positions!$B$2:$B$4694,A66,Positions!$E$2:$E$4694,"G") -> 24 | D66: =COUNTIFS(Positions!$B$2:$B$4694,A66,Positions!$E$2:$E$4694,"C") -> 20 | E66: =C66+D66 -> 44 | F66: =E66/B66 -> 0.60273973 | G66: =SUMIFS(Stems_3D_BP!$K$2:$K$1765,Stems_3D_BP!$A$2:$A$1765,$A66,Stems_3D_BP!$B$2:$B$1765,"Acceptor stem") -> 13 | H66: =SUMIFS(Stems_3D_BP!$K$2:$K$1765,Stems_3D_BP!$A$2:$A$1765,$A66,Stems_3D_BP!$B$2:$B$1765,"D-stem") -> 4 | I66: =SUMIFS(Stems_3D_BP!$K$2:$K$1765,Stems_3D_BP!$A$2:$A$1765,$A66,Stems_3D_BP!$B$2:$B$1765,"Anticodon stem") -> 9 | J66: =SUMIFS(Stems_3D_BP!$K$2:$K$1765,Stems_3D_BP!$A$2:$A$1765,$A66,Stems_3D_BP!$B$2:$B$1765,"T-stem") -> 6 | K66: =SUM(G66:J66) -> 32 | L66: =K66/42 -> 0.76190476 | M66: =SUMIFS(Stems_3D_BP!$K$2:$K$1765,Stems_3D_BP!$A$2:$A$1765,$A66,Stems_3D_BP!$B$2:$B$1765,"3D (tertiary) BP") -> 7 | N66: =M66/14 -> 0.5 | O66: =K66+M66 -> 39 | P66: =O66/56 -> 0.69642857 | Q66: =SUMIFS(Loops!$I$2:$I$316,Loops!$A$2:$A$316,$A66,Loops!$B$2:$B$316,"D-loop") -> 4 | R66: =SUMIFS(Loops!$I$2:$I$316,Loops!$A$2:$A$316,$A66,Loops!$B$2:$B$316,"Anticodon loop") -> 2 | S66: =SUMIFS(Loops!$I$2:$I$316,Loops!$A$2:$A$316,$A66,Loops!$B$2:$B$316,"Variable loop") -> 3 | T66: =SUMIFS(Loops!$I$2:$I$316,Loops!$A$2:$A$316,$A66,Loops!$B$2:$B$316,"TΨC-loop") -> 2 | U66: =SUMIFS(Loops!$F$2:$F$316,Loops!$A$2:$A$316,$A66)-SUMIFS(Loops!$F$2:$F$316,Loops!$A$2:$A$316,$A66,Loops!$B$2:$B$316,"Positions 8, 9, 26") -> 28 | V66: =SUM(Q66:T66) -> 11 | W66: =V66/U66 -> 0.39285714 | X66: =INDEX(Positions!$E$2:$E$4694,MATCH($A66&"|8",Positions!$A$2:$A$4694,0)) -> U | Y66: =INDEX(Positions!$E$2:$E$4694,MATCH($A66&"|9",Positions!$A$2:$A$4694,0)) -> G | Z66: =INDEX(Positions!$E$2:$E$4694,MATCH($A66&"|26",Positions!$A$2:$A$4694,0)) -> A | AA66: =(X66="G")+(Y66="G")+(Z66="G") -> 1 | AB66: =(X66="C")+(Y66="C")+(Z66="C") -> 0 | AC66: =AA66+AB66 -> 1 | AD66: =AC66/3 -> 0.33333333 | AE66: =IF(K66+V66+AC66=E66,"OK","MISMATCH") -> OK | AF66: =B66-42 -> 31 | AG66: =V66+AC66 -> 12 | AH66: =AG66/AF66 -> 0.38709677 | AI66: =L66 -> 0.76190476 | AJ66: =AI66-AH66 -> 0.37480799
A67: Mean | B67: =AVERAGE(B4:B66) -> 74.492063 | C67: =AVERAGE(C4:C66) -> 24.111111 | D67: =AVERAGE(D4:D66) -> 21.238095 | E67: =AVERAGE(E4:E66) -> 45.349206 | F67: =AVERAGE(F4:F66) -> 0.60898275 | G67: =AVERAGE(G4:G66) -> 11.079365 | H67: =AVERAGE(H4:H66) -> 5.1428571 | I67: =AVERAGE(I4:I66) -> 7.1428571 | ... W67: =AVERAGE(W4:W66) -> 0.44204871 | AA67: =AVERAGE(AA4:AA66) -> 1.015873 | AB67: =AVERAGE(AB4:AB66) -> 0.079365079 | AC67: =AVERAGE(AC4:AC66) -> 1.0952381 | AD67: =AVERAGE(AD4:AD66) -> 0.36507937 | AF67: =AVERAGE(AF4:AF66) -> 32.492063 | AG67: =AVERAGE(AG4:AG66) -> 14.126984 | AH67: =AVERAGE(AH4:AH66) -> 0.43492327 | AI67: =AVERAGE(AI4:AI66) -> 0.74338624 | AJ67: =AVERAGE(AJ4:AJ66) -> 0.30846297
A69: Percentages: overall = G+C / full length; stems = /42 nt (21 bp); 3D = /14 nt (7 tertiary pairs); stems+3D = /56 nt; positions 8, 9, 26 = /3 nt; loops = / total nt of D, AC, variable and TΨC loops.
A70: 3D pairs 14, 15, 18, 19, 32, 38, 44, 48, 54, 55, 58 lie inside loops, so "4 stems + 3D" and "4 loops" share those nucleotides. 4 stems + 4 loops + positions 8, 9, 26 together cover every nucleotide once together cover every nucleotide once (column AE checks this).
A72: * one unidentified isotypes as per database

Sheet Positions
A1: Key | B1: tRNA | C1: Canonical position | D1: Actual position | E1: Nucleotide | F1: Region
A2: =B2&"|"&C2 -> tRNA-Ala-CGC-1-1|1 | B2: tRNA-Ala-CGC-1-1 | C2: 1 | D2: 1 | E2: G | F2: Acceptor stem
A3: =B3&"|"&C3 -> tRNA-Ala-CGC-1-1|2 | B3: tRNA-Ala-CGC-1-1 | C3: 2 | D3: 2 | E3: G | F3: Acceptor stem
A4: =B4&"|"&C4 -> tRNA-Ala-CGC-1-1|3 | B4: tRNA-Ala-CGC-1-1 | C4: 3 | D4: 3 | E4: G | F4: Acceptor stem
A5: =B5&"|"&C5 -> tRNA-Ala-CGC-1-1|4 | B5: tRNA-Ala-CGC-1-1 | C5: 4 | D5: 4 | E5: C | F5: Acceptor stem
A6: =B6&"|"&C6 -> tRNA-Ala-CGC-1-1|5 | B6: tRNA-Ala-CGC-1-1 | C6: 5 | D6: 5 | E6: U | F6: Acceptor stem
A7: =B7&"|"&C7 -> tRNA-Ala-CGC-1-1|6 | B7: tRNA-Ala-CGC-1-1 | C7: 6 | D7: 6 | E7: C | F7: Acceptor stem
A8: =B8&"|"&C8 -> tRNA-Ala-CGC-1-1|7 | B8: tRNA-Ala-CGC-1-1 | C8: 7 | D8: 7 | E8: G | F8: Acceptor stem
A9: =B9&"|"&C9 -> tRNA-Ala-CGC-1-1|8 | B9: tRNA-Ala-CGC-1-1 | C9: 8 | D9: 8 | E9: U | F9: Position 8
A10: =B10&"|"&C10 -> tRNA-Ala-CGC-1-1|9 | B10: tRNA-Ala-CGC-1-1 | C10: 9 | D10: 9 | E10: A | F10: Position 9
A11: =B11&"|"&C11 -> tRNA-Ala-CGC-1-1|10 | B11: tRNA-Ala-CGC-1-1 | C11: 10 | D11: 10 | E11: G | F11: D-stem
A12: =B12&"|"&C12 -> tRNA-Ala-CGC-1-1|11 | B12: tRNA-Ala-CGC-1-1 | C12: 11 | D12: 11 | E12: A | F12: D-stem
A13: =B13&"|"&C13 -> tRNA-Ala-CGC-1-1|12 | B13: tRNA-Ala-CGC-1-1 | C13: 12 | D13: 12 | E13: U | F13: D-stem
... A4694: =B4694&"|"&C4694 -> tRNA-Val-TAC-1-1|72 | B4694: tRNA-Val-TAC-1-1 | C4694: 72 | D4694: 73 | E4694: C | F4694: Acceptor stem

Sheet Stems_3D_BP
A1: tRNA | B1: Element | C1: Canonical pair | D1: Actual pos (5′) | E1: Actual pos (3′) | F1: Nt (5′) | G1: Nt (3′) | H1: Pair | I1: G count | J1: C count | K1: G+C count
A2: tRNA-Ala-CGC-1-1 | B2: Acceptor stem | C2: 1-72 | D2: =INDEX(Positions!$D$2:$D$4694,MATCH($A2&"|1",Positions!$A$2:$A$4694,0)) -> 1 | E2: =INDEX(Positions!$D$2:$D$4694,MATCH($A2&"|72",Positions!$A$2:$A$4694,0)) -> 71 | F2: =INDEX(Positions!$E$2:$E$4694,MATCH($A2&"|1",Positions!$A$2:$A$4694,0)) -> G | G2: =INDEX(Positions!$E$2:$E$4694,MATCH($A2&"|72",Positions!$A$2:$A$4694,0)) -> C | H2: =F2&"-"&G2 -> G-C | I2: =(F2="G")+(G2="G") -> 1 | J2: =(F2="C")+(G2="C") -> 1 | K2: =I2+J2 -> 2
A3: tRNA-Ala-CGC-1-1 | B3: Acceptor stem | C3: 2-71 | D3: =INDEX(Positions!$D$2:$D$4694,MATCH($A3&"|2",Positions!$A$2:$A$4694,0)) -> 2 | E3: =INDEX(Positions!$D$2:$D$4694,MATCH($A3&"|71",Positions!$A$2:$A$4694,0)) -> 70 | F3: =INDEX(Positions!$E$2:$E$4694,MATCH($A3&"|2",Positions!$A$2:$A$4694,0)) -> G | G3: =INDEX(Positions!$E$2:$E$4694,MATCH($A3&"|71",Positions!$A$2:$A$4694,0)) -> C | H3: =F3&"-"&G3 -> G-C | I3: =(F3="G")+(G3="G") -> 1 | J3: =(F3="C")+(G3="C") -> 1 | K3: =I3+J3 -> 2
A4: tRNA-Ala-CGC-1-1 | B4: Acceptor stem | C4: 3-70 | D4: =INDEX(Positions!$D$2:$D$4694,MATCH($A4&"|3",Positions!$A$2:$A$4694,0)) -> 3 | E4: =INDEX(Positions!$D$2:$D$4694,MATCH($A4&"|70",Positions!$A$2:$A$4694,0)) -> 69 | F4: =INDEX(Positions!$E$2:$E$4694,MATCH($A4&"|3",Positions!$A$2:$A$4694,0)) -> G | G4: =INDEX(Positions!$E$2:$E$4694,MATCH($A4&"|70",Positions!$A$2:$A$4694,0)) -> U | H4: =F4&"-"&G4 -> G-U | I4: =(F4="G")+(G4="G") -> 1 | J4: =(F4="C")+(G4="C") -> 0 | K4: =I4+J4 -> 1
A5: tRNA-Ala-CGC-1-1 | B5: Acceptor stem | C5: 4-69 | D5: =INDEX(Positions!$D$2:$D$4694,MATCH($A5&"|4",Positions!$A$2:$A$4694,0)) -> 4 | E5: =INDEX(Positions!$D$2:$D$4694,MATCH($A5&"|69",Positions!$A$2:$A$4694,0)) -> 68 | F5: =INDEX(Positions!$E$2:$E$4694,MATCH($A5&"|4",Positions!$A$2:$A$4694,0)) -> C | G5: =INDEX(Positions!$E$2:$E$4694,MATCH($A5&"|69",Positions!$A$2:$A$4694,0)) -> G | H5: =F5&"-"&G5 -> C-G | I5: =(F5="G")+(G5="G") -> 1 | J5: =(F5="C")+(G5="C") -> 1 | K5: =I5+J5 -> 2
A6: tRNA-Ala-CGC-1-1 | B6: Acceptor stem | C6: 5-68 | D6: =INDEX(Positions!$D$2:$D$4694,MATCH($A6&"|5",Positions!$A$2:$A$4694,0)) -> 5 | E6: =INDEX(Positions!$D$2:$D$4694,MATCH($A6&"|68",Positions!$A$2:$A$4694,0)) -> 67 | F6: =INDEX(Positions!$E$2:$E$4694,MATCH($A6&"|5",Positions!$A$2:$A$4694,0)) -> U | G6: =INDEX(Positions!$E$2:$E$4694,MATCH($A6&"|68",Positions!$A$2:$A$4694,0)) -> A | H6: =F6&"-"&G6 -> U-A | I6: =(F6="G")+(G6="G") -> 0 | J6: =(F6="C")+(G6="C") -> 0 | K6: =I6+J6 -> 0
A7: tRNA-Ala-CGC-1-1 | B7: Acceptor stem | C7: 6-67 | D7: =INDEX(Positions!$D$2:$D$4694,MATCH($A7&"|6",Positions!$A$2:$A$4694,0)) -> 6 | E7: =INDEX(Positions!$D$2:$D$4694,MATCH($A7&"|67",Positions!$A$2:$A$4694,0)) -> 66 | F7: =INDEX(Positions!$E$2:$E$4694,MATCH($A7&"|6",Positions!$A$2:$A$4694,0)) -> C | G7: =INDEX(Positions!$E$2:$E$4694,MATCH($A7&"|67",Positions!$A$2:$A$4694,0)) -> G | H7: =F7&"-"&G7 -> C-G | I7: =(F7="G")+(G7="G") -> 1 | J7: =(F7="C")+(G7="C") -> 1 | K7: =I7+J7 -> 2
A8: tRNA-Ala-CGC-1-1 | B8: Acceptor stem | C8: 7-66 | D8: =INDEX(Positions!$D$2:$D$4694,MATCH($A8&"|7",Positions!$A$2:$A$4694,0)) -> 7 | E8: =INDEX(Positions!$D$2:$D$4694,MATCH($A8&"|66",Positions!$A$2:$A$4694,0)) -> 65 | F8: =INDEX(Positions!$E$2:$E$4694,MATCH($A8&"|7",Positions!$A$2:$A$4694,0)) -> G | G8: =INDEX(Positions!$E$2:$E$4694,MATCH($A8&"|66",Positions!$A$2:$A$4694,0)) -> C | H8: =F8&"-"&G8 -> G-C | I8: =(F8="G")+(G8="G") -> 1 | J8: =(F8="C")+(G8="C") -> 1 | K8: =I8+J8 -> 2
A9: tRNA-Ala-CGC-1-1 | B9: D-stem | C9: 10-25 | D9: =INDEX(Positions!$D$2:$D$4694,MATCH($A9&"|10",Positions!$A$2:$A$4694,0)) -> 10 | E9: =INDEX(Positions!$D$2:$D$4694,MATCH($A9&"|25",Positions!$A$2:$A$4694,0)) -> 24 | F9: =INDEX(Positions!$E$2:$E$4694,MATCH($A9&"|10",Positions!$A$2:$A$4694,0)) -> G | G9: =INDEX(Positions!$E$2:$E$4694,MATCH($A9&"|25",Positions!$A$2:$A$4694,0)) -> C | H9: =F9&"-"&G9 -> G-C | I9: =(F9="G")+(G9="G") -> 1 | J9: =(F9="C")+(G9="C") -> 1 | K9: =I9+J9 -> 2
A10: tRNA-Ala-CGC-1-1 | B10: D-stem | C10: 11-24 | D10: =INDEX(Positions!$D$2:$D$4694,MATCH($A10&"|11",Positions!$A$2:$A$4694,0)) -> 11 | E10: =INDEX(Positions!$D$2:$D$4694,MATCH($A10&"|24",Positions!$A$2:$A$4694,0)) -> 23 | F10: =INDEX(Positions!$E$2:$E$4694,MATCH($A10&"|11",Positions!$A$2:$A$4694,0)) -> A | G10: =INDEX(Positions!$E$2:$E$4694,MATCH($A10&"|24",Positions!$A$2:$A$4694,0)) -> U | H10: =F10&"-"&G10 -> A-U | I10: =(F10="G")+(G10="G") -> 0 | J10: =(F10="C")+(G10="C") -> 0 | K10: =I10+J10 -> 0
A11: tRNA-Ala-CGC-1-1 | B11: D-stem | C11: 12-23 | D11: =INDEX(Positions!$D$2:$D$4694,MATCH($A11&"|12",Positions!$A$2:$A$4694,0)) -> 12 | E11: =INDEX(Positions!$D$2:$D$4694,MATCH($A11&"|23",Positions!$A$2:$A$4694,0)) -> 22 | F11: =INDEX(Positions!$E$2:$E$4694,MATCH($A11&"|12",Positions!$A$2:$A$4694,0)) -> U | G11: =INDEX(Positions!$E$2:$E$4694,MATCH($A11&"|23",Positions!$A$2:$A$4694,0)) -> A | H11: =F11&"-"&G11 -> U-A | I11: =(F11="G")+(G11="G") -> 0 | J11: =(F11="C")+(G11="C") -> 0 | K11: =I11+J11 -> 0
A12: tRNA-Ala-CGC-1-1 | B12: D-stem | C12: 13-22 | D12: =INDEX(Positions!$D$2:$D$4694,MATCH($A12&"|13",Positions!$A$2:$A$4694,0)) -> 13 | E12: =INDEX(Positions!$D$2:$D$4694,MATCH($A12&"|22",Positions!$A$2:$A$4694,0)) -> 21 | F12: =INDEX(Positions!$E$2:$E$4694,MATCH($A12&"|13",Positions!$A$2:$A$4694,0)) -> C | G12: =INDEX(Positions!$E$2:$E$4694,MATCH($A12&"|22",Positions!$A$2:$A$4694,0)) -> G | H12: =F12&"-"&G12 -> C-G | I12: =(F12="G")+(G12="G") -> 1 | J12: =(F12="C")+(G12="C") -> 1 | K12: =I12+J12 -> 2
A13: tRNA-Ala-CGC-1-1 | B13: Anticodon stem | C13: 27-43 | D13: =INDEX(Positions!$D$2:$D$4694,MATCH($A13&"|27",Positions!$A$2:$A$4694,0)) -> 26 | E13: =INDEX(Positions!$D$2:$D$4694,MATCH($A13&"|43",Positions!$A$2:$A$4694,0)) -> 42 | F13: =INDEX(Positions!$E$2:$E$4694,MATCH($A13&"|27",Positions!$A$2:$A$4694,0)) -> U | G13: =INDEX(Positions!$E$2:$E$4694,MATCH($A13&"|43",Positions!$A$2:$A$4694,0)) -> A | H13: =F13&"-"&G13 -> U-A | I13: =(F13="G")+(G13="G") -> 0 | J13: =(F13="C")+(G13="C") -> 0 | K13: =I13+J13 -> 0
A14: tRNA-Ala-CGC-1-1 | B14: Anticodon stem | C14: 28-42 | D14: =INDEX(Positions!$D$2:$D$4694,MATCH($A14&"|28",Positions!$A$2:$A$4694,0)) -> 27 | E14: =INDEX(Positions!$D$2:$D$4694,MATCH($A14&"|42",Positions!$A$2:$A$4694,0)) -> 41 | F14: =INDEX(Positions!$E$2:$E$4694,MATCH($A14&"|28",Positions!$A$2:$A$4694,0)) -> U | G14: =INDEX(Positions!$E$2:$E$4694,MATCH($A14&"|42",Positions!$A$2:$A$4694,0)) -> A | H14: =F14&"-"&G14 -> U-A | I14: =(F14="G")+(G14="G") -> 0 | J14: =(F14="C")+(G14="C") -> 0 | K14: =I14+J14 -> 0
A15: tRNA-Ala-CGC-1-1 | B15: Anticodon stem | C15: 29-41 | D15: =INDEX(Positions!$D$2:$D$4694,MATCH($A15&"|29",Positions!$A$2:$A$4694,0)) -> 28 | E15: =INDEX(Positions!$D$2:$D$4694,MATCH($A15&"|41",Positions!$A$2:$A$4694,0)) -> 40 | F15: =INDEX(Positions!$E$2:$E$4694,MATCH($A15&"|29",Positions!$A$2:$A$4694,0)) -> A | G15: =INDEX(Positions!$E$2:$E$4694,MATCH($A15&"|41",Positions!$A$2:$A$4694,0)) -> U | H15: =F15&"-"&G15 -> A-U | I15: =(F15="G")+(G15="G") -> 0 | J15: =(F15="C")+(G15="C") -> 0 | K15: =I15+J15 -> 0
A16: tRNA-Ala-CGC-1-1 | B16: Anticodon stem | C16: 30-40 | D16: =INDEX(Positions!$D$2:$D$4694,MATCH($A16&"|30",Positions!$A$2:$A$4694,0)) -> 29 | E16: =INDEX(Positions!$D$2:$D$4694,MATCH($A16&"|40",Positions!$A$2:$A$4694,0)) -> 39 | F16: =INDEX(Positions!$E$2:$E$4694,MATCH($A16&"|30",Positions!$A$2:$A$4694,0)) -> C | G16: =INDEX(Positions!$E$2:$E$4694,MATCH($A16&"|40",Positions!$A$2:$A$4694,0)) -> G | H16: =F16&"-"&G16 -> C-G | I16: =(F16="G")+(G16="G") -> 1 | J16: =(F16="C")+(G16="C") -> 1 | K16: =I16+J16 -> 2
A17: tRNA-Ala-CGC-1-1 | B17: Anticodon stem | C17: 31-39 | D17: =INDEX(Positions!$D$2:$D$4694,MATCH($A17&"|31",Positions!$A$2:$A$4694,0)) -> 30 | E17: =INDEX(Positions!$D$2:$D$4694,MATCH($A17&"|39",Positions!$A$2:$A$4694,0)) -> 38 | F17: =INDEX(Positions!$E$2:$E$4694,MATCH($A17&"|31",Positions!$A$2:$A$4694,0)) -> G | G17: =INDEX(Positions!$E$2:$E$4694,MATCH($A17&"|39",Positions!$A$2:$A$4694,0)) -> C | H17: =F17&"-"&G17 -> G-C | I17: =(F17="G")+(G17="G") -> 1 | J17: =(F17="C")+(G17="C") -> 1 | K17: =I17+J17 -> 2
A18: tRNA-Ala-CGC-1-1 | B18: T-stem | C18: 49-65 | D18: =INDEX(Positions!$D$2:$D$4694,MATCH($A18&"|49",Positions!$A$2:$A$4694,0)) -> 48 | E18: =INDEX(Positions!$D$2:$D$4694,MATCH($A18&"|65",Positions!$A$2:$A$4694,0)) -> 64 | F18: =INDEX(Positions!$E$2:$E$4694,MATCH($A18&"|49",Positions!$A$2:$A$4694,0)) -> G | G18: =INDEX(Positions!$E$2:$E$4694,MATCH($A18&"|65",Positions!$A$2:$A$4694,0)) -> C | H18: =F18&"-"&G18 -> G-C | I18: =(F18="G")+(G18="G") -> 1 | J18: =(F18="C")+(G18="C") -> 1 | K18: =I18+J18 -> 2
A19: tRNA-Ala-CGC-1-1 | B19: T-stem | C19: 50-64 | D19: =INDEX(Positions!$D$2:$D$4694,MATCH($A19&"|50",Positions!$A$2:$A$4694,0)) -> 49 | E19: =INDEX(Positions!$D$2:$D$4694,MATCH($A19&"|64",Positions!$A$2:$A$4694,0)) -> 63 | F19: =INDEX(Positions!$E$2:$E$4694,MATCH($A19&"|50",Positions!$A$2:$A$4694,0)) -> C | G19: =INDEX(Positions!$E$2:$E$4694,MATCH($A19&"|64",Positions!$A$2:$A$4694,0)) -> G | H19: =F19&"-"&G19 -> C-G | I19: =(F19="G")+(G19="G") -> 1 | J19: =(F19="C")+(G19="C") -> 1 | K19: =I19+J19 -> 2
A20: tRNA-Ala-CGC-1-1 | B20: T-stem | C20: 51-63 | D20: =INDEX(Positions!$D$2:$D$4694,MATCH($A20&"|51",Positions!$A$2:$A$4694,0)) -> 50 | E20: =INDEX(Positions!$D$2:$D$4694,MATCH($A20&"|63",Positions!$A$2:$A$4694,0)) -> 62 | F20: =INDEX(Positions!$E$2:$E$4694,MATCH($A20&"|51",Positions!$A$2:$A$4694,0)) -> G | G20: =INDEX(Positions!$E$2:$E$4694,MATCH($A20&"|63",Positions!$A$2:$A$4694,0)) -> C | H20: =F20&"-"&G20 -> G-C | I20: =(F20="G")+(G20="G") -> 1 | J20: =(F20="C")+(G20="C") -> 1 | K20: =I20+J20 -> 2
A21: tRNA-Ala-CGC-1-1 | B21: T-stem | C21: 52-62 | D21: =INDEX(Positions!$D$2:$D$4694,MATCH($A21&"|52",Positions!$A$2:$A$4694,0)) -> 51 | E21: =INDEX(Positions!$D$2:$D$4694,MATCH($A21&"|62",Positions!$A$2:$A$4694,0)) -> 61 | F21: =INDEX(Positions!$E$2:$E$4694,MATCH($A21&"|52",Positions!$A$2:$A$4694,0)) -> G | G21: =INDEX(Positions!$E$2:$E$4694,MATCH($A21&"|62",Positions!$A$2:$A$4694,0)) -> C | H21: =F21&"-"&G21 -> G-C | I21: =(F21="G")+(G21="G") -> 1 | J21: =(F21="C")+(G21="C") -> 1 | K21: =I21+J21 -> 2
A22: tRNA-Ala-CGC-1-1 | B22: T-stem | C22: 53-61 | D22: =INDEX(Positions!$D$2:$D$4694,MATCH($A22&"|53",Positions!$A$2:$A$4694,0)) -> 52 | E22: =INDEX(Positions!$D$2:$D$4694,MATCH($A22&"|61",Positions!$A$2:$A$4694,0)) -> 60 | F22: =INDEX(Positions!$E$2:$E$4694,MATCH($A22&"|53",Positions!$A$2:$A$4694,0)) -> G | G22: =INDEX(Positions!$E$2:$E$4694,MATCH($A22&"|61",Positions!$A$2:$A$4694,0)) -> C | H22: =F22&"-"&G22 -> G-C | I22: =(F22="G")+(G22="G") -> 1 | J22: =(F22="C")+(G22="C") -> 1 | K22: =I22+J22 -> 2
A23: tRNA-Ala-CGC-1-1 | B23: 3D (tertiary) BP | C23: 8-14 | D23: =INDEX(Positions!$D$2:$D$4694,MATCH($A23&"|8",Positions!$A$2:$A$4694,0)) -> 8 | E23: =INDEX(Positions!$D$2:$D$4694,MATCH($A23&"|14",Positions!$A$2:$A$4694,0)) -> 14 | F23: =INDEX(Positions!$E$2:$E$4694,MATCH($A23&"|8",Positions!$A$2:$A$4694,0)) -> U | G23: =INDEX(Positions!$E$2:$E$4694,MATCH($A23&"|14",Positions!$A$2:$A$4694,0)) -> A | H23: =F23&"-"&G23 -> U-A | I23: =(F23="G")+(G23="G") -> 0 | J23: =(F23="C")+(G23="C") -> 0 | K23: =I23+J23 -> 0
A24: tRNA-Ala-CGC-1-1 | B24: 3D (tertiary) BP | C24: 15-48 | D24: =INDEX(Positions!$D$2:$D$4694,MATCH($A24&"|15",Positions!$A$2:$A$4694,0)) -> 15 | E24: =INDEX(Positions!$D$2:$D$4694,MATCH($A24&"|48",Positions!$A$2:$A$4694,0)) -> 47 | F24: =INDEX(Positions!$E$2:$E$4694,MATCH($A24&"|15",Positions!$A$2:$A$4694,0)) -> G | G24: =INDEX(Positions!$E$2:$E$4694,MATCH($A24&"|48",Positions!$A$2:$A$4694,0)) -> C | H24: =F24&"-"&G24 -> G-C | I24: =(F24="G")+(G24="G") -> 1 | J24: =(F24="C")+(G24="C") -> 1 | K24: =I24+J24 -> 2
A25: tRNA-Ala-CGC-1-1 | B25: 3D (tertiary) BP | C25: 18-55 | D25: =INDEX(Positions!$D$2:$D$4694,MATCH($A25&"|18",Positions!$A$2:$A$4694,0)) -> 16 | E25: =INDEX(Positions!$D$2:$D$4694,MATCH($A25&"|55",Positions!$A$2:$A$4694,0)) -> 54 | F25: =INDEX(Positions!$E$2:$E$4694,MATCH($A25&"|18",Positions!$A$2:$A$4694,0)) -> G | G25: =INDEX(Positions!$E$2:$E$4694,MATCH($A25&"|55",Positions!$A$2:$A$4694,0)) -> U | H25: =F25&"-"&G25 -> G-U | I25: =(F25="G")+(G25="G") -> 1 | J25: =(F25="C")+(G25="C") -> 0 | K25: =I25+J25 -> 1
A26: tRNA-Ala-CGC-1-1 | B26: 3D (tertiary) BP | C26: 19-56 | D26: =INDEX(Positions!$D$2:$D$4694,MATCH($A26&"|19",Positions!$A$2:$A$4694,0)) -> 17 | E26: =INDEX(Positions!$D$2:$D$4694,MATCH($A26&"|56",Positions!$A$2:$A$4694,0)) -> 55 | F26: =INDEX(Positions!$E$2:$E$4694,MATCH($A26&"|19",Positions!$A$2:$A$4694,0)) -> G | G26: =INDEX(Positions!$E$2:$E$4694,MATCH($A26&"|56",Positions!$A$2:$A$4694,0)) -> C | H26: =F26&"-"&G26 -> G-C | I26: =(F26="G")+(G26="G") -> 1 | J26: =(F26="C")+(G26="C") -> 1 | K26: =I26+J26 -> 2
A27: tRNA-Ala-CGC-1-1 | B27: 3D (tertiary) BP | C27: 26-44 | D27: =INDEX(Positions!$D$2:$D$4694,MATCH($A27&"|26",Positions!$A$2:$A$4694,0)) -> 25 | E27: =INDEX(Positions!$D$2:$D$4694,MATCH($A27&"|44",Positions!$A$2:$A$4694,0)) -> 43 | F27: =INDEX(Positions!$E$2:$E$4694,MATCH($A27&"|26",Positions!$A$2:$A$4694,0)) -> G | G27: =INDEX(Positions!$E$2:$E$4694,MATCH($A27&"|44",Positions!$A$2:$A$4694,0)) -> A | H27: =F27&"-"&G27 -> G-A | I27: =(F27="G")+(G27="G") -> 1 | J27: =(F27="C")+(G27="C") -> 0 | K27: =I27+J27 -> 1
A28: tRNA-Ala-CGC-1-1 | B28: 3D (tertiary) BP | C28: 32-38 | D28: =INDEX(Positions!$D$2:$D$4694,MATCH($A28&"|32",Positions!$A$2:$A$4694,0)) -> 31 | E28: =INDEX(Positions!$D$2:$D$4694,MATCH($A28&"|38",Positions!$A$2:$A$4694,0)) -> 37 | F28: =INDEX(Positions!$E$2:$E$4694,MATCH($A28&"|32",Positions!$A$2:$A$4694,0)) -> U | G28: =INDEX(Positions!$E$2:$E$4694,MATCH($A28&"|38",Positions!$A$2:$A$4694,0)) -> A | H28: =F28&"-"&G28 -> U-A | I28: =(F28="G")+(G28="G") -> 0 | J28: =(F28="C")+(G28="C") -> 0 | K28: =I28+J28 -> 0
A29: tRNA-Ala-CGC-1-1 | B29: 3D (tertiary) BP | C29: 54-58 | D29: =INDEX(Positions!$D$2:$D$4694,MATCH($A29&"|54",Positions!$A$2:$A$4694,0)) -> 53 | E29: =INDEX(Positions!$D$2:$D$4694,MATCH($A29&"|58",Positions!$A$2:$A$4694,0)) -> 57 | F29: =INDEX(Positions!$E$2:$E$4694,MATCH($A29&"|54",Positions!$A$2:$A$4694,0)) -> U | G29: =INDEX(Positions!$E$2:$E$4694,MATCH($A29&"|58",Positions!$A$2:$A$4694,0)) -> A | H29: =F29&"-"&G29 -> U-A | I29: =(F29="G")+(G29="G") -> 0 | J29: =(F29="C")+(G29="C") -> 0 | K29: =I29+J29 -> 0
A30: tRNA-Ala-GGC-1-1 | B30: Acceptor stem | C30: 1-72 | D30: =INDEX(Positions!$D$2:$D$4694,MATCH($A30&"|1",Positions!$A$2:$A$4694,0)) -> 1 | E30: =INDEX(Positions!$D$2:$D$4694,MATCH($A30&"|72",Positions!$A$2:$A$4694,0)) -> 71 | F30: =INDEX(Positions!$E$2:$E$4694,MATCH($A30&"|1",Positions!$A$2:$A$4694,0)) -> G | G30: =INDEX(Positions!$E$2:$E$4694,MATCH($A30&"|72",Positions!$A$2:$A$4694,0)) -> C | H30: =F30&"-"&G30 -> G-C | I30: =(F30="G")+(G30="G") -> 1 | J30: =(F30="C")+(G30="C") -> 1 | K30: =I30+J30 -> 2
A31: tRNA-Ala-GGC-1-1 | B31: Acceptor stem | C31: 2-71 | D31: =INDEX(Positions!$D$2:$D$4694,MATCH($A31&"|2",Positions!$A$2:$A$4694,0)) -> 2 | E31: =INDEX(Positions!$D$2:$D$4694,MATCH($A31&"|71",Positions!$A$2:$A$4694,0)) -> 70 | F31: =INDEX(Positions!$E$2:$E$4694,MATCH($A31&"|2",Positions!$A$2:$A$4694,0)) -> G | G31: =INDEX(Positions!$E$2:$E$4694,MATCH($A31&"|71",Positions!$A$2:$A$4694,0)) -> C | H31: =F31&"-"&G31 -> G-C | I31: =(F31="G")+(G31="G") -> 1 | J31: =(F31="C")+(G31="C") -> 1 | K31: =I31+J31 -> 2
A32: tRNA-Ala-GGC-1-1 | B32: Acceptor stem | C32: 3-70 | D32: =INDEX(Positions!$D$2:$D$4694,MATCH($A32&"|3",Positions!$A$2:$A$4694,0)) -> 3 | E32: =INDEX(Positions!$D$2:$D$4694,MATCH($A32&"|70",Positions!$A$2:$A$4694,0)) -> 69 | F32: =INDEX(Positions!$E$2:$E$4694,MATCH($A32&"|3",Positions!$A$2:$A$4694,0)) -> G | G32: =INDEX(Positions!$E$2:$E$4694,MATCH($A32&"|70",Positions!$A$2:$A$4694,0)) -> U | H32: =F32&"-"&G32 -> G-U | I32: =(F32="G")+(G32="G") -> 1 | J32: =(F32="C")+(G32="C") -> 0 | K32: =I32+J32 -> 1
A33: tRNA-Ala-GGC-1-1 | B33: Acceptor stem | C33: 4-69 | D33: =INDEX(Positions!$D$2:$D$4694,MATCH($A33&"|4",Positions!$A$2:$A$4694,0)) -> 4 | E33: =INDEX(Positions!$D$2:$D$4694,MATCH($A33&"|69",Positions!$A$2:$A$4694,0)) -> 68 | F33: =INDEX(Positions!$E$2:$E$4694,MATCH($A33&"|4",Positions!$A$2:$A$4694,0)) -> C | G33: =INDEX(Positions!$E$2:$E$4694,MATCH($A33&"|69",Positions!$A$2:$A$4694,0)) -> G | H33: =F33&"-"&G33 -> C-G | I33: =(F33="G")+(G33="G") -> 1 | J33: =(F33="C")+(G33="C") -> 1 | K33: =I33+J33 -> 2
A34: tRNA-Ala-GGC-1-1 | B34: Acceptor stem | C34: 5-68 | D34: =INDEX(Positions!$D$2:$D$4694,MATCH($A34&"|5",Positions!$A$2:$A$4694,0)) -> 5 | E34: =INDEX(Positions!$D$2:$D$4694,MATCH($A34&"|68",Positions!$A$2:$A$4694,0)) -> 67 | F34: =INDEX(Positions!$E$2:$E$4694,MATCH($A34&"|5",Positions!$A$2:$A$4694,0)) -> C | G34: =INDEX(Positions!$E$2:$E$4694,MATCH($A34&"|68",Positions!$A$2:$A$4694,0)) -> G | H34: =F34&"-"&G34 -> C-G | I34: =(F34="G")+(G34="G") -> 1 | J34: =(F34="C")+(G34="C") -> 1 | K34: =I34+J34 -> 2
A35: tRNA-Ala-GGC-1-1 | B35: Acceptor stem | C35: 6-67 | D35: =INDEX(Positions!$D$2:$D$4694,MATCH($A35&"|6",Positions!$A$2:$A$4694,0)) -> 6 | E35: =INDEX(Positions!$D$2:$D$4694,MATCH($A35&"|67",Positions!$A$2:$A$4694,0)) -> 66 | F35: =INDEX(Positions!$E$2:$E$4694,MATCH($A35&"|6",Positions!$A$2:$A$4694,0)) -> G | G35: =INDEX(Positions!$E$2:$E$4694,MATCH($A35&"|67",Positions!$A$2:$A$4694,0)) -> C | H35: =F35&"-"&G35 -> G-C | I35: =(F35="G")+(G35="G") -> 1 | J35: =(F35="C")+(G35="C") -> 1 | K35: =I35+J35 -> 2
A36: tRNA-Ala-GGC-1-1 | B36: Acceptor stem | C36: 7-66 | D36: =INDEX(Positions!$D$2:$D$4694,MATCH($A36&"|7",Positions!$A$2:$A$4694,0)) -> 7 | E36: =INDEX(Positions!$D$2:$D$4694,MATCH($A36&"|66",Positions!$A$2:$A$4694,0)) -> 65 | F36: =INDEX(Positions!$E$2:$E$4694,MATCH($A36&"|7",Positions!$A$2:$A$4694,0)) -> G | G36: =INDEX(Positions!$E$2:$E$4694,MATCH($A36&"|66",Positions!$A$2:$A$4694,0)) -> C | H36: =F36&"-"&G36 -> G-C | I36: =(F36="G")+(G36="G") -> 1 | J36: =(F36="C")+(G36="C") -> 1 | K36: =I36+J36 -> 2
A37: tRNA-Ala-GGC-1-1 | B37: D-stem | C37: 10-25 | D37: =INDEX(Positions!$D$2:$D$4694,MATCH($A37&"|10",Positions!$A$2:$A$4694,0)) -> 10 | E37: =INDEX(Positions!$D$2:$D$4694,MATCH($A37&"|25",Positions!$A$2:$A$4694,0)) -> 24 | F37: =INDEX(Positions!$E$2:$E$4694,MATCH($A37&"|10",Positions!$A$2:$A$4694,0)) -> G | G37: =INDEX(Positions!$E$2:$E$4694,MATCH($A37&"|25",Positions!$A$2:$A$4694,0)) -> C | H37: =F37&"-"&G37 -> G-C | I37: =(F37="G")+(G37="G") -> 1 | J37: =(F37="C")+(G37="C") -> 1 | K37: =I37+J37 -> 2
A38: tRNA-Ala-GGC-1-1 | B38: D-stem | C38: 11-24 | D38: =INDEX(Positions!$D$2:$D$4694,MATCH($A38&"|11",Positions!$A$2:$A$4694,0)) -> 11 | E38: =INDEX(Positions!$D$2:$D$4694,MATCH($A38&"|24",Positions!$A$2:$A$4694,0)) -> 23 | F38: =INDEX(Positions!$E$2:$E$4694,MATCH($A38&"|11",Positions!$A$2:$A$4694,0)) -> A | G38: =INDEX(Positions!$E$2:$E$4694,MATCH($A38&"|24",Positions!$A$2:$A$4694,0)) -> U | H38: =F38&"-"&G38 -> A-U | I38: =(F38="G")+(G38="G") -> 0 | J38: =(F38="C")+(G38="C") -> 0 | K38: =I38+J38 -> 0
A39: tRNA-Ala-GGC-1-1 | B39: D-stem | C39: 12-23 | D39: =INDEX(Positions!$D$2:$D$4694,MATCH($A39&"|12",Positions!$A$2:$A$4694,0)) -> 12 | E39: =INDEX(Positions!$D$2:$D$4694,MATCH($A39&"|23",Positions!$A$2:$A$4694,0)) -> 22 | F39: =INDEX(Positions!$E$2:$E$4694,MATCH($A39&"|12",Positions!$A$2:$A$4694,0)) -> U | G39: =INDEX(Positions!$E$2:$E$4694,MATCH($A39&"|23",Positions!$A$2:$A$4694,0)) -> A | H39: =F39&"-"&G39 -> U-A | I39: =(F39="G")+(G39="G") -> 0 | J39: =(F39="C")+(G39="C") -> 0 | K39: =I39+J39 -> 0
A40: tRNA-Ala-GGC-1-1 | B40: D-stem | C40: 13-22 | D40: =INDEX(Positions!$D$2:$D$4694,MATCH($A40&"|13",Positions!$A$2:$A$4694,0)) -> 13 | E40: =INDEX(Positions!$D$2:$D$4694,MATCH($A40&"|22",Positions!$A$2:$A$4694,0)) -> 21 | F40: =INDEX(Positions!$E$2:$E$4694,MATCH($A40&"|13",Positions!$A$2:$A$4694,0)) -> C | G40: =INDEX(Positions!$E$2:$E$4694,MATCH($A40&"|22",Positions!$A$2:$A$4694,0)) -> G | H40: =F40&"-"&G40 -> C-G | I40: =(F40="G")+(G40="G") -> 1 | J40: =(F40="C")+(G40="C") -> 1 | K40: =I40+J40 -> 2
A41: tRNA-Ala-GGC-1-1 | B41: Anticodon stem | C41: 27-43 | D41: =INDEX(Positions!$D$2:$D$4694,MATCH($A41&"|27",Positions!$A$2:$A$4694,0)) -> 26 | E41: =INDEX(Positions!$D$2:$D$4694,MATCH($A41&"|43",Positions!$A$2:$A$4694,0)) -> 42 | F41: =INDEX(Positions!$E$2:$E$4694,MATCH($A41&"|27",Positions!$A$2:$A$4694,0)) -> C | G41: =INDEX(Positions!$E$2:$E$4694,MATCH($A41&"|43",Positions!$A$2:$A$4694,0)) -> G | H41: =F41&"-"&G41 -> C-G | I41: =(F41="G")+(G41="G") -> 1 | J41: =(F41="C")+(G41="C") -> 1 | K41: =I41+J41 -> 2
A42: tRNA-Ala-GGC-1-1 | B42: Anticodon stem | C42: 28-42 | D42: =INDEX(Positions!$D$2:$D$4694,MATCH($A42&"|28",Positions!$A$2:$A$4694,0)) -> 27 | E42: =INDEX(Positions!$D$2:$D$4694,MATCH($A42&"|42",Positions!$A$2:$A$4694,0)) -> 41 | F42: =INDEX(Positions!$E$2:$E$4694,MATCH($A42&"|28",Positions!$A$2:$A$4694,0)) -> U | G42: =INDEX(Positions!$E$2:$E$4694,MATCH($A42&"|42",Positions!$A$2:$A$4694,0)) -> A | H42: =F42&"-"&G42 -> U-A | I42: =(F42="G")+(G42="G") -> 0 | J42: =(F42="C")+(G42="C") -> 0 | K42: =I42+J42 -> 0
A43: tRNA-Ala-GGC-1-1 | B43: Anticodon stem | C43: 29-41 | D43: =INDEX(Positions!$D$2:$D$4694,MATCH($A43&"|29",Positions!$A$2:$A$4694,0)) -> 28 | E43: =INDEX(Positions!$D$2:$D$4694,MATCH($A43&"|41",Positions!$A$2:$A$4694,0)) -> 40 | F43: =INDEX(Positions!$E$2:$E$4694,MATCH($A43&"|29",Positions!$A$2:$A$4694,0)) -> A | G43: =INDEX(Positions!$E$2:$E$4694,MATCH($A43&"|41",Positions!$A$2:$A$4694,0)) -> U | H43: =F43&"-"&G43 -> A-U | I43: =(F43="G")+(G43="G") -> 0 | J43: =(F43="C")+(G43="C") -> 0 | K43: =I43+J43 -> 0
A44: tRNA-Ala-GGC-1-1 | B44: Anticodon stem | C44: 30-40 | D44: =INDEX(Positions!$D$2:$D$4694,MATCH($A44&"|30",Positions!$A$2:$A$4694,0)) -> 29 | E44: =INDEX(Positions!$D$2:$D$4694,MATCH($A44&"|40",Positions!$A$2:$A$4694,0)) -> 39 | F44: =INDEX(Positions!$E$2:$E$4694,MATCH($A44&"|30",Positions!$A$2:$A$4694,0)) -> C | G44: =INDEX(Positions!$E$2:$E$4694,MATCH($A44&"|40",Positions!$A$2:$A$4694,0)) -> G | H44: =F44&"-"&G44 -> C-G | I44: =(F44="G")+(G44="G") -> 1 | J44: =(F44="C")+(G44="C") -> 1 | K44: =I44+J44 -> 2
A45: tRNA-Ala-GGC-1-1 | B45: Anticodon stem | C45: 31-39 | D45: =INDEX(Positions!$D$2:$D$4694,MATCH($A45&"|31",Positions!$A$2:$A$4694,0)) -> 30 | E45: =INDEX(Positions!$D$2:$D$4694,MATCH($A45&"|39",Positions!$A$2:$A$4694,0)) -> 38 | F45: =INDEX(Positions!$E$2:$E$4694,MATCH($A45&"|31",Positions!$A$2:$A$4694,0)) -> C | G45: =INDEX(Positions!$E$2:$E$4694,MATCH($A45&"|39",Positions!$A$2:$A$4694,0)) -> G | H45: =F45&"-"&G45 -> C-G | I45: =(F45="G")+(G45="G") -> 1 | J45: =(F45="C")+(G45="C") -> 1 | K45: =I45+J45 -> 2
A46: tRNA-Ala-GGC-1-1 | B46: T-stem | C46: 49-65 | D46: =INDEX(Positions!$D$2:$D$4694,MATCH($A46&"|49",Positions!$A$2:$A$4694,0)) -> 48 | E46: =INDEX(Positions!$D$2:$D$4694,MATCH($A46&"|65",Positions!$A$2:$A$4694,0)) -> 64 | F46: =INDEX(Positions!$E$2:$E$4694,MATCH($A46&"|49",Positions!$A$2:$A$4694,0)) -> U | G46: =INDEX(Positions!$E$2:$E$4694,MATCH($A46&"|65",Positions!$A$2:$A$4694,0)) -> A | H46: =F46&"-"&G46 -> U-A | I46: =(F46="G")+(G46="G") -> 0 | J46: =(F46="C")+(G46="C") -> 0 | K46: =I46+J46 -> 0
A47: tRNA-Ala-GGC-1-1 | B47: T-stem | C47: 50-64 | D47: =INDEX(Positions!$D$2:$D$4694,MATCH($A47&"|50",Positions!$A$2:$A$4694,0)) -> 49 | E47: =INDEX(Positions!$D$2:$D$4694,MATCH($A47&"|64",Positions!$A$2:$A$4694,0)) -> 63 | F47: =INDEX(Positions!$E$2:$E$4694,MATCH($A47&"|50",Positions!$A$2:$A$4694,0)) -> C | G47: =INDEX(Positions!$E$2:$E$4694,MATCH($A47&"|64",Positions!$A$2:$A$4694,0)) -> G | H47: =F47&"-"&G47 -> C-G | I47: =(F47="G")+(G47="G") -> 1 | J47: =(F47="C")+(G47="C") -> 1 | K47: =I47+J47 -> 2
A48: tRNA-Ala-GGC-1-1 | B48: T-stem | C48: 51-63 | D48: =INDEX(Positions!$D$2:$D$4694,MATCH($A48&"|51",Positions!$A$2:$A$4694,0)) -> 50 | E48: =INDEX(Positions!$D$2:$D$4694,MATCH($A48&"|63",Positions!$A$2:$A$4694,0)) -> 62 | F48: =INDEX(Positions!$E$2:$E$4694,MATCH($A48&"|51",Positions!$A$2:$A$4694,0)) -> G | G48: =INDEX(Positions!$E$2:$E$4694,MATCH($A48&"|63",Positions!$A$2:$A$4694,0)) -> C | H48: =F48&"-"&G48 -> G-C | I48: =(F48="G")+(G48="G") -> 1 | J48: =(F48="C")+(G48="C") -> 1 | K48: =I48+J48 -> 2
A49: tRNA-Ala-GGC-1-1 | B49: T-stem | C49: 52-62 | D49: =INDEX(Positions!$D$2:$D$4694,MATCH($A49&"|52",Positions!$A$2:$A$4694,0)) -> 51 | E49: =INDEX(Positions!$D$2:$D$4694,MATCH($A49&"|62",Positions!$A$2:$A$4694,0)) -> 61 | F49: =INDEX(Positions!$E$2:$E$4694,MATCH($A49&"|52",Positions!$A$2:$A$4694,0)) -> G | G49: =INDEX(Positions!$E$2:$E$4694,MATCH($A49&"|62",Positions!$A$2:$A$4694,0)) -> C | H49: =F49&"-"&G49 -> G-C | I49: =(F49="G")+(G49="G") -> 1 | J49: =(F49="C")+(G49="C") -> 1 | K49: =I49+J49 -> 2
A50: tRNA-Ala-GGC-1-1 | B50: T-stem | C50: 53-61 | D50: =INDEX(Positions!$D$2:$D$4694,MATCH($A50&"|53",Positions!$A$2:$A$4694,0)) -> 52 | E50: =INDEX(Positions!$D$2:$D$4694,MATCH($A50&"|61",Positions!$A$2:$A$4694,0)) -> 60 | F50: =INDEX(Positions!$E$2:$E$4694,MATCH($A50&"|53",Positions!$A$2:$A$4694,0)) -> G | G50: =INDEX(Positions!$E$2:$E$4694,MATCH($A50&"|61",Positions!$A$2:$A$4694,0)) -> C | H50: =F50&"-"&G50 -> G-C | I50: =(F50="G")+(G50="G") -> 1 | J50: =(F50="C")+(G50="C") -> 1 | K50: =I50+J50 -> 2
A51: tRNA-Ala-GGC-1-1 | B51: 3D (tertiary) BP | C51: 8-14 | D51: =INDEX(Positions!$D$2:$D$4694,MATCH($A51&"|8",Positions!$A$2:$A$4694,0)) -> 8 | E51: =INDEX(Positions!$D$2:$D$4694,MATCH($A51&"|14",Positions!$A$2:$A$4694,0)) -> 14 | F51: =INDEX(Positions!$E$2:$E$4694,MATCH($A51&"|8",Positions!$A$2:$A$4694,0)) -> U | G51: =INDEX(Positions!$E$2:$E$4694,MATCH($A51&"|14",Positions!$A$2:$A$4694,0)) -> A | H51: =F51&"-"&G51 -> U-A | I51: =(F51="G")+(G51="G") -> 0 | J51: =(F51="C")+(G51="C") -> 0 | K51: =I51+J51 -> 0
A52: tRNA-Ala-GGC-1-1 | B52: 3D (tertiary) BP | C52: 15-48 | D52: =INDEX(Positions!$D$2:$D$4694,MATCH($A52&"|15",Positions!$A$2:$A$4694,0)) -> 15 | E52: =INDEX(Positions!$D$2:$D$4694,MATCH($A52&"|48",Positions!$A$2:$A$4694,0)) -> 47 | F52: =INDEX(Positions!$E$2:$E$4694,MATCH($A52&"|15",Positions!$A$2:$A$4694,0)) -> G | G52: =INDEX(Positions!$E$2:$E$4694,MATCH($A52&"|48",Positions!$A$2:$A$4694,0)) -> C | H52: =F52&"-"&G52 -> G-C | I52: =(F52="G")+(G52="G") -> 1 | J52: =(F52="C")+(G52="C") -> 1 | K52: =I52+J52 -> 2
A53: tRNA-Ala-GGC-1-1 | B53: 3D (tertiary) BP | C53: 18-55 | D53: =INDEX(Positions!$D$2:$D$4694,MATCH($A53&"|18",Positions!$A$2:$A$4694,0)) -> 16 | E53: =INDEX(Positions!$D$2:$D$4694,MATCH($A53&"|55",Positions!$A$2:$A$4694,0)) -> 54 | F53: =INDEX(Positions!$E$2:$E$4694,MATCH($A53&"|18",Positions!$A$2:$A$4694,0)) -> G | G53: =INDEX(Positions!$E$2:$E$4694,MATCH($A53&"|55",Positions!$A$2:$A$4694,0)) -> U | H53: =F53&"-"&G53 -> G-U | I53: =(F53="G")+(G53="G") -> 1 | J53: =(F53="C")+(G53="C") -> 0 | K53: =I53+J53 -> 1
A54: tRNA-Ala-GGC-1-1 | B54: 3D (tertiary) BP | C54: 19-56 | D54: =INDEX(Positions!$D$2:$D$4694,MATCH($A54&"|19",Positions!$A$2:$A$4694,0)) -> 17 | E54: =INDEX(Positions!$D$2:$D$4694,MATCH($A54&"|56",Positions!$A$2:$A$4694,0)) -> 55 | F54: =INDEX(Positions!$E$2:$E$4694,MATCH($A54&"|19",Positions!$A$2:$A$4694,0)) -> G | G54: =INDEX(Positions!$E$2:$E$4694,MATCH($A54&"|56",Positions!$A$2:$A$4694,0)) -> C | H54: =F54&"-"&G54 -> G-C | I54: =(F54="G")+(G54="G") -> 1 | J54: =(F54="C")+(G54="C") -> 1 | K54: =I54+J54 -> 2
A55: tRNA-Ala-GGC-1-1 | B55: 3D (tertiary) BP | C55: 26-44 | D55: =INDEX(Positions!$D$2:$D$4694,MATCH($A55&"|26",Positions!$A$2:$A$4694,0)) -> 25 | E55: =INDEX(Positions!$D$2:$D$4694,MATCH($A55&"|44",Positions!$A$2:$A$4694,0)) -> 43 | F55: =INDEX(Positions!$E$2:$E$4694,MATCH($A55&"|26",Positions!$A$2:$A$4694,0)) -> G | G55: =INDEX(Positions!$E$2:$E$4694,MATCH($A55&"|44",Positions!$A$2:$A$4694,0)) -> A | H55: =F55&"-"&G55 -> G-A | I55: =(F55="G")+(G55="G") -> 1 | J55: =(F55="C")+(G55="C") -> 0 | K55: =I55+J55 -> 1
A56: tRNA-Ala-GGC-1-1 | B56: 3D (tertiary) BP | C56: 32-38 | D56: =INDEX(Positions!$D$2:$D$4694,MATCH($A56&"|32",Positions!$A$2:$A$4694,0)) -> 31 | E56: =INDEX(Positions!$D$2:$D$4694,MATCH($A56&"|38",Positions!$A$2:$A$4694,0)) -> 37 | F56: =INDEX(Positions!$E$2:$E$4694,MATCH($A56&"|32",Positions!$A$2:$A$4694,0)) -> U | G56: =INDEX(Positions!$E$2:$E$4694,MATCH($A56&"|38",Positions!$A$2:$A$4694,0)) -> U | H56: =F56&"-"&G56 -> U-U | I56: =(F56="G")+(G56="G") -> 0 | J56: =(F56="C")+(G56="C") -> 0 | K56: =I56+J56 -> 0
A57: tRNA-Ala-GGC-1-1 | B57: 3D (tertiary) BP | C57: 54-58 | D57: =INDEX(Positions!$D$2:$D$4694,MATCH($A57&"|54",Positions!$A$2:$A$4694,0)) -> 53 | E57: =INDEX(Positions!$D$2:$D$4694,MATCH($A57&"|58",Positions!$A$2:$A$4694,0)) -> 57 | F57: =INDEX(Positions!$E$2:$E$4694,MATCH($A57&"|54",Positions!$A$2:$A$4694,0)) -> U | G57: =INDEX(Positions!$E$2:$E$4694,MATCH($A57&"|58",Positions!$A$2:$A$4694,0)) -> A | H57: =F57&"-"&G57 -> U-A | I57: =(F57="G")+(G57="G") -> 0 | J57: =(F57="C")+(G57="C") -> 0 | K57: =I57+J57 -> 0
A58: tRNA-Ala-TGC-1-1 | B58: Acceptor stem | C58: 1-72 | D58: =INDEX(Positions!$D$2:$D$4694,MATCH($A58&"|1",Positions!$A$2:$A$4694,0)) -> 1 | E58: =INDEX(Positions!$D$2:$D$4694,MATCH($A58&"|72",Positions!$A$2:$A$4694,0)) -> 72 | F58: =INDEX(Positions!$E$2:$E$4694,MATCH($A58&"|1",Positions!$A$2:$A$4694,0)) -> G | G58: =INDEX(Positions!$E$2:$E$4694,MATCH($A58&"|72",Positions!$A$2:$A$4694,0)) -> C | H58: =F58&"-"&G58 -> G-C | I58: =(F58="G")+(G58="G") -> 1 | J58: =(F58="C")+(G58="C") -> 1 | K58: =I58+J58 -> 2
A59: tRNA-Ala-TGC-1-1 | B59: Acceptor stem | C59: 2-71 | D59: =INDEX(Positions!$D$2:$D$4694,MATCH($A59&"|2",Positions!$A$2:$A$4694,0)) -> 2 | E59: =INDEX(Positions!$D$2:$D$4694,MATCH($A59&"|71",Positions!$A$2:$A$4694,0)) -> 71 | F59: =INDEX(Positions!$E$2:$E$4694,MATCH($A59&"|2",Positions!$A$2:$A$4694,0)) -> G | G59: =INDEX(Positions!$E$2:$E$4694,MATCH($A59&"|71",Positions!$A$2:$A$4694,0)) -> C | H59: =F59&"-"&G59 -> G-C | I59: =(F59="G")+(G59="G") -> 1 | J59: =(F59="C")+(G59="C") -> 1 | K59: =I59+J59 -> 2
A60: tRNA-Ala-TGC-1-1 | B60: Acceptor stem | C60: 3-70 | D60: =INDEX(Positions!$D$2:$D$4694,MATCH($A60&"|3",Positions!$A$2:$A$4694,0)) -> 3 | E60: =INDEX(Positions!$D$2:$D$4694,MATCH($A60&"|70",Positions!$A$2:$A$4694,0)) -> 70 | F60: =INDEX(Positions!$E$2:$E$4694,MATCH($A60&"|3",Positions!$A$2:$A$4694,0)) -> G | G60: =INDEX(Positions!$E$2:$E$4694,MATCH($A60&"|70",Positions!$A$2:$A$4694,0)) -> U | H60: =F60&"-"&G60 -> G-U | I60: =(F60="G")+(G60="G") -> 1 | J60: =(F60="C")+(G60="C") -> 0 | K60: =I60+J60 -> 1
A61: tRNA-Ala-TGC-1-1 | B61: Acceptor stem | C61: 4-69 | D61: =INDEX(Positions!$D$2:$D$4694,MATCH($A61&"|4",Positions!$A$2:$A$4694,0)) -> 4 | E61: =INDEX(Positions!$D$2:$D$4694,MATCH($A61&"|69",Positions!$A$2:$A$4694,0)) -> 69 | F61: =INDEX(Positions!$E$2:$E$4694,MATCH($A61&"|4",Positions!$A$2:$A$4694,0)) -> C | G61: =INDEX(Positions!$E$2:$E$4694,MATCH($A61&"|69",Positions!$A$2:$A$4694,0)) -> G | H61: =F61&"-"&G61 -> C-G | I61: =(F61="G")+(G61="G") -> 1 | J61: =(F61="C")+(G61="C") -> 1 | K61: =I61+J61 -> 2
A62: tRNA-Ala-TGC-1-1 | B62: Acceptor stem | C62: 5-68 | D62: =INDEX(Positions!$D$2:$D$4694,MATCH($A62&"|5",Positions!$A$2:$A$4694,0)) -> 5 | E62: =INDEX(Positions!$D$2:$D$4694,MATCH($A62&"|68",Positions!$A$2:$A$4694,0)) -> 68 | F62: =INDEX(Positions!$E$2:$E$4694,MATCH($A62&"|5",Positions!$A$2:$A$4694,0)) -> U | G62: =INDEX(Positions!$E$2:$E$4694,MATCH($A62&"|68",Positions!$A$2:$A$4694,0)) -> A | H62: =F62&"-"&G62 -> U-A | I62: =(F62="G")+(G62="G") -> 0 | J62: =(F62="C")+(G62="C") -> 0 | K62: =I62+J62 -> 0
A63: tRNA-Ala-TGC-1-1 | B63: Acceptor stem | C63: 6-67 | D63: =INDEX(Positions!$D$2:$D$4694,MATCH($A63&"|6",Positions!$A$2:$A$4694,0)) -> 6 | E63: =INDEX(Positions!$D$2:$D$4694,MATCH($A63&"|67",Positions!$A$2:$A$4694,0)) -> 67 | F63: =INDEX(Positions!$E$2:$E$4694,MATCH($A63&"|6",Positions!$A$2:$A$4694,0)) -> U | G63: =INDEX(Positions!$E$2:$E$4694,MATCH($A63&"|67",Positions!$A$2:$A$4694,0)) -> A | H63: =F63&"-"&G63 -> U-A | I63: =(F63="G")+(G63="G") -> 0 | J63: =(F63="C")+(G63="C") -> 0 | K63: =I63+J63 -> 0
A64: tRNA-Ala-TGC-1-1 | B64: Acceptor stem | C64: 7-66 | D64: =INDEX(Positions!$D$2:$D$4694,MATCH($A64&"|7",Positions!$A$2:$A$4694,0)) -> 7 | E64: =INDEX(Positions!$D$2:$D$4694,MATCH($A64&"|66",Positions!$A$2:$A$4694,0)) -> 66 | F64: =INDEX(Positions!$E$2:$E$4694,MATCH($A64&"|7",Positions!$A$2:$A$4694,0)) -> G | G64: =INDEX(Positions!$E$2:$E$4694,MATCH($A64&"|66",Positions!$A$2:$A$4694,0)) -> C | H64: =F64&"-"&G64 -> G-C | I64: =(F64="G")+(G64="G") -> 1 | J64: =(F64="C")+(G64="C") -> 1 | K64: =I64+J64 -> 2
A65: tRNA-Ala-TGC-1-1 | B65: D-stem | C65: 10-25 | D65: =INDEX(Positions!$D$2:$D$4694,MATCH($A65&"|10",Positions!$A$2:$A$4694,0)) -> 10 | E65: =INDEX(Positions!$D$2:$D$4694,MATCH($A65&"|25",Positions!$A$2:$A$4694,0)) -> 25 | F65: =INDEX(Positions!$E$2:$E$4694,MATCH($A65&"|10",Positions!$A$2:$A$4694,0)) -> G | G65: =INDEX(Positions!$E$2:$E$4694,MATCH($A65&"|25",Positions!$A$2:$A$4694,0)) -> C | H65: =F65&"-"&G65 -> G-C | I65: =(F65="G")+(G65="G") -> 1 | J65: =(F65="C")+(G65="C") -> 1 | K65: =I65+J65 -> 2
A66: tRNA-Ala-TGC-1-1 | B66: D-stem | C66: 11-24 | D66: =INDEX(Positions!$D$2:$D$4694,MATCH($A66&"|11",Positions!$A$2:$A$4694,0)) -> 11 | E66: =INDEX(Positions!$D$2:$D$4694,MATCH($A66&"|24",Positions!$A$2:$A$4694,0)) -> 24 | F66: =INDEX(Positions!$E$2:$E$4694,MATCH($A66&"|11",Positions!$A$2:$A$4694,0)) -> A | G66: =INDEX(Positions!$E$2:$E$4694,MATCH($A66&"|24",Positions!$A$2:$A$4694,0)) -> U | H66: =F66&"-"&G66 -> A-U | I66: =(F66="G")+(G66="G") -> 0 | J66: =(F66="C")+(G66="C") -> 0 | K66: =I66+J66 -> 0
A67: tRNA-Ala-TGC-1-1 | B67: D-stem | C67: 12-23 | D67: =INDEX(Positions!$D$2:$D$4694,MATCH($A67&"|12",Positions!$A$2:$A$4694,0)) -> 12 | E67: =INDEX(Positions!$D$2:$D$4694,MATCH($A67&"|23",Positions!$A$2:$A$4694,0)) -> 23 | F67: =INDEX(Positions!$E$2:$E$4694,MATCH($A67&"|12",Positions!$A$2:$A$4694,0)) -> U | G67: =INDEX(Positions!$E$2:$E$4694,MATCH($A67&"|23",Positions!$A$2:$A$4694,0)) -> A | H67: =F67&"-"&G67 -> U-A | I67: =(F67="G")+(G67="G") -> 0 | J67: =(F67="C")+(G67="C") -> 0 | K67: =I67+J67 -> 0
A68: tRNA-Ala-TGC-1-1 | B68: D-stem | C68: 13-22 | D68: =INDEX(Positions!$D$2:$D$4694,MATCH($A68&"|13",Positions!$A$2:$A$4694,0)) -> 13 | E68: =INDEX(Positions!$D$2:$D$4694,MATCH($A68&"|22",Positions!$A$2:$A$4694,0)) -> 22 | F68: =INDEX(Positions!$E$2:$E$4694,MATCH($A68&"|13",Positions!$A$2:$A$4694,0)) -> C | G68: =INDEX(Positions!$E$2:$E$4694,MATCH($A68&"|22",Positions!$A$2:$A$4694,0)) -> G | H68: =F68&"-"&G68 -> C-G | I68: =(F68="G")+(G68="G") -> 1 | J68: =(F68="C")+(G68="C") -> 1 | K68: =I68+J68 -> 2
A69: tRNA-Ala-TGC-1-1 | B69: Anticodon stem | C69: 27-43 | D69: =INDEX(Positions!$D$2:$D$4694,MATCH($A69&"|27",Positions!$A$2:$A$4694,0)) -> 27 | E69: =INDEX(Positions!$D$2:$D$4694,MATCH($A69&"|43",Positions!$A$2:$A$4694,0)) -> 43 | F69: =INDEX(Positions!$E$2:$E$4694,MATCH($A69&"|27",Positions!$A$2:$A$4694,0)) -> C | G69: =INDEX(Positions!$E$2:$E$4694,MATCH($A69&"|43",Positions!$A$2:$A$4694,0)) -> G | H69: =F69&"-"&G69 -> C-G | I69: =(F69="G")+(G69="G") -> 1 | J69: =(F69="C")+(G69="C") -> 1 | K69: =I69+J69 -> 2
A70: tRNA-Ala-TGC-1-1 | B70: Anticodon stem | C70: 28-42 | D70: =INDEX(Positions!$D$2:$D$4694,MATCH($A70&"|28",Positions!$A$2:$A$4694,0)) -> 28 | E70: =INDEX(Positions!$D$2:$D$4694,MATCH($A70&"|42",Positions!$A$2:$A$4694,0)) -> 42 | F70: =INDEX(Positions!$E$2:$E$4694,MATCH($A70&"|28",Positions!$A$2:$A$4694,0)) -> U | G70: =INDEX(Positions!$E$2:$E$4694,MATCH($A70&"|42",Positions!$A$2:$A$4694,0)) -> A | H70: =F70&"-"&G70 -> U-A | I70: =(F70="G")+(G70="G") -> 0 | J70: =(F70="C")+(G70="C") -> 0 | K70: =I70+J70 -> 0
A71: tRNA-Ala-TGC-1-1 | B71: Anticodon stem | C71: 29-41 | D71: =INDEX(Positions!$D$2:$D$4694,MATCH($A71&"|29",Positions!$A$2:$A$4694,0)) -> 29 | E71: =INDEX(Positions!$D$2:$D$4694,MATCH($A71&"|41",Positions!$A$2:$A$4694,0)) -> 41 | F71: =INDEX(Positions!$E$2:$E$4694,MATCH($A71&"|29",Positions!$A$2:$A$4694,0)) -> G | G71: =INDEX(Positions!$E$2:$E$4694,MATCH($A71&"|41",Positions!$A$2:$A$4694,0)) -> C | H71: =F71&"-"&G71 -> G-C | I71: =(F71="G")+(G71="G") -> 1 | J71: =(F71="C")+(G71="C") -> 1 | K71: =I71+J71 -> 2
A72: tRNA-Ala-TGC-1-1 | B72: Anticodon stem | C72: 30-40 | D72: =INDEX(Positions!$D$2:$D$4694,MATCH($A72&"|30",Positions!$A$2:$A$4694,0)) -> 30 | E72: =INDEX(Positions!$D$2:$D$4694,MATCH($A72&"|40",Positions!$A$2:$A$4694,0)) -> 40 | F72: =INDEX(Positions!$E$2:$E$4694,MATCH($A72&"|30",Positions!$A$2:$A$4694,0)) -> C | G72: =INDEX(Positions!$E$2:$E$4694,MATCH($A72&"|40",Positions!$A$2:$A$4694,0)) -> G | H72: =F72&"-"&G72 -> C-G | I72: =(F72="G")+(G72="G") -> 1 | J72: =(F72="C")+(G72="C") -> 1 | K72: =I72+J72 -> 2
A73: tRNA-Ala-TGC-1-1 | B73: Anticodon stem | C73: 31-39 | D73: =INDEX(Positions!$D$2:$D$4694,MATCH($A73&"|31",Positions!$A$2:$A$4694,0)) -> 31 | E73: =INDEX(Positions!$D$2:$D$4694,MATCH($A73&"|39",Positions!$A$2:$A$4694,0)) -> 39 | F73: =INDEX(Positions!$E$2:$E$4694,MATCH($A73&"|31",Positions!$A$2:$A$4694,0)) -> C | G73: =INDEX(Positions!$E$2:$E$4694,MATCH($A73&"|39",Positions!$A$2:$A$4694,0)) -> G | H73: =F73&"-"&G73 -> C-G | I73: =(F73="G")+(G73="G") -> 1 | J73: =(F73="C")+(G73="C") -> 1 | K73: =I73+J73 -> 2
A74: tRNA-Ala-TGC-1-1 | B74: T-stem | C74: 49-65 | D74: =INDEX(Positions!$D$2:$D$4694,MATCH($A74&"|49",Positions!$A$2:$A$4694,0)) -> 49 | E74: =INDEX(Positions!$D$2:$D$4694,MATCH($A74&"|65",Positions!$A$2:$A$4694,0)) -> 65 | F74: =INDEX(Positions!$E$2:$E$4694,MATCH($A74&"|49",Positions!$A$2:$A$4694,0)) -> C | G74: =INDEX(Positions!$E$2:$E$4694,MATCH($A74&"|65",Positions!$A$2:$A$4694,0)) -> G | H74: =F74&"-"&G74 -> C-G | I74: =(F74="G")+(G74="G") -> 1 | J74: =(F74="C")+(G74="C") -> 1 | K74: =I74+J74 -> 2
A75: tRNA-Ala-TGC-1-1 | B75: T-stem | C75: 50-64 | D75: =INDEX(Positions!$D$2:$D$4694,MATCH($A75&"|50",Positions!$A$2:$A$4694,0)) -> 50 | E75: =INDEX(Positions!$D$2:$D$4694,MATCH($A75&"|64",Positions!$A$2:$A$4694,0)) -> 64 | F75: =INDEX(Positions!$E$2:$E$4694,MATCH($A75&"|50",Positions!$A$2:$A$4694,0)) -> U | G75: =INDEX(Positions!$E$2:$E$4694,MATCH($A75&"|64",Positions!$A$2:$A$4694,0)) -> A | H75: =F75&"-"&G75 -> U-A | I75: =(F75="G")+(G75="G") -> 0 | J75: =(F75="C")+(G75="C") -> 0 | K75: =I75+J75 -> 0
A76: tRNA-Ala-TGC-1-1 | B76: T-stem | C76: 51-63 | D76: =INDEX(Positions!$D$2:$D$4694,MATCH($A76&"|51",Positions!$A$2:$A$4694,0)) -> 51 | E76: =INDEX(Positions!$D$2:$D$4694,MATCH($A76&"|63",Positions!$A$2:$A$4694,0)) -> 63 | F76: =INDEX(Positions!$E$2:$E$4694,MATCH($A76&"|51",Positions!$A$2:$A$4694,0)) -> G | G76: =INDEX(Positions!$E$2:$E$4694,MATCH($A76&"|63",Positions!$A$2:$A$4694,0)) -> C | H76: =F76&"-"&G76 -> G-C | I76: =(F76="G")+(G76="G") -> 1 | J76: =(F76="C")+(G76="C") -> 1 | K76: =I76+J76 -> 2
A77: tRNA-Ala-TGC-1-1 | B77: T-stem | C77: 52-62 | D77: =INDEX(Positions!$D$2:$D$4694,MATCH($A77&"|52",Positions!$A$2:$A$4694,0)) -> 52 | E77: =INDEX(Positions!$D$2:$D$4694,MATCH($A77&"|62",Positions!$A$2:$A$4694,0)) -> 62 | F77: =INDEX(Positions!$E$2:$E$4694,MATCH($A77&"|52",Positions!$A$2:$A$4694,0)) -> G | G77: =INDEX(Positions!$E$2:$E$4694,MATCH($A77&"|62",Positions!$A$2:$A$4694,0)) -> C | H77: =F77&"-"&G77 -> G-C | I77: =(F77="G")+(G77="G") -> 1 | J77: =(F77="C")+(G77="C") -> 1 | K77: =I77+J77 -> 2
A78: tRNA-Ala-TGC-1-1 | B78: T-stem | C78: 53-61 | D78: =INDEX(Positions!$D$2:$D$4694,MATCH($A78&"|53",Positions!$A$2:$A$4694,0)) -> 53 | E78: =INDEX(Positions!$D$2:$D$4694,MATCH($A78&"|61",Positions!$A$2:$A$4694,0)) -> 61 | F78: =INDEX(Positions!$E$2:$E$4694,MATCH($A78&"|53",Positions!$A$2:$A$4694,0)) -> G | G78: =INDEX(Positions!$E$2:$E$4694,MATCH($A78&"|61",Positions!$A$2:$A$4694,0)) -> C | H78: =F78&"-"&G78 -> G-C | I78: =(F78="G")+(G78="G") -> 1 | J78: =(F78="C")+(G78="C") -> 1 | K78: =I78+J78 -> 2
A79: tRNA-Ala-TGC-1-1 | B79: 3D (tertiary) BP | C79: 8-14 | D79: =INDEX(Positions!$D$2:$D$4694,MATCH($A79&"|8",Positions!$A$2:$A$4694,0)) -> 8 | E79: =INDEX(Positions!$D$2:$D$4694,MATCH($A79&"|14",Positions!$A$2:$A$4694,0)) -> 14 | F79: =INDEX(Positions!$E$2:$E$4694,MATCH($A79&"|8",Positions!$A$2:$A$4694,0)) -> U | G79: =INDEX(Positions!$E$2:$E$4694,MATCH($A79&"|14",Positions!$A$2:$A$4694,0)) -> A | H79: =F79&"-"&G79 -> U-A | I79: =(F79="G")+(G79="G") -> 0 | J79: =(F79="C")+(G79="C") -> 0 | K79: =I79+J79 -> 0
A80: tRNA-Ala-TGC-1-1 | B80: 3D (tertiary) BP | C80: 15-48 | D80: =INDEX(Positions!$D$2:$D$4694,MATCH($A80&"|15",Positions!$A$2:$A$4694,0)) -> 15 | E80: =INDEX(Positions!$D$2:$D$4694,MATCH($A80&"|48",Positions!$A$2:$A$4694,0)) -> 48 | F80: =INDEX(Positions!$E$2:$E$4694,MATCH($A80&"|15",Positions!$A$2:$A$4694,0)) -> G | G80: =INDEX(Positions!$E$2:$E$4694,MATCH($A80&"|48",Positions!$A$2:$A$4694,0)) -> C | H80: =F80&"-"&G80 -> G-C | I80: =(F80="G")+(G80="G") -> 1 | J80: =(F80="C")+(G80="C") -> 1 | K80: =I80+J80 -> 2
A81: tRNA-Ala-TGC-1-1 | B81: 3D (tertiary) BP | C81: 18-55 | D81: =INDEX(Positions!$D$2:$D$4694,MATCH($A81&"|18",Positions!$A$2:$A$4694,0)) -> 18 | E81: =INDEX(Positions!$D$2:$D$4694,MATCH($A81&"|55",Positions!$A$2:$A$4694,0)) -> 55 | F81: =INDEX(Positions!$E$2:$E$4694,MATCH($A81&"|18",Positions!$A$2:$A$4694,0)) -> G | G81: =INDEX(Positions!$E$2:$E$4694,MATCH($A81&"|55",Positions!$A$2:$A$4694,0)) -> U | H81: =F81&"-"&G81 -> G-U | I81: =(F81="G")+(G81="G") -> 1 | J81: =(F81="C")+(G81="C") -> 0 | K81: =I81+J81 -> 1
A82: tRNA-Ala-TGC-1-1 | B82: 3D (tertiary) BP | C82: 19-56 | D82: =INDEX(Positions!$D$2:$D$4694,MATCH($A82&"|19",Positions!$A$2:$A$4694,0)) -> 19 | E82: =INDEX(Positions!$D$2:$D$4694,MATCH($A82&"|56",Positions!$A$2:$A$4694,0)) -> 56 | F82: =INDEX(Positions!$E$2:$E$4694,MATCH($A82&"|19",Positions!$A$2:$A$4694,0)) -> G | G82: =INDEX(Positions!$E$2:$E$4694,MATCH($A82&"|56",Positions!$A$2:$A$4694,0)) -> C | H82: =F82&"-"&G82 -> G-C | I82: =(F82="G")+(G82="G") -> 1 | J82: =(F82="C")+(G82="C") -> 1 | K82: =I82+J82 -> 2
A83: tRNA-Ala-TGC-1-1 | B83: 3D (tertiary) BP | C83: 26-44 | D83: =INDEX(Positions!$D$2:$D$4694,MATCH($A83&"|26",Positions!$A$2:$A$4694,0)) -> 26 | E83: =INDEX(Positions!$D$2:$D$4694,MATCH($A83&"|44",Positions!$A$2:$A$4694,0)) -> 44 | F83: =INDEX(Positions!$E$2:$E$4694,MATCH($A83&"|26",Positions!$A$2:$A$4694,0)) -> G | G83: =INDEX(Positions!$E$2:$E$4694,MATCH($A83&"|44",Positions!$A$2:$A$4694,0)) -> A | H83: =F83&"-"&G83 -> G-A | I83: =(F83="G")+(G83="G") -> 1 | J83: =(F83="C")+(G83="C") -> 0 | K83: =I83+J83 -> 1
A84: tRNA-Ala-TGC-1-1 | B84: 3D (tertiary) BP | C84: 32-38 | D84: =INDEX(Positions!$D$2:$D$4694,MATCH($A84&"|32",Positions!$A$2:$A$4694,0)) -> 32 | E84: =INDEX(Positions!$D$2:$D$4694,MATCH($A84&"|38",Positions!$A$2:$A$4694,0)) -> 38 | F84: =INDEX(Positions!$E$2:$E$4694,MATCH($A84&"|32",Positions!$A$2:$A$4694,0)) -> U | G84: =INDEX(Positions!$E$2:$E$4694,MATCH($A84&"|38",Positions!$A$2:$A$4694,0)) -> A | H84: =F84&"-"&G84 -> U-A | I84: =(F84="G")+(G84="G") -> 0 | J84: =(F84="C")+(G84="C") -> 0 | K84: =I84+J84 -> 0
A85: tRNA-Ala-TGC-1-1 | B85: 3D (tertiary) BP | C85: 54-58 | D85: =INDEX(Positions!$D$2:$D$4694,MATCH($A85&"|54",Positions!$A$2:$A$4694,0)) -> 54 | E85: =INDEX(Positions!$D$2:$D$4694,MATCH($A85&"|58",Positions!$A$2:$A$4694,0)) -> 58 | F85: =INDEX(Positions!$E$2:$E$4694,MATCH($A85&"|54",Positions!$A$2:$A$4694,0)) -> U | G85: =INDEX(Positions!$E$2:$E$4694,MATCH($A85&"|58",Positions!$A$2:$A$4694,0)) -> A | H85: =F85&"-"&G85 -> U-A | I85: =(F85="G")+(G85="G") -> 0 | J85: =(F85="C")+(G85="C") -> 0 | K85: =I85+J85 -> 0
A86: tRNA-Arg-CCG-1-1 | B86: Acceptor stem | C86: 1-72 | D86: =INDEX(Positions!$D$2:$D$4694,MATCH($A86&"|1",Positions!$A$2:$A$4694,0)) -> 1 | E86: =INDEX(Positions!$D$2:$D$4694,MATCH($A86&"|72",Positions!$A$2:$A$4694,0)) -> 71 | F86: =INDEX(Positions!$E$2:$E$4694,MATCH($A86&"|1",Positions!$A$2:$A$4694,0)) -> A | G86: =INDEX(Positions!$E$2:$E$4694,MATCH($A86&"|72",Positions!$A$2:$A$4694,0)) -> U | H86: =F86&"-"&G86 -> A-U | I86: =(F86="G")+(G86="G") -> 0 | J86: =(F86="C")+(G86="C") -> 0 | K86: =I86+J86 -> 0
A87: tRNA-Arg-CCG-1-1 | B87: Acceptor stem | C87: 2-71 | D87: =INDEX(Positions!$D$2:$D$4694,MATCH($A87&"|2",Positions!$A$2:$A$4694,0)) -> 2 | E87: =INDEX(Positions!$D$2:$D$4694,MATCH($A87&"|71",Positions!$A$2:$A$4694,0)) -> 70 | F87: =INDEX(Positions!$E$2:$E$4694,MATCH($A87&"|2",Positions!$A$2:$A$4694,0)) -> G | G87: =INDEX(Positions!$E$2:$E$4694,MATCH($A87&"|71",Positions!$A$2:$A$4694,0)) -> C | H87: =F87&"-"&G87 -> G-C | I87: =(F87="G")+(G87="G") -> 1 | J87: =(F87="C")+(G87="C") -> 1 | K87: =I87+J87 -> 2
A88: tRNA-Arg-CCG-1-1 | B88: Acceptor stem | C88: 3-70 | D88: =INDEX(Positions!$D$2:$D$4694,MATCH($A88&"|3",Positions!$A$2:$A$4694,0)) -> 3 | E88: =INDEX(Positions!$D$2:$D$4694,MATCH($A88&"|70",Positions!$A$2:$A$4694,0)) -> 69 | F88: =INDEX(Positions!$E$2:$E$4694,MATCH($A88&"|3",Positions!$A$2:$A$4694,0)) -> G | G88: =INDEX(Positions!$E$2:$E$4694,MATCH($A88&"|70",Positions!$A$2:$A$4694,0)) -> C | H88: =F88&"-"&G88 -> G-C | I88: =(F88="G")+(G88="G") -> 1 | J88: =(F88="C")+(G88="C") -> 1 | K88: =I88+J88 -> 2
A89: tRNA-Arg-CCG-1-1 | B89: Acceptor stem | C89: 4-69 | D89: =INDEX(Positions!$D$2:$D$4694,MATCH($A89&"|4",Positions!$A$2:$A$4694,0)) -> 4 | E89: =INDEX(Positions!$D$2:$D$4694,MATCH($A89&"|69",Positions!$A$2:$A$4694,0)) -> 68 | F89: =INDEX(Positions!$E$2:$E$4694,MATCH($A89&"|4",Positions!$A$2:$A$4694,0)) -> U | G89: =INDEX(Positions!$E$2:$E$4694,MATCH($A89&"|69",Positions!$A$2:$A$4694,0)) -> A | H89: =F89&"-"&G89 -> U-A | I89: =(F89="G")+(G89="G") -> 0 | J89: =(F89="C")+(G89="C") -> 0 | K89: =I89+J89 -> 0
A90: tRNA-Arg-CCG-1-1 | B90: Acceptor stem | C90: 5-68 | D90: =INDEX(Positions!$D$2:$D$4694,MATCH($A90&"|5",Positions!$A$2:$A$4694,0)) -> 5 | E90: =INDEX(Positions!$D$2:$D$4694,MATCH($A90&"|68",Positions!$A$2:$A$4694,0)) -> 67 | F90: =INDEX(Positions!$E$2:$E$4694,MATCH($A90&"|5",Positions!$A$2:$A$4694,0)) -> C | G90: =INDEX(Positions!$E$2:$E$4694,MATCH($A90&"|68",Positions!$A$2:$A$4694,0)) -> G | H90: =F90&"-"&G90 -> C-G | I90: =(F90="G")+(G90="G") -> 1 | J90: =(F90="C")+(G90="C") -> 1 | K90: =I90+J90 -> 2
A91: tRNA-Arg-CCG-1-1 | B91: Acceptor stem | C91: 6-67 | D91: =INDEX(Positions!$D$2:$D$4694,MATCH($A91&"|6",Positions!$A$2:$A$4694,0)) -> 6 | E91: =INDEX(Positions!$D$2:$D$4694,MATCH($A91&"|67",Positions!$A$2:$A$4694,0)) -> 66 | F91: =INDEX(Positions!$E$2:$E$4694,MATCH($A91&"|6",Positions!$A$2:$A$4694,0)) -> U | G91: =INDEX(Positions!$E$2:$E$4694,MATCH($A91&"|67",Positions!$A$2:$A$4694,0)) -> A | H91: =F91&"-"&G91 -> U-A | I91: =(F91="G")+(G91="G") -> 0 | J91: =(F91="C")+(G91="C") -> 0 | K91: =I91+J91 -> 0
A92: tRNA-Arg-CCG-1-1 | B92: Acceptor stem | C92: 7-66 | D92: =INDEX(Positions!$D$2:$D$4694,MATCH($A92&"|7",Positions!$A$2:$A$4694,0)) -> 7 | E92: =INDEX(Positions!$D$2:$D$4694,MATCH($A92&"|66",Positions!$A$2:$A$4694,0)) -> 65 | F92: =INDEX(Positions!$E$2:$E$4694,MATCH($A92&"|7",Positions!$A$2:$A$4694,0)) -> G | G92: =INDEX(Positions!$E$2:$E$4694,MATCH($A92&"|66",Positions!$A$2:$A$4694,0)) -> C | H92: =F92&"-"&G92 -> G-C | I92: =(F92="G")+(G92="G") -> 1 | J92: =(F92="C")+(G92="C") -> 1 | K92: =I92+J92 -> 2
A93: tRNA-Arg-CCG-1-1 | B93: D-stem | C93: 10-25 | D93: =INDEX(Positions!$D$2:$D$4694,MATCH($A93&"|10",Positions!$A$2:$A$4694,0)) -> 10 | E93: =INDEX(Positions!$D$2:$D$4694,MATCH($A93&"|25",Positions!$A$2:$A$4694,0)) -> 25 | F93: =INDEX(Positions!$E$2:$E$4694,MATCH($A93&"|10",Positions!$A$2:$A$4694,0)) -> G | G93: =INDEX(Positions!$E$2:$E$4694,MATCH($A93&"|25",Positions!$A$2:$A$4694,0)) -> C | H93: =F93&"-"&G93 -> G-C | I93: =(F93="G")+(G93="G") -> 1 | J93: =(F93="C")+(G93="C") -> 1 | K93: =I93+J93 -> 2
A94: tRNA-Arg-CCG-1-1 | B94: D-stem | C94: 11-24 | D94: =INDEX(Positions!$D$2:$D$4694,MATCH($A94&"|11",Positions!$A$2:$A$4694,0)) -> 11 | E94: =INDEX(Positions!$D$2:$D$4694,MATCH($A94&"|24",Positions!$A$2:$A$4694,0)) -> 24 | F94: =INDEX(Positions!$E$2:$E$4694,MATCH($A94&"|11",Positions!$A$2:$A$4694,0)) -> U | G94: =INDEX(Positions!$E$2:$E$4694,MATCH($A94&"|24",Positions!$A$2:$A$4694,0)) -> A | H94: =F94&"-"&G94 -> U-A | I94: =(F94="G")+(G94="G") -> 0 | J94: =(F94="C")+(G94="C") -> 0 | K94: =I94+J94 -> 0
A95: tRNA-Arg-CCG-1-1 | B95: D-stem | C95: 12-23 | D95: =INDEX(Positions!$D$2:$D$4694,MATCH($A95&"|12",Positions!$A$2:$A$4694,0)) -> 12 | E95: =INDEX(Positions!$D$2:$D$4694,MATCH($A95&"|23",Positions!$A$2:$A$4694,0)) -> 23 | F95: =INDEX(Positions!$E$2:$E$4694,MATCH($A95&"|12",Positions!$A$2:$A$4694,0)) -> G | G95: =INDEX(Positions!$E$2:$E$4694,MATCH($A95&"|23",Positions!$A$2:$A$4694,0)) -> C | H95: =F95&"-"&G95 -> G-C | I95: =(F95="G")+(G95="G") -> 1 | J95: =(F95="C")+(G95="C") -> 1 | K95: =I95+J95 -> 2
A96: tRNA-Arg-CCG-1-1 | B96: D-stem | C96: 13-22 | D96: =INDEX(Positions!$D$2:$D$4694,MATCH($A96&"|13",Positions!$A$2:$A$4694,0)) -> 13 | E96: =INDEX(Positions!$D$2:$D$4694,MATCH($A96&"|22",Positions!$A$2:$A$4694,0)) -> 22 | F96: =INDEX(Positions!$E$2:$E$4694,MATCH($A96&"|13",Positions!$A$2:$A$4694,0)) -> U | G96: =INDEX(Positions!$E$2:$E$4694,MATCH($A96&"|22",Positions!$A$2:$A$4694,0)) -> U | H96: =F96&"-"&G96 -> U-U | I96: =(F96="G")+(G96="G") -> 0 | J96: =(F96="C")+(G96="C") -> 0 | K96: =I96+J96 -> 0
A97: tRNA-Arg-CCG-1-1 | B97: Anticodon stem | C97: 27-43 | D97: =INDEX(Positions!$D$2:$D$4694,MATCH($A97&"|27",Positions!$A$2:$A$4694,0)) -> 27 | E97: =INDEX(Positions!$D$2:$D$4694,MATCH($A97&"|43",Positions!$A$2:$A$4694,0)) -> 43 | F97: =INDEX(Positions!$E$2:$E$4694,MATCH($A97&"|27",Positions!$A$2:$A$4694,0)) -> G | G97: =INDEX(Positions!$E$2:$E$4694,MATCH($A97&"|43",Positions!$A$2:$A$4694,0)) -> C | H97: =F97&"-"&G97 -> G-C | I97: =(F97="G")+(G97="G") -> 1 | J97: =(F97="C")+(G97="C") -> 1 | K97: =I97+J97 -> 2
A98: tRNA-Arg-CCG-1-1 | B98: Anticodon stem | C98: 28-42 | D98: =INDEX(Positions!$D$2:$D$4694,MATCH($A98&"|28",Positions!$A$2:$A$4694,0)) -> 28 | E98: =INDEX(Positions!$D$2:$D$4694,MATCH($A98&"|42",Positions!$A$2:$A$4694,0)) -> 42 | F98: =INDEX(Positions!$E$2:$E$4694,MATCH($A98&"|28",Positions!$A$2:$A$4694,0)) -> G | G98: =INDEX(Positions!$E$2:$E$4694,MATCH($A98&"|42",Positions!$A$2:$A$4694,0)) -> C | H98: =F98&"-"&G98 -> G-C | I98: =(F98="G")+(G98="G") -> 1 | J98: =(F98="C")+(G98="C") -> 1 | K98: =I98+J98 -> 2
A99: tRNA-Arg-CCG-1-1 | B99: Anticodon stem | C99: 29-41 | D99: =INDEX(Positions!$D$2:$D$4694,MATCH($A99&"|29",Positions!$A$2:$A$4694,0)) -> 29 | E99: =INDEX(Positions!$D$2:$D$4694,MATCH($A99&"|41",Positions!$A$2:$A$4694,0)) -> 41 | F99: =INDEX(Positions!$E$2:$E$4694,MATCH($A99&"|29",Positions!$A$2:$A$4694,0)) -> A | G99: =INDEX(Positions!$E$2:$E$4694,MATCH($A99&"|41",Positions!$A$2:$A$4694,0)) -> U | H99: =F99&"-"&G99 -> A-U | I99: =(F99="G")+(G99="G") -> 0 | J99: =(F99="C")+(G99="C") -> 0 | K99: =I99+J99 -> 0
A100: tRNA-Arg-CCG-1-1 | B100: Anticodon stem | C100: 30-40 | D100: =INDEX(Positions!$D$2:$D$4694,MATCH($A100&"|30",Positions!$A$2:$A$4694,0)) -> 30 | E100: =INDEX(Positions!$D$2:$D$4694,MATCH($A100&"|40",Positions!$A$2:$A$4694,0)) -> 40 | F100: =INDEX(Positions!$E$2:$E$4694,MATCH($A100&"|30",Positions!$A$2:$A$4694,0)) -> G | G100: =INDEX(Positions!$E$2:$E$4694,MATCH($A100&"|40",Positions!$A$2:$A$4694,0)) -> C | H100: =F100&"-"&G100 -> G-C | I100: =(F100="G")+(G100="G") -> 1 | J100: =(F100="C")+(G100="C") -> 1 | K100: =I100+J100 -> 2
...

Sheet Loops
A1: tRNA | B1: Loop / region | C1: Canonical positions | D1: Actual positions | E1: Loop sequence (5′→3′) | F1: Length | G1: G count | H1: C count | I1: G+C count | J1: G+C %
A2: tRNA-Ala-CGC-1-1 | B2: D-loop | C2: 14–21 | D2: 14–20 | E2: AGGGGAA | F2: =COUNTIFS(Positions!$B$2:$B$4694,A2,Positions!$F$2:$F$4694,B2) -> 7 | G2: =COUNTIFS(Positions!$B$2:$B$4694,A2,Positions!$F$2:$F$4694,B2,Positions!$E$2:$E$4694,"G") -> 4 | H2: =COUNTIFS(Positions!$B$2:$B$4694,A2,Positions!$F$2:$F$4694,B2,Positions!$E$2:$E$4694,"C") -> 0 | I2: =G2+H2 -> 4 | J2: =IF(F2=0,0,I2/F2) -> 0.57142857
A3: tRNA-Ala-CGC-1-1 | B3: Anticodon loop | C3: 32–38 | D3: 31–37 | E3: UUCGCAA | F3: =COUNTIFS(Positions!$B$2:$B$4694,A3,Positions!$F$2:$F$4694,B3) -> 7 | G3: =COUNTIFS(Positions!$B$2:$B$4694,A3,Positions!$F$2:$F$4694,B3,Positions!$E$2:$E$4694,"G") -> 1 | H3: =COUNTIFS(Positions!$B$2:$B$4694,A3,Positions!$F$2:$F$4694,B3,Positions!$E$2:$E$4694,"C") -> 2 | I3: =G3+H3 -> 3 | J3: =IF(F3=0,0,I3/F3) -> 0.42857143
A4: tRNA-Ala-CGC-1-1 | B4: Variable loop | C4: 44–48 | D4: 43–47 | E4: AGGCC | F4: =COUNTIFS(Positions!$B$2:$B$4694,A4,Positions!$F$2:$F$4694,B4) -> 5 | G4: =COUNTIFS(Positions!$B$2:$B$4694,A4,Positions!$F$2:$F$4694,B4,Positions!$E$2:$E$4694,"G") -> 2 | H4: =COUNTIFS(Positions!$B$2:$B$4694,A4,Positions!$F$2:$F$4694,B4,Positions!$E$2:$E$4694,"C") -> 2 | I4: =G4+H4 -> 4 | J4: =IF(F4=0,0,I4/F4) -> 0.8
A5: tRNA-Ala-CGC-1-1 | B5: TΨC-loop | C5: 54–60 | D5: 53–59 | E5: UUCAAAU | F5: =COUNTIFS(Positions!$B$2:$B$4694,A5,Positions!$F$2:$F$4694,B5) -> 7 | G5: =COUNTIFS(Positions!$B$2:$B$4694,A5,Positions!$F$2:$F$4694,B5,Positions!$E$2:$E$4694,"G") -> 0 | H5: =COUNTIFS(Positions!$B$2:$B$4694,A5,Positions!$F$2:$F$4694,B5,Positions!$E$2:$E$4694,"C") -> 1 | I5: =G5+H5 -> 1 | J5: =IF(F5=0,0,I5/F5) -> 0.14285714
A6: tRNA-Ala-CGC-1-1 | B6: Positions 8, 9, 26 | C6: 8, 9, 26 | D6: 8, 9, 25 | E6: UAG | F6: =COUNTIFS(Positions!$B$2:$B$4694,A6,Positions!$F$2:$F$4694,"Position 8")+COUNTIFS(Positions!$B$2:$B$4694,A6,Positions!$F$2:$F$4694,"Position 9")+COUNTIFS(Positions!$B$2:$B$4694,A6,Positions!$F$2:$F$4694,"Position 26") -> 3 | G6: =COUNTIFS(Positions!$B$2:$B$4694,A6,Positions!$F$2:$F$4694,"Position 8",Positions!$E$2:$E$4694,"G")+COUNTIFS(Positions!$B$2:$B$4694,A6,Positions!$F$2:$F$4694,"Position 9",Positions!$E$2:$E$4694,"G")+COUNTIFS(Positions!$B$2:$B$4694,A6,Positions!$F$2:$F$4694,"Position 26",Positions!$E$2:$E$4694,"G") -> 1 | H6: =COUNTIFS(Positions!$B$2:$B$4694,A6,Positions!$F$2:$F$4694,"Position 8",Positions!$E$2:$E$4694,"C")+COUNTIFS(Positions!$B$2:$B$4694,A6,Positions!$F$2:$F$4694,"Position 9",Positions!$E$2:$E$4694,"C")+COUNTIFS(Positions!$B$2:$B$4694,A6,Positions!$F$2:$F$4694,"Position 26",Positions!$E$2:$E$4694,"C") -> 0 | I6: =G6+H6 -> 1 | J6: =IF(F6=0,0,I6/F6) -> 0.33333333
A7: tRNA-Ala-GGC-1-1 | B7: D-loop | C7: 14–21 | D7: 14–20 | E7: AGGGGAA | F7: =COUNTIFS(Positions!$B$2:$B$4694,A7,Positions!$F$2:$F$4694,B7) -> 7 | G7: =COUNTIFS(Positions!$B$2:$B$4694,A7,Positions!$F$2:$F$4694,B7,Positions!$E$2:$E$4694,"G") -> 4 | H7: =COUNTIFS(Positions!$B$2:$B$4694,A7,Positions!$F$2:$F$4694,B7,Positions!$E$2:$E$4694,"C") -> 0 | I7: =G7+H7 -> 4 | J7: =IF(F7=0,0,I7/F7) -> 0.57142857
A8: tRNA-Ala-GGC-1-1 | B8: Anticodon loop | C8: 32–38 | D8: 31–37 | E8: UUGGCAU | F8: =COUNTIFS(Positions!$B$2:$B$4694,A8,Positions!$F$2:$F$4694,B8) -> 7 | G8: =COUNTIFS(Positions!$B$2:$B$4694,A8,Positions!$F$2:$F$4694,B8,Positions!$E$2:$E$4694,"G") -> 2 | H8: =COUNTIFS(Positions!$B$2:$B$4694,A8,Positions!$F$2:$F$4694,B8,Positions!$E$2:$E$4694,"C") -> 1 | I8: =G8+H8 -> 3 | J8: =IF(F8=0,0,I8/F8) -> 0.42857143
A9: tRNA-Ala-GGC-1-1 | B9: Variable loop | C9: 44–48 | D9: 43–47 | E9: AGGCC | F9: =COUNTIFS(Positions!$B$2:$B$4694,A9,Positions!$F$2:$F$4694,B9) -> 5 | G9: =COUNTIFS(Positions!$B$2:$B$4694,A9,Positions!$F$2:$F$4694,B9,Positions!$E$2:$E$4694,"G") -> 2 | H9: =COUNTIFS(Positions!$B$2:$B$4694,A9,Positions!$F$2:$F$4694,B9,Positions!$E$2:$E$4694,"C") -> 2 | I9: =G9+H9 -> 4 | J9: =IF(F9=0,0,I9/F9) -> 0.8
A10: tRNA-Ala-GGC-1-1 | B10: TΨC-loop | C10: 54–60 | D10: 53–59 | E10: UUCAAUU | F10: =COUNTIFS(Positions!$B$2:$B$4694,A10,Positions!$F$2:$F$4694,B10) -> 7 | G10: =COUNTIFS(Positions!$B$2:$B$4694,A10,Positions!$F$2:$F$4694,B10,Positions!$E$2:$E$4694,"G") -> 0 | H10: =COUNTIFS(Positions!$B$2:$B$4694,A10,Positions!$F$2:$F$4694,B10,Positions!$E$2:$E$4694,"C") -> 1 | I10: =G10+H10 -> 1 | J10: =IF(F10=0,0,I10/F10) -> 0.14285714
A11: tRNA-Ala-GGC-1-1 | B11: Positions 8, 9, 26 | C11: 8, 9, 26 | D11: 8, 9, 25 | E11: UAG | F11: =COUNTIFS(Positions!$B$2:$B$4694,A11,Positions!$F$2:$F$4694,"Position 8")+COUNTIFS(Positions!$B$2:$B$4694,A11,Positions!$F$2:$F$4694,"Position 9")+COUNTIFS(Positions!$B$2:$B$4694,A11,Positions!$F$2:$F$4694,"Position 26") -> 3 | G11: =COUNTIFS(Positions!$B$2:$B$4694,A11,Positions!$F$2:$F$4694,"Position 8",Positions!$E$2:$E$4694,"G")+COUNTIFS(Positions!$B$2:$B$4694,A11,Positions!$F$2:$F$4694,"Position 9",Positions!$E$2:$E$4694,"G")+COUNTIFS(Positions!$B$2:$B$4694,A11,Positions!$F$2:$F$4694,"Position 26",Positions!$E$2:$E$4694,"G") -> 1 | H11: =COUNTIFS(Positions!$B$2:$B$4694,A11,Positions!$F$2:$F$4694,"Position 8",Positions!$E$2:$E$4694,"C")+COUNTIFS(Positions!$B$2:$B$4694,A11,Positions!$F$2:$F$4694,"Position 9",Positions!$E$2:$E$4694,"C")+COUNTIFS(Positions!$B$2:$B$4694,A11,Positions!$F$2:$F$4694,"Position 26",Positions!$E$2:$E$4694,"C") -> 0 | I11: =G11+H11 -> 1 | J11: =IF(F11=0,0,I11/F11) -> 0.33333333
A12: tRNA-Ala-TGC-1-1 | B12: D-loop | C12: 14–21 | D12: 14–21 | E12: AGAUGGAA | F12: =COUNTIFS(Positions!$B$2:$B$4694,A12,Positions!$F$2:$F$4694,B12) -> 8 | G12: =COUNTIFS(Positions!$B$2:$B$4694,A12,Positions!$F$2:$F$4694,B12,Positions!$E$2:$E$4694,"G") -> 3 | H12: =COUNTIFS(Positions!$B$2:$B$4694,A12,Positions!$F$2:$F$4694,B12,Positions!$E$2:$E$4694,"C") -> 0 | I12: =G12+H12 -> 3 | J12: =IF(F12=0,0,I12/F12) -> 0.375
A13: tRNA-Ala-TGC-1-1 | B13: Anticodon loop | C13: 32–38 | D13: 32–38 | E13: UUUGCAA | F13: =COUNTIFS(Positions!$B$2:$B$4694,A13,Positions!$F$2:$F$4694,B13) -> 7 | G13: =COUNTIFS(Positions!$B$2:$B$4694,A13,Positions!$F$2:$F$4694,B13,Positions!$E$2:$E$4694,"G") -> 1 | H13: =COUNTIFS(Positions!$B$2:$B$4694,A13,Positions!$F$2:$F$4694,B13,Positions!$E$2:$E$4694,"C") -> 1 | I13: =G13+H13 -> 2 | J13: =IF(F13=0,0,I13/F13) -> 0.28571429
A14: tRNA-Ala-TGC-1-1 | B14: Variable loop | C14: 44–48 | D14: 44–48 | E14: AGGCC | F14: =COUNTIFS(Positions!$B$2:$B$4694,A14,Positions!$F$2:$F$4694,B14) -> 5 | G14: =COUNTIFS(Positions!$B$2:$B$4694,A14,Positions!$F$2:$F$4694,B14,Positions!$E$2:$E$4694,"G") -> 2 | H14: =COUNTIFS(Positions!$B$2:$B$4694,A14,Positions!$F$2:$F$4694,B14,Positions!$E$2:$E$4694,"C") -> 2 | I14: =G14+H14 -> 4 | J14: =IF(F14=0,0,I14/F14) -> 0.8
A15: tRNA-Ala-TGC-1-1 | B15: TΨC-loop | C15: 54–60 | D15: 54–60 | E15: UUCGAAU | F15: =COUNTIFS(Positions!$B$2:$B$4694,A15,Positions!$F$2:$F$4694,B15) -> 7 | G15: =COUNTIFS(Positions!$B$2:$B$4694,A15,Positions!$F$2:$F$4694,B15,Positions!$E$2:$E$4694,"G") -> 1 | H15: =COUNTIFS(Positions!$B$2:$B$4694,A15,Positions!$F$2:$F$4694,B15,Positions!$E$2:$E$4694,"C") -> 1 | I15: =G15+H15 -> 2 | J15: =IF(F15=0,0,I15/F15) -> 0.28571429
A16: tRNA-Ala-TGC-1-1 | B16: Positions 8, 9, 26 | C16: 8, 9, 26 | D16: 8, 9, 26 | E16: UAG | F16: =COUNTIFS(Positions!$B$2:$B$4694,A16,Positions!$F$2:$F$4694,"Position 8")+COUNTIFS(Positions!$B$2:$B$4694,A16,Positions!$F$2:$F$4694,"Position 9")+COUNTIFS(Positions!$B$2:$B$4694,A16,Positions!$F$2:$F$4694,"Position 26") -> 3 | G16: =COUNTIFS(Positions!$B$2:$B$4694,A16,Positions!$F$2:$F$4694,"Position 8",Positions!$E$2:$E$4694,"G")+COUNTIFS(Positions!$B$2:$B$4694,A16,Positions!$F$2:$F$4694,"Position 9",Positions!$E$2:$E$4694,"G")+COUNTIFS(Positions!$B$2:$B$4694,A16,Positions!$F$2:$F$4694,"Position 26",Positions!$E$2:$E$4694,"G") -> 1 | H16: =COUNTIFS(Positions!$B$2:$B$4694,A16,Positions!$F$2:$F$4694,"Position 8",Positions!$E$2:$E$4694,"C")+COUNTIFS(Positions!$B$2:$B$4694,A16,Positions!$F$2:$F$4694,"Position 9",Positions!$E$2:$E$4694,"C")+COUNTIFS(Positions!$B$2:$B$4694,A16,Positions!$F$2:$F$4694,"Position 26",Positions!$E$2:$E$4694,"C") -> 0 | I16: =G16+H16 -> 1 | J16: =IF(F16=0,0,I16/F16) -> 0.33333333
A17: tRNA-Arg-CCG-1-1 | B17: D-loop | C17: 14–21 | D17: 14–21 | E17: AGAGGAUA | F17: =COUNTIFS(Positions!$B$2:$B$4694,A17,Positions!$F$2:$F$4694,B17) -> 8 | G17: =COUNTIFS(Positions!$B$2:$B$4694,A17,Positions!$F$2:$F$4694,B17,Positions!$E$2:$E$4694,"G") -> 3 | H17: =COUNTIFS(Positions!$B$2:$B$4694,A17,Positions!$F$2:$F$4694,B17,Positions!$E$2:$E$4694,"C") -> 0 | I17: =G17+H17 -> 3 | J17: =IF(F17=0,0,I17/F17) -> 0.375
A18: tRNA-Arg-CCG-1-1 | B18: Anticodon loop | C18: 32–38 | D18: 32–38 | E18: CUCCGGA | F18: =COUNTIFS(Positions!$B$2:$B$4694,A18,Positions!$F$2:$F$4694,B18) -> 7 | G18: =COUNTIFS(Positions!$B$2:$B$4694,A18,Positions!$F$2:$F$4694,B18,Positions!$E$2:$E$4694,"G") -> 2 | H18: =COUNTIFS(Positions!$B$2:$B$4694,A18,Positions!$F$2:$F$4694,B18,Positions!$E$2:$E$4694,"C") -> 3 | I18: =G18+H18 -> 5 | J18: =IF(F18=0,0,I18/F18) -> 0.71428571
A19: tRNA-Arg-CCG-1-1 | B19: Variable loop | C19: 44–48 | D19: 44–47 | E19: GAAC | F19: =COUNTIFS(Positions!$B$2:$B$4694,A19,Positions!$F$2:$F$4694,B19) -> 4 | G19: =COUNTIFS(Positions!$B$2:$B$4694,A19,Positions!$F$2:$F$4694,B19,Positions!$E$2:$E$4694,"G") -> 1 | H19: =COUNTIFS(Positions!$B$2:$B$4694,A19,Positions!$F$2:$F$4694,B19,Positions!$E$2:$E$4694,"C") -> 1 | I19: =G19+H19 -> 2 | J19: =IF(F19=0,0,I19/F19) -> 0.5
A20: tRNA-Arg-CCG-1-1 | B20: TΨC-loop | C20: 54–60 | D20: 53–59 | E20: UUCGAUU | F20: =COUNTIFS(Positions!$B$2:$B$4694,A20,Positions!$F$2:$F$4694,B20) -> 7 | G20: =COUNTIFS(Positions!$B$2:$B$4694,A20,Positions!$F$2:$F$4694,B20,Positions!$E$2:$E$4694,"G") -> 1 | H20: =COUNTIFS(Positions!$B$2:$B$4694,A20,Positions!$F$2:$F$4694,B20,Positions!$E$2:$E$4694,"C") -> 1 | I20: =G20+H20 -> 2 | J20: =IF(F20=0,0,I20/F20) -> 0.28571429
A21: tRNA-Arg-CCG-1-1 | B21: Positions 8, 9, 26 | C21: 8, 9, 26 | D21: 8, 9, 26 | E21: UAU | F21: =COUNTIFS(Positions!$B$2:$B$4694,A21,Positions!$F$2:$F$4694,"Position 8")+COUNTIFS(Positions!$B$2:$B$4694,A21,Positions!$F$2:$F$4694,"Position 9")+COUNTIFS(Positions!$B$2:$B$4694,A21,Positions!$F$2:$F$4694,"Position 26") -> 3 | G21: =COUNTIFS(Positions!$B$2:$B$4694,A21,Positions!$F$2:$F$4694,"Position 8",Positions!$E$2:$E$4694,"G")+COUNTIFS(Positions!$B$2:$B$4694,A21,Positions!$F$2:$F$4694,"Position 9",Positions!$E$2:$E$4694,"G")+COUNTIFS(Positions!$B$2:$B$4694,A21,Positions!$F$2:$F$4694,"Position 26",Positions!$E$2:$E$4694,"G") -> 0 | H21: =COUNTIFS(Positions!$B$2:$B$4694,A21,Positions!$F$2:$F$4694,"Position 8",Positions!$E$2:$E$4694,"C")+COUNTIFS(Positions!$B$2:$B$4694,A21,Positions!$F$2:$F$4694,"Position 9",Positions!$E$2:$E$4694,"C")+COUNTIFS(Positions!$B$2:$B$4694,A21,Positions!$F$2:$F$4694,"Position 26",Positions!$E$2:$E$4694,"C") -> 0 | I21: =G21+H21 -> 0 | J21: =IF(F21=0,0,I21/F21) -> 0
A22: tRNA-Arg-CCT-1-1 | B22: D-loop | C22: 14–21 | D22: 14–23 | E22: AGCCAGGAUA | F22: =COUNTIFS(Positions!$B$2:$B$4694,A22,Positions!$F$2:$F$4694,B22) -> 10 | G22: =COUNTIFS(Positions!$B$2:$B$4694,A22,Positions!$F$2:$F$4694,B22,Positions!$E$2:$E$4694,"G") -> 3 | H22: =COUNTIFS(Positions!$B$2:$B$4694,A22,Positions!$F$2:$F$4694,B22,Positions!$E$2:$E$4694,"C") -> 2 | I22: =G22+H22 -> 5 | J22: =IF(F22=0,0,I22/F22) -> 0.5
A23: tRNA-Arg-CCT-1-1 | B23: Anticodon loop | C23: 32–38 | D23: 34–40 | E23: CUCCUAA | F23: =COUNTIFS(Positions!$B$2:$B$4694,A23,Positions!$F$2:$F$4694,B23) -> 7 | G23: =COUNTIFS(Positions!$B$2:$B$4694,A23,Positions!$F$2:$F$4694,B23,Positions!$E$2:$E$4694,"G") -> 0 | H23: =COUNTIFS(Positions!$B$2:$B$4694,A23,Positions!$F$2:$F$4694,B23,Positions!$E$2:$E$4694,"C") -> 3 | I23: =G23+H23 -> 3 | J23: =IF(F23=0,0,I23/F23) -> 0.42857143
A24: tRNA-Arg-CCT-1-1 | B24: Variable loop | C24: 44–48 | D24: 46–50 | E24: AAAUC | F24: =COUNTIFS(Positions!$B$2:$B$4694,A24,Positions!$F$2:$F$4694,B24) -> 5 | G24: =COUNTIFS(Positions!$B$2:$B$4694,A24,Positions!$F$2:$F$4694,B24,Positions!$E$2:$E$4694,"G") -> 0 | H24: =COUNTIFS(Positions!$B$2:$B$4694,A24,Positions!$F$2:$F$4694,B24,Positions!$E$2:$E$4694,"C") -> 1 | I24: =G24+H24 -> 1 | J24: =IF(F24=0,0,I24/F24) -> 0.2
A25: tRNA-Arg-CCT-1-1 | B25: TΨC-loop | C25: 54–60 | D25: 56–62 | E25: UUCAAAU | F25: =COUNTIFS(Positions!$B$2:$B$4694,A25,Positions!$F$2:$F$4694,B25) -> 7 | G25: =COUNTIFS(Positions!$B$2:$B$4694,A25,Positions!$F$2:$F$4694,B25,Positions!$E$2:$E$4694,"G") -> 0 | H25: =COUNTIFS(Positions!$B$2:$B$4694,A25,Positions!$F$2:$F$4694,B25,Positions!$E$2:$E$4694,"C") -> 1 | I25: =G25+H25 -> 1 | J25: =IF(F25=0,0,I25/F25) -> 0.14285714
A26: tRNA-Arg-CCT-1-1 | B26: Positions 8, 9, 26 | C26: 8, 9, 26 | D26: 8, 9, 28 | E26: UGG | F26: =COUNTIFS(Positions!$B$2:$B$4694,A26,Positions!$F$2:$F$4694,"Position 8")+COUNTIFS(Positions!$B$2:$B$4694,A26,Positions!$F$2:$F$4694,"Position 9")+COUNTIFS(Positions!$B$2:$B$4694,A26,Positions!$F$2:$F$4694,"Position 26") -> 3 | G26: =COUNTIFS(Positions!$B$2:$B$4694,A26,Positions!$F$2:$F$4694,"Position 8",Positions!$E$2:$E$4694,"G")+COUNTIFS(Positions!$B$2:$B$4694,A26,Positions!$F$2:$F$4694,"Position 9",Positions!$E$2:$E$4694,"G")+COUNTIFS(Positions!$B$2:$B$4694,A26,Positions!$F$2:$F$4694,"Position 26",Positions!$E$2:$E$4694,"G") -> 2 | H26: =COUNTIFS(Positions!$B$2:$B$4694,A26,Positions!$F$2:$F$4694,"Position 8",Positions!$E$2:$E$4694,"C")+COUNTIFS(Positions!$B$2:$B$4694,A26,Positions!$F$2:$F$4694,"Position 9",Positions!$E$2:$E$4694,"C")+COUNTIFS(Positions!$B$2:$B$4694,A26,Positions!$F$2:$F$4694,"Position 26",Positions!$E$2:$E$4694,"C") -> 0 | I26: =G26+H26 -> 2 | J26: =IF(F26=0,0,I26/F26) -> 0.66666667
A27: tRNA-Arg-GCG-1-1 | B27: D-loop | C27: 14–21 | D27: 14–21 | E27: AGUGGAUA | F27: =COUNTIFS(Positions!$B$2:$B$4694,A27,Positions!$F$2:$F$4694,B27) -> 8 | G27: =COUNTIFS(Positions!$B$2:$B$4694,A27,Positions!$F$2:$F$4694,B27,Positions!$E$2:$E$4694,"G") -> 3 | H27: =COUNTIFS(Positions!$B$2:$B$4694,A27,Positions!$F$2:$F$4694,B27,Positions!$E$2:$E$4694,"C") -> 0 | I27: =G27+H27 -> 3 | J27: =IF(F27=0,0,I27/F27) -> 0.375
A28: tRNA-Arg-GCG-1-1 | B28: Anticodon loop | C28: 32–38 | D28: 32–38 | E28: CUGCGGA | F28: =COUNTIFS(Positions!$B$2:$B$4694,A28,Positions!$F$2:$F$4694,B28) -> 7 | G28: =COUNTIFS(Positions!$B$2:$B$4694,A28,Positions!$F$2:$F$4694,B28,Positions!$E$2:$E$4694,"G") -> 3 | H28: =COUNTIFS(Positions!$B$2:$B$4694,A28,Positions!$F$2:$F$4694,B28,Positions!$E$2:$E$4694,"C") -> 2 | I28: =G28+H28 -> 5 | J28: =IF(F28=0,0,I28/F28) -> 0.71428571
A29: tRNA-Arg-GCG-1-1 | B29: Variable loop | C29: 44–48 | D29: 44–47 | E29: AGAC | F29: =COUNTIFS(Positions!$B$2:$B$4694,A29,Positions!$F$2:$F$4694,B29) -> 4 | G29: =COUNTIFS(Positions!$B$2:$B$4694,A29,Positions!$F$2:$F$4694,B29,Positions!$E$2:$E$4694,"G") -> 1 | H29: =COUNTIFS(Positions!$B$2:$B$4694,A29,Positions!$F$2:$F$4694,B29,Positions!$E$2:$E$4694,"C") -> 1 | I29: =G29+H29 -> 2 | J29: =IF(F29=0,0,I29/F29) -> 0.5
A30: tRNA-Arg-GCG-1-1 | B30: TΨC-loop | C30: 54–60 | D30: 53–59 | E30: UUCAAGU | F30: =COUNTIFS(Positions!$B$2:$B$4694,A30,Positions!$F$2:$F$4694,B30) -> 7 | G30: =COUNTIFS(Positions!$B$2:$B$4694,A30,Positions!$F$2:$F$4694,B30,Positions!$E$2:$E$4694,"G") -> 1 | H30: =COUNTIFS(Positions!$B$2:$B$4694,A30,Positions!$F$2:$F$4694,B30,Positions!$E$2:$E$4694,"C") -> 1 | I30: =G30+H30 -> 2 | J30: =IF(F30=0,0,I30/F30) -> 0.28571429
A31: tRNA-Arg-GCG-1-1 | B31: Positions 8, 9, 26 | C31: 8, 9, 26 | D31: 8, 9, 26 | E31: UAU | F31: =COUNTIFS(Positions!$B$2:$B$4694,A31,Positions!$F$2:$F$4694,"Position 8")+COUNTIFS(Positions!$B$2:$B$4694,A31,Positions!$F$2:$F$4694,"Position 9")+COUNTIFS(Positions!$B$2:$B$4694,A31,Positions!$F$2:$F$4694,"Position 26") -> 3 | G31: =COUNTIFS(Positions!$B$2:$B$4694,A31,Positions!$F$2:$F$4694,"Position 8",Positions!$E$2:$E$4694,"G")+COUNTIFS(Positions!$B$2:$B$4694,A31,Positions!$F$2:$F$4694,"Position 9",Positions!$E$2:$E$4694,"G")+COUNTIFS(Positions!$B$2:$B$4694,A31,Positions!$F$2:$F$4694,"Position 26",Positions!$E$2:$E$4694,"G") -> 0 | H31: =COUNTIFS(Positions!$B$2:$B$4694,A31,Positions!$F$2:$F$4694,"Position 8",Positions!$E$2:$E$4694,"C")+COUNTIFS(Positions!$B$2:$B$4694,A31,Positions!$F$2:$F$4694,"Position 9",Positions!$E$2:$E$4694,"C")+COUNTIFS(Positions!$B$2:$B$4694,A31,Positions!$F$2:$F$4694,"Position 26",Positions!$E$2:$E$4694,"C") -> 0 | I31: =G31+H31 -> 0 | J31: =IF(F31=0,0,I31/F31) -> 0
A32: tRNA-Arg-TCG-1-1 | B32: D-loop | C32: 14–21 | D32: 14–23 | E32: AGCCAGGAUA | F32: =COUNTIFS(Positions!$B$2:$B$4694,A32,Positions!$F$2:$F$4694,B32) -> 10 | G32: =COUNTIFS(Positions!$B$2:$B$4694,A32,Positions!$F$2:$F$4694,B32,Positions!$E$2:$E$4694,"G") -> 3 | H32: =COUNTIFS(Positions!$B$2:$B$4694,A32,Positions!$F$2:$F$4694,B32,Positions!$E$2:$E$4694,"C") -> 2 | I32: =G32+H32 -> 5 | J32: =IF(F32=0,0,I32/F32) -> 0.5
A33: tRNA-Arg-TCG-1-1 | B33: Anticodon loop | C33: 32–38 | D33: 34–40 | E33: CUUCGAA | F33: =COUNTIFS(Positions!$B$2:$B$4694,A33,Positions!$F$2:$F$4694,B33) -> 7 | G33: =COUNTIFS(Positions!$B$2:$B$4694,A33,Positions!$F$2:$F$4694,B33,Positions!$E$2:$E$4694,"G") -> 1 | H33: =COUNTIFS(Positions!$B$2:$B$4694,A33,Positions!$F$2:$F$4694,B33,Positions!$E$2:$E$4694,"C") -> 2 | I33: =G33+H33 -> 3 | J33: =IF(F33=0,0,I33/F33) -> 0.42857143
A34: tRNA-Arg-TCG-1-1 | B34: Variable loop | C34: 44–48 | D34: 46–49 | E34: UGAC | F34: =COUNTIFS(Positions!$B$2:$B$4694,A34,Positions!$F$2:$F$4694,B34) -> 4 | G34: =COUNTIFS(Positions!$B$2:$B$4694,A34,Positions!$F$2:$F$4694,B34,Positions!$E$2:$E$4694,"G") -> 1 | H34: =COUNTIFS(Positions!$B$2:$B$4694,A34,Positions!$F$2:$F$4694,B34,Positions!$E$2:$E$4694,"C") -> 1 | I34: =G34+H34 -> 2 | J34: =IF(F34=0,0,I34/F34) -> 0.5
A35: tRNA-Arg-TCG-1-1 | B35: TΨC-loop | C35: 54–60 | D35: 55–61 | E35: UUCGAAU | F35: =COUNTIFS(Positions!$B$2:$B$4694,A35,Positions!$F$2:$F$4694,B35) -> 7 | G35: =COUNTIFS(Positions!$B$2:$B$4694,A35,Positions!$F$2:$F$4694,B35,Positions!$E$2:$E$4694,"G") -> 1 | H35: =COUNTIFS(Positions!$B$2:$B$4694,A35,Positions!$F$2:$F$4694,B35,Positions!$E$2:$E$4694,"C") -> 1 | I35: =G35+H35 -> 2 | J35: =IF(F35=0,0,I35/F35) -> 0.28571429
A36: tRNA-Arg-TCG-1-1 | B36: Positions 8, 9, 26 | C36: 8, 9, 26 | D36: 8, 9, 28 | E36: UAA | F36: =COUNTIFS(Positions!$B$2:$B$4694,A36,Positions!$F$2:$F$4694,"Position 8")+COUNTIFS(Positions!$B$2:$B$4694,A36,Positions!$F$2:$F$4694,"Position 9")+COUNTIFS(Positions!$B$2:$B$4694,A36,Positions!$F$2:$F$4694,"Position 26") -> 3 | G36: =COUNTIFS(Positions!$B$2:$B$4694,A36,Positions!$F$2:$F$4694,"Position 8",Positions!$E$2:$E$4694,"G")+COUNTIFS(Positions!$B$2:$B$4694,A36,Positions!$F$2:$F$4694,"Position 9",Positions!$E$2:$E$4694,"G")+COUNTIFS(Positions!$B$2:$B$4694,A36,Positions!$F$2:$F$4694,"Position 26",Positions!$E$2:$E$4694,"G") -> 0 | H36: =COUNTIFS(Positions!$B$2:$B$4694,A36,Positions!$F$2:$F$4694,"Position 8",Positions!$E$2:$E$4694,"C")+COUNTIFS(Positions!$B$2:$B$4694,A36,Positions!$F$2:$F$4694,"Position 9",Positions!$E$2:$E$4694,"C")+COUNTIFS(Positions!$B$2:$B$4694,A36,Positions!$F$2:$F$4694,"Position 26",Positions!$E$2:$E$4694,"C") -> 0 | I36: =G36+H36 -> 0 | J36: =IF(F36=0,0,I36/F36) -> 0
A37: tRNA-Arg-TCT-1-1 | B37: D-loop | C37: 14–21 | D37: 14–23 | E37: AGCCAGGAUA | F37: =COUNTIFS(Positions!$B$2:$B$4694,A37,Positions!$F$2:$F$4694,B37) -> 10 | G37: =COUNTIFS(Positions!$B$2:$B$4694,A37,Positions!$F$2:$F$4694,B37,Positions!$E$2:$E$4694,"G") -> 3 | H37: =COUNTIFS(Positions!$B$2:$B$4694,A37,Positions!$F$2:$F$4694,B37,Positions!$E$2:$E$4694,"C") -> 2 | I37: =G37+H37 -> 5 | J37: =IF(F37=0,0,I37/F37) -> 0.5
A38: tRNA-Arg-TCT-1-1 | B38: Anticodon loop | C38: 32–38 | D38: 34–40 | E38: CUUCUAA | F38: =COUNTIFS(Positions!$B$2:$B$4694,A38,Positions!$F$2:$F$4694,B38) -> 7 | G38: =COUNTIFS(Positions!$B$2:$B$4694,A38,Positions!$F$2:$F$4694,B38,Positions!$E$2:$E$4694,"G") -> 0 | H38: =COUNTIFS(Positions!$B$2:$B$4694,A38,Positions!$F$2:$F$4694,B38,Positions!$E$2:$E$4694,"C") -> 2 | I38: =G38+H38 -> 2 | J38: =IF(F38=0,0,I38/F38) -> 0.28571429
A39: tRNA-Arg-TCT-1-1 | B39: Variable loop | C39: 44–48 | D39: 46–50 | E39: ACGUC | F39: =COUNTIFS(Positions!$B$2:$B$4694,A39,Positions!$F$2:$F$4694,B39) -> 5 | G39: =COUNTIFS(Positions!$B$2:$B$4694,A39,Positions!$F$2:$F$4694,B39,Positions!$E$2:$E$4694,"G") -> 1 | H39: =COUNTIFS(Positions!$B$2:$B$4694,A39,Positions!$F$2:$F$4694,B39,Positions!$E$2:$E$4694,"C") -> 2 | I39: =G39+H39 -> 3 | J39: =IF(F39=0,0,I39/F39) -> 0.6
A40: tRNA-Arg-TCT-1-1 | B40: TΨC-loop | C40: 54–60 | D40: 56–62 | E40: UUCAAAU | F40: =COUNTIFS(Positions!$B$2:$B$4694,A40,Positions!$F$2:$F$4694,B40) -> 7 | G40: =COUNTIFS(Positions!$B$2:$B$4694,A40,Positions!$F$2:$F$4694,B40,Positions!$E$2:$E$4694,"G") -> 0 | H40: =COUNTIFS(Positions!$B$2:$B$4694,A40,Positions!$F$2:$F$4694,B40,Positions!$E$2:$E$4694,"C") -> 1 | I40: =G40+H40 -> 1 | J40: =IF(F40=0,0,I40/F40) -> 0.14285714
A41: tRNA-Arg-TCT-1-1 | B41: Positions 8, 9, 26 | C41: 8, 9, 26 | D41: 8, 9, 28 | E41: UGG | F41: =COUNTIFS(Positions!$B$2:$B$4694,A41,Positions!$F$2:$F$4694,"Position 8")+COUNTIFS(Positions!$B$2:$B$4694,A41,Positions!$F$2:$F$4694,"Position 9")+COUNTIFS(Positions!$B$2:$B$4694,A41,Positions!$F$2:$F$4694,"Position 26") -> 3 | G41: =COUNTIFS(Positions!$B$2:$B$4694,A41,Positions!$F$2:$F$4694,"Position 8",Positions!$E$2:$E$4694,"G")+COUNTIFS(Positions!$B$2:$B$4694,A41,Positions!$F$2:$F$4694,"Position 9",Positions!$E$2:$E$4694,"G")+COUNTIFS(Positions!$B$2:$B$4694,A41,Positions!$F$2:$F$4694,"Position 26",Positions!$E$2:$E$4694,"G") -> 2 | H41: =COUNTIFS(Positions!$B$2:$B$4694,A41,Positions!$F$2:$F$4694,"Position 8",Positions!$E$2:$E$4694,"C")+COUNTIFS(Positions!$B$2:$B$4694,A41,Positions!$F$2:$F$4694,"Position 9",Positions!$E$2:$E$4694,"C")+COUNTIFS(Positions!$B$2:$B$4694,A41,Positions!$F$2:$F$4694,"Position 26",Positions!$E$2:$E$4694,"C") -> 0 | I41: =G41+H41 -> 2 | J41: =IF(F41=0,0,I41/F41) -> 0.66666667
A42: tRNA-Asn-GTT-1-1 | B42: D-loop | C42: 14–21 | D42: 14–21 | E42: AGUUGGUA | F42: =COUNTIFS(Positions!$B$2:$B$4694,A42,Positions!$F$2:$F$4694,B42) -> 8 | G42: =COUNTIFS(Positions!$B$2:$B$4694,A42,Positions!$F$2:$F$4694,B42,Positions!$E$2:$E$4694,"G") -> 3 | H42: =COUNTIFS(Positions!$B$2:$B$4694,A42,Positions!$F$2:$F$4694,B42,Positions!$E$2:$E$4694,"C") -> 0 | I42: =G42+H42 -> 3 | J42: =IF(F42=0,0,I42/F42) -> 0.375
A43: tRNA-Asn-GTT-1-1 | B43: Anticodon loop | C43: 32–38 | D43: 32–38 | E43: CUGUUAA | F43: =COUNTIFS(Positions!$B$2:$B$4694,A43,Positions!$F$2:$F$4694,B43) -> 7 | G43: =COUNTIFS(Positions!$B$2:$B$4694,A43,Positions!$F$2:$F$4694,B43,Positions!$E$2:$E$4694,"G") -> 1 | H43: =COUNTIFS(Positions!$B$2:$B$4694,A43,Positions!$F$2:$F$4694,B43,Positions!$E$2:$E$4694,"C") -> 1 | I43: =G43+H43 -> 2 | J43: =IF(F43=0,0,I43/F43) -> 0.28571429
A44: tRNA-Asn-GTT-1-1 | B44: Variable loop | C44: 44–48 | D44: 44–48 | E44: AUGUC | F44: =COUNTIFS(Positions!$B$2:$B$4694,A44,Positions!$F$2:$F$4694,B44) -> 5 | G44: =COUNTIFS(Positions!$B$2:$B$4694,A44,Positions!$F$2:$F$4694,B44,Positions!$E$2:$E$4694,"G") -> 1 | H44: =COUNTIFS(Positions!$B$2:$B$4694,A44,Positions!$F$2:$F$4694,B44,Positions!$E$2:$E$4694,"C") -> 1 | I44: =G44+H44 -> 2 | J44: =IF(F44=0,0,I44/F44) -> 0.4
A45: tRNA-Asn-GTT-1-1 | B45: TΨC-loop | C45: 54–60 | D45: 54–60 | E45: UUCGAGC | F45: =COUNTIFS(Positions!$B$2:$B$4694,A45,Positions!$F$2:$F$4694,B45) -> 7 | G45: =COUNTIFS(Positions!$B$2:$B$4694,A45,Positions!$F$2:$F$4694,B45,Positions!$E$2:$E$4694,"G") -> 2 | H45: =COUNTIFS(Positions!$B$2:$B$4694,A45,Positions!$F$2:$F$4694,B45,Positions!$E$2:$E$4694,"C") -> 2 | I45: =G45+H45 -> 4 | J45: =IF(F45=0,0,I45/F45) -> 0.57142857
A46: tRNA-Asn-GTT-1-1 | B46: Positions 8, 9, 26 | C46: 8, 9, 26 | D46: 8, 9, 26 | E46: UAG | F46: =COUNTIFS(Positions!$B$2:$B$4694,A46,Positions!$F$2:$F$4694,"Position 8")+COUNTIFS(Positions!$B$2:$B$4694,A46,Positions!$F$2:$F$4694,"Position 9")+COUNTIFS(Positions!$B$2:$B$4694,A46,Positions!$F$2:$F$4694,"Position 26") -> 3 | G46: =COUNTIFS(Positions!$B$2:$B$4694,A46,Positions!$F$2:$F$4694,"Position 8",Positions!$E$2:$E$4694,"G")+COUNTIFS(Positions!$B$2:$B$4694,A46,Positions!$F$2:$F$4694,"Position 9",Positions!$E$2:$E$4694,"G")+COUNTIFS(Positions!$B$2:$B$4694,A46,Positions!$F$2:$F$4694,"Position 26",Positions!$E$2:$E$4694,"G") -> 1 | H46: =COUNTIFS(Positions!$B$2:$B$4694,A46,Positions!$F$2:$F$4694,"Position 8",Positions!$E$2:$E$4694,"C")+COUNTIFS(Positions!$B$2:$B$4694,A46,Positions!$F$2:$F$4694,"Position 9",Positions!$E$2:$E$4694,"C")+COUNTIFS(Positions!$B$2:$B$4694,A46,Positions!$F$2:$F$4694,"Position 26",Positions!$E$2:$E$4694,"C") -> 0 | I46: =G46+H46 -> 1 | J46: =IF(F46=0,0,I46/F46) -> 0.33333333
A47: tRNA-Asn-GTT-1-2 | B47: D-loop | C47: 14–21 | D47: 14–21 | E47: AGUUGGUA | F47: =COUNTIFS(Positions!$B$2:$B$4694,A47,Positions!$F$2:$F$4694,B47) -> 8 | G47: =COUNTIFS(Positions!$B$2:$B$4694,A47,Positions!$F$2:$F$4694,B47,Positions!$E$2:$E$4694,"G") -> 3 | H47: =COUNTIFS(Positions!$B$2:$B$4694,A47,Positions!$F$2:$F$4694,B47,Positions!$E$2:$E$4694,"C") -> 0 | I47: =G47+H47 -> 3 | J47: =IF(F47=0,0,I47/F47) -> 0.375
A48: tRNA-Asn-GTT-1-2 | B48: Anticodon loop | C48: 32–38 | D48: 32–38 | E48: CUGUUAA | F48: =COUNTIFS(Positions!$B$2:$B$4694,A48,Positions!$F$2:$F$4694,B48) -> 7 | G48: =COUNTIFS(Positions!$B$2:$B$4694,A48,Positions!$F$2:$F$4694,B48,Positions!$E$2:$E$4694,"G") -> 1 | H48: =COUNTIFS(Positions!$B$2:$B$4694,A48,Positions!$F$2:$F$4694,B48,Positions!$E$2:$E$4694,"C") -> 1 | I48: =G48+H48 -> 2 | J48: =IF(F48=0,0,I48/F48) -> 0.28571429
A49: tRNA-Asn-GTT-1-2 | B49: Variable loop | C49: 44–48 | D49: 44–48 | E49: AUGUC | F49: =COUNTIFS(Positions!$B$2:$B$4694,A49,Positions!$F$2:$F$4694,B49) -> 5 | G49: =COUNTIFS(Positions!$B$2:$B$4694,A49,Positions!$F$2:$F$4694,B49,Positions!$E$2:$E$4694,"G") -> 1 | H49: =COUNTIFS(Positions!$B$2:$B$4694,A49,Positions!$F$2:$F$4694,B49,Positions!$E$2:$E$4694,"C") -> 1 | I49: =G49+H49 -> 2 | J49: =IF(F49=0,0,I49/F49) -> 0.4
A50: tRNA-Asn-GTT-1-2 | B50: TΨC-loop | C50: 54–60 | D50: 54–60 | E50: UUCGAGC | F50: =COUNTIFS(Positions!$B$2:$B$4694,A50,Positions!$F$2:$F$4694,B50) -> 7 | G50: =COUNTIFS(Positions!$B$2:$B$4694,A50,Positions!$F$2:$F$4694,B50,Positions!$E$2:$E$4694,"G") -> 2 | H50: =COUNTIFS(Positions!$B$2:$B$4694,A50,Positions!$F$2:$F$4694,B50,Positions!$E$2:$E$4694,"C") -> 2 | I50: =G50+H50 -> 4 | J50: =IF(F50=0,0,I50/F50) -> 0.57142857
A51: tRNA-Asn-GTT-1-2 | B51: Positions 8, 9, 26 | C51: 8, 9, 26 | D51: 8, 9, 26 | E51: UAG | F51: =COUNTIFS(Positions!$B$2:$B$4694,A51,Positions!$F$2:$F$4694,"Position 8")+COUNTIFS(Positions!$B$2:$B$4694,A51,Positions!$F$2:$F$4694,"Position 9")+COUNTIFS(Positions!$B$2:$B$4694,A51,Positions!$F$2:$F$4694,"Position 26") -> 3 | G51: =COUNTIFS(Positions!$B$2:$B$4694,A51,Positions!$F$2:$F$4694,"Position 8",Positions!$E$2:$E$4694,"G")+COUNTIFS(Positions!$B$2:$B$4694,A51,Positions!$F$2:$F$4694,"Position 9",Positions!$E$2:$E$4694,"G")+COUNTIFS(Positions!$B$2:$B$4694,A51,Positions!$F$2:$F$4694,"Position 26",Positions!$E$2:$E$4694,"G") -> 1 | H51: =COUNTIFS(Positions!$B$2:$B$4694,A51,Positions!$F$2:$F$4694,"Position 8",Positions!$E$2:$E$4694,"C")+COUNTIFS(Positions!$B$2:$B$4694,A51,Positions!$F$2:$F$4694,"Position 9",Positions!$E$2:$E$4694,"C")+COUNTIFS(Positions!$B$2:$B$4694,A51,Positions!$F$2:$F$4694,"Position 26",Positions!$E$2:$E$4694,"C") -> 0 | I51: =G51+H51 -> 1 | J51: =IF(F51=0,0,I51/F51) -> 0.33333333
A52: tRNA-Asp-GTC-1-1 | B52: D-loop | C52: 14–21 | D52: 14–22 | E52: AGAGGCCUA | F52: =COUNTIFS(Positions!$B$2:$B$4694,A52,Positions!$F$2:$F$4694,B52) -> 9 | G52: =COUNTIFS(Positions!$B$2:$B$4694,A52,Positions!$F$2:$F$4694,B52,Positions!$E$2:$E$4694,"G") -> 3 | H52: =COUNTIFS(Positions!$B$2:$B$4694,A52,Positions!$F$2:$F$4694,B52,Positions!$E$2:$E$4694,"C") -> 2 | I52: =G52+H52 -> 5 | J52: =IF(F52=0,0,I52/F52) -> 0.55555556
A53: tRNA-Asp-GTC-1-1 | B53: Anticodon loop | C53: 32–38 | D53: 33–39 | E53: CUGUCGA | F53: =COUNTIFS(Positions!$B$2:$B$4694,A53,Positions!$F$2:$F$4694,B53) -> 7 | G53: =COUNTIFS(Positions!$B$2:$B$4694,A53,Positions!$F$2:$F$4694,B53,Positions!$E$2:$E$4694,"G") -> 2 | H53: =COUNTIFS(Positions!$B$2:$B$4694,A53,Positions!$F$2:$F$4694,B53,Positions!$E$2:$E$4694,"C") -> 2 | I53: =G53+H53 -> 4 | J53: =IF(F53=0,0,I53/F53) -> 0.57142857
A54: tRNA-Asp-GTC-1-1 | B54: Variable loop | C54: 44–48 | D54: 45–48 | E54: CGAC | F54: =COUNTIFS(Positions!$B$2:$B$4694,A54,Positions!$F$2:$F$4694,B54) -> 4 | G54: =COUNTIFS(Positions!$B$2:$B$4694,A54,Positions!$F$2:$F$4694,B54,Positions!$E$2:$E$4694,"G") -> 1 | H54: =COUNTIFS(Positions!$B$2:$B$4694,A54,Positions!$F$2:$F$4694,B54,Positions!$E$2:$E$4694,"C") -> 2 | I54: =G54+H54 -> 3 | J54: =IF(F54=0,0,I54/F54) -> 0.75
A55: tRNA-Asp-GTC-1-1 | B55: TΨC-loop | C55: 54–60 | D55: 54–60 | E55: UUCGAAU | F55: =COUNTIFS(Positions!$B$2:$B$4694,A55,Positions!$F$2:$F$4694,B55) -> 7 | G55: =COUNTIFS(Positions!$B$2:$B$4694,A55,Positions!$F$2:$F$4694,B55,Positions!$E$2:$E$4694,"G") -> 1 | H55: =COUNTIFS(Positions!$B$2:$B$4694,A55,Positions!$F$2:$F$4694,B55,Positions!$E$2:$E$4694,"C") -> 1 | I55: =G55+H55 -> 2 | J55: =IF(F55=0,0,I55/F55) -> 0.28571429
A56: tRNA-Asp-GTC-1-1 | B56: Positions 8, 9, 26 | C56: 8, 9, 26 | D56: 8, 9, 27 | E56: UAG | F56: =COUNTIFS(Positions!$B$2:$B$4694,A56,Positions!$F$2:$F$4694,"Position 8")+COUNTIFS(Positions!$B$2:$B$4694,A56,Positions!$F$2:$F$4694,"Position 9")+COUNTIFS(Positions!$B$2:$B$4694,A56,Positions!$F$2:$F$4694,"Position 26") -> 3 | G56: =COUNTIFS(Positions!$B$2:$B$4694,A56,Positions!$F$2:$F$4694,"Position 8",Positions!$E$2:$E$4694,"G")+COUNTIFS(Positions!$B$2:$B$4694,A56,Positions!$F$2:$F$4694,"Position 9",Positions!$E$2:$E$4694,"G")+COUNTIFS(Positions!$B$2:$B$4694,A56,Positions!$F$2:$F$4694,"Position 26",Positions!$E$2:$E$4694,"G") -> 1 | H56: =COUNTIFS(Positions!$B$2:$B$4694,A56,Positions!$F$2:$F$4694,"Position 8",Positions!$E$2:$E$4694,"C")+COUNTIFS(Positions!$B$2:$B$4694,A56,Positions!$F$2:$F$4694,"Position 9",Positions!$E$2:$E$4694,"C")+COUNTIFS(Positions!$B$2:$B$4694,A56,Positions!$F$2:$F$4694,"Position 26",Positions!$E$2:$E$4694,"C") -> 0 | I56: =G56+H56 -> 1 | J56: =IF(F56=0,0,I56/F56) -> 0.33333333
A57: tRNA-Cys-GCA-1-1 | B57: D-loop | C57: 14–21 | D57: 14–20 | E57: AGCGGCU | F57: =COUNTIFS(Positions!$B$2:$B$4694,A57,Positions!$F$2:$F$4694,B57) -> 7 | G57: =COUNTIFS(Positions!$B$2:$B$4694,A57,Positions!$F$2:$F$4694,B57,Positions!$E$2:$E$4694,"G") -> 3 | H57: =COUNTIFS(Positions!$B$2:$B$4694,A57,Positions!$F$2:$F$4694,B57,Positions!$E$2:$E$4694,"C") -> 2 | I57: =G57+H57 -> 5 | J57: =IF(F57=0,0,I57/F57) -> 0.71428571
A58: tRNA-Cys-GCA-1-1 | B58: Anticodon loop | C58: 32–38 | D58: 31–37 | E58: CUGCAGA | F58: =COUNTIFS(Positions!$B$2:$B$4694,A58,Positions!$F$2:$F$4694,B58) -> 7 | G58: =COUNTIFS(Positions!$B$2:$B$4694,A58,Positions!$F$2:$F$4694,B58,Positions!$E$2:$E$4694,"G") -> 2 | H58: =COUNTIFS(Positions!$B$2:$B$4694,A58,Positions!$F$2:$F$4694,B58,Positions!$E$2:$E$4694,"C") -> 2 | I58: =G58+H58 -> 4 | J58: =IF(F58=0,0,I58/F58) -> 0.57142857
A59: tRNA-Cys-GCA-1-1 | B59: Variable loop | C59: 44–48 | D59: 43–47 | E59: UCCAU | F59: =COUNTIFS(Positions!$B$2:$B$4694,A59,Positions!$F$2:$F$4694,B59) -> 5 | G59: =COUNTIFS(Positions!$B$2:$B$4694,A59,Positions!$F$2:$F$4694,B59,Positions!$E$2:$E$4694,"G") -> 0 | H59: =COUNTIFS(Positions!$B$2:$B$4694,A59,Positions!$F$2:$F$4694,B59,Positions!$E$2:$E$4694,"C") -> 2 | I59: =G59+H59 -> 2 | J59: =IF(F59=0,0,I59/F59) -> 0.4
A60: tRNA-Cys-GCA-1-1 | B60: TΨC-loop | C60: 54–60 | D60: 53–59 | E60: UUCGAAU | F60: =COUNTIFS(Positions!$B$2:$B$4694,A60,Positions!$F$2:$F$4694,B60) -> 7 | G60: =COUNTIFS(Positions!$B$2:$B$4694,A60,Positions!$F$2:$F$4694,B60,Positions!$E$2:$E$4694,"G") -> 1 | H60: =COUNTIFS(Positions!$B$2:$B$4694,A60,Positions!$F$2:$F$4694,B60,Positions!$E$2:$E$4694,"C") -> 1 | I60: =G60+H60 -> 2 | J60: =IF(F60=0,0,I60/F60) -> 0.28571429
A61: tRNA-Cys-GCA-1-1 | B61: Positions 8, 9, 26 | C61: 8, 9, 26 | D61: 8, 9, 25 | E61: UGA | F61: =COUNTIFS(Positions!$B$2:$B$4694,A61,Positions!$F$2:$F$4694,"Position 8")+COUNTIFS(Positions!$B$2:$B$4694,A61,Positions!$F$2:$F$4694,"Position 9")+COUNTIFS(Positions!$B$2:$B$4694,A61,Positions!$F$2:$F$4694,"Position 26") -> 3 | G61: =COUNTIFS(Positions!$B$2:$B$4694,A61,Positions!$F$2:$F$4694,"Position 8",Positions!$E$2:$E$4694,"G")+COUNTIFS(Positions!$B$2:$B$4694,A61,Positions!$F$2:$F$4694,"Position 9",Positions!$E$2:$E$4694,"G")+COUNTIFS(Positions!$B$2:$B$4694,A61,Positions!$F$2:$F$4694,"Position 26",Positions!$E$2:$E$4694,"G") -> 1 | H61: =COUNTIFS(Positions!$B$2:$B$4694,A61,Positions!$F$2:$F$4694,"Position 8",Positions!$E$2:$E$4694,"C")+COUNTIFS(Positions!$B$2:$B$4694,A61,Positions!$F$2:$F$4694,"Position 9",Positions!$E$2:$E$4694,"C")+COUNTIFS(Positions!$B$2:$B$4694,A61,Positions!$F$2:$F$4694,"Position 26",Positions!$E$2:$E$4694,"C") -> 0 | I61: =G61+H61 -> 1 | J61: =IF(F61=0,0,I61/F61) -> 0.33333333
A62: tRNA-Cys-GCA-1-2 | B62: D-loop | C62: 14–21 | D62: 14–20 | E62: AGCGGCU | F62: =COUNTIFS(Positions!$B$2:$B$4694,A62,Positions!$F$2:$F$4694,B62) -> 7 | G62: =COUNTIFS(Positions!$B$2:$B$4694,A62,Positions!$F$2:$F$4694,B62,Positions!$E$2:$E$4694,"G") -> 3 | H62: =COUNTIFS(Positions!$B$2:$B$4694,A62,Positions!$F$2:$F$4694,B62,Positions!$E$2:$E$4694,"C") -> 2 | I62: =G62+H62 -> 5 | J62: =IF(F62=0,0,I62/F62) -> 0.71428571
A63: tRNA-Cys-GCA-1-2 | B63: Anticodon loop | C63: 32–38 | D63: 31–37 | E63: CUGCAGA | F63: =COUNTIFS(Positions!$B$2:$B$4694,A63,Positions!$F$2:$F$4694,B63) -> 7 | G63: =COUNTIFS(Positions!$B$2:$B$4694,A63,Positions!$F$2:$F$4694,B63,Positions!$E$2:$E$4694,"G") -> 2 | H63: =COUNTIFS(Positions!$B$2:$B$4694,A63,Positions!$F$2:$F$4694,B63,Positions!$E$2:$E$4694,"C") -> 2 | I63: =G63+H63 -> 4 | J63: =IF(F63=0,0,I63/F63) -> 0.57142857
A64: tRNA-Cys-GCA-1-2 | B64: Variable loop | C64: 44–48 | D64: 43–47 | E64: UCCAU | F64: =COUNTIFS(Positions!$B$2:$B$4694,A64,Positions!$F$2:$F$4694,B64) -> 5 | G64: =COUNTIFS(Positions!$B$2:$B$4694,A64,Positions!$F$2:$F$4694,B64,Positions!$E$2:$E$4694,"G") -> 0 | H64: =COUNTIFS(Positions!$B$2:$B$4694,A64,Positions!$F$2:$F$4694,B64,Positions!$E$2:$E$4694,"C") -> 2 | I64: =G64+H64 -> 2 | J64: =IF(F64=0,0,I64/F64) -> 0.4
A65: tRNA-Cys-GCA-1-2 | B65: TΨC-loop | C65: 54–60 | D65: 53–59 | E65: UUCGAAU | F65: =COUNTIFS(Positions!$B$2:$B$4694,A65,Positions!$F$2:$F$4694,B65) -> 7 | G65: =COUNTIFS(Positions!$B$2:$B$4694,A65,Positions!$F$2:$F$4694,B65,Positions!$E$2:$E$4694,"G") -> 1 | H65: =COUNTIFS(Positions!$B$2:$B$4694,A65,Positions!$F$2:$F$4694,B65,Positions!$E$2:$E$4694,"C") -> 1 | I65: =G65+H65 -> 2 | J65: =IF(F65=0,0,I65/F65) -> 0.28571429
A66: tRNA-Cys-GCA-1-2 | B66: Positions 8, 9, 26 | C66: 8, 9, 26 | D66: 8, 9, 25 | E66: UGA | F66: =COUNTIFS(Positions!$B$2:$B$4694,A66,Positions!$F$2:$F$4694,"Position 8")+COUNTIFS(Positions!$B$2:$B$4694,A66,Positions!$F$2:$F$4694,"Position 9")+COUNTIFS(Positions!$B$2:$B$4694,A66,Positions!$F$2:$F$4694,"Position 26") -> 3 | G66: =COUNTIFS(Positions!$B$2:$B$4694,A66,Positions!$F$2:$F$4694,"Position 8",Positions!$E$2:$E$4694,"G")+COUNTIFS(Positions!$B$2:$B$4694,A66,Positions!$F$2:$F$4694,"Position 9",Positions!$E$2:$E$4694,"G")+COUNTIFS(Positions!$B$2:$B$4694,A66,Positions!$F$2:$F$4694,"Position 26",Positions!$E$2:$E$4694,"G") -> 1 | H66: =COUNTIFS(Positions!$B$2:$B$4694,A66,Positions!$F$2:$F$4694,"Position 8",Positions!$E$2:$E$4694,"C")+COUNTIFS(Positions!$B$2:$B$4694,A66,Positions!$F$2:$F$4694,"Position 9",Positions!$E$2:$E$4694,"C")+COUNTIFS(Positions!$B$2:$B$4694,A66,Positions!$F$2:$F$4694,"Position 26",Positions!$E$2:$E$4694,"C") -> 0 | I66: =G66+H66 -> 1 | J66: =IF(F66=0,0,I66/F66) -> 0.33333333
A67: tRNA-Cys-GCA-2-1 | B67: D-loop | C67: 14–21 | D67: 14–20 | E67: AGCGGUU | F67: =COUNTIFS(Positions!$B$2:$B$4694,A67,Positions!$F$2:$F$4694,B67) -> 7 | G67: =COUNTIFS(Positions!$B$2:$B$4694,A67,Positions!$F$2:$F$4694,B67,Positions!$E$2:$E$4694,"G") -> 3 | H67: =COUNTIFS(Positions!$B$2:$B$4694,A67,Positions!$F$2:$F$4694,B67,Positions!$E$2:$E$4694,"C") -> 1 | I67: =G67+H67 -> 4 | J67: =IF(F67=0,0,I67/F67) -> 0.57142857
A68: tRNA-Cys-GCA-2-1 | B68: Anticodon loop | C68: 32–38 | D68: 31–37 | E68: CAGCAGA | F68: =COUNTIFS(Positions!$B$2:$B$4694,A68,Positions!$F$2:$F$4694,B68) -> 7 | G68: =COUNTIFS(Positions!$B$2:$B$4694,A68,Positions!$F$2:$F$4694,B68,Positions!$E$2:$E$4694,"G") -> 2 | H68: =COUNTIFS(Positions!$B$2:$B$4694,A68,Positions!$F$2:$F$4694,B68,Positions!$E$2:$E$4694,"C") -> 2 | I68: =G68+H68 -> 4 | J68: =IF(F68=0,0,I68/F68) -> 0.57142857
A69: tRNA-Cys-GCA-2-1 | B69: Variable loop | C69: 44–48 | D69: 43–47 | E69: UCACU | F69: =COUNTIFS(Positions!$B$2:$B$4694,A69,Positions!$F$2:$F$4694,B69) -> 5 | G69: =COUNTIFS(Positions!$B$2:$B$4694,A69,Positions!$F$2:$F$4694,B69,Positions!$E$2:$E$4694,"G") -> 0 | H69: =COUNTIFS(Positions!$B$2:$B$4694,A69,Positions!$F$2:$F$4694,B69,Positions!$E$2:$E$4694,"C") -> 2 | I69: =G69+H69 -> 2 | J69: =IF(F69=0,0,I69/F69) -> 0.4
A70: tRNA-Cys-GCA-2-1 | B70: TΨC-loop | C70: 54–60 | D70: 53–59 | E70: UUCAAAU | F70: =COUNTIFS(Positions!$B$2:$B$4694,A70,Positions!$F$2:$F$4694,B70) -> 7 | G70: =COUNTIFS(Positions!$B$2:$B$4694,A70,Positions!$F$2:$F$4694,B70,Positions!$E$2:$E$4694,"G") -> 0 | H70: =COUNTIFS(Positions!$B$2:$B$4694,A70,Positions!$F$2:$F$4694,B70,Positions!$E$2:$E$4694,"C") -> 1 | I70: =G70+H70 -> 1 | J70: =IF(F70=0,0,I70/F70) -> 0.14285714
A71: tRNA-Cys-GCA-2-1 | B71: Positions 8, 9, 26 | C71: 8, 9, 26 | D71: 8, 9, 25 | E71: UGA | F71: =COUNTIFS(Positions!$B$2:$B$4694,A71,Positions!$F$2:$F$4694,"Position 8")+COUNTIFS(Positions!$B$2:$B$4694,A71,Positions!$F$2:$F$4694,"Position 9")+COUNTIFS(Positions!$B$2:$B$4694,A71,Positions!$F$2:$F$4694,"Position 26") -> 3 | G71: =COUNTIFS(Positions!$B$2:$B$4694,A71,Positions!$F$2:$F$4694,"Position 8",Positions!$E$2:$E$4694,"G")+COUNTIFS(Positions!$B$2:$B$4694,A71,Positions!$F$2:$F$4694,"Position 9",Positions!$E$2:$E$4694,"G")+COUNTIFS(Positions!$B$2:$B$4694,A71,Positions!$F$2:$F$4694,"Position 26",Positions!$E$2:$E$4694,"G") -> 1 | H71: =COUNTIFS(Positions!$B$2:$B$4694,A71,Positions!$F$2:$F$4694,"Position 8",Positions!$E$2:$E$4694,"C")+COUNTIFS(Positions!$B$2:$B$4694,A71,Positions!$F$2:$F$4694,"Position 9",Positions!$E$2:$E$4694,"C")+COUNTIFS(Positions!$B$2:$B$4694,A71,Positions!$F$2:$F$4694,"Position 26",Positions!$E$2:$E$4694,"C") -> 0 | I71: =G71+H71 -> 1 | J71: =IF(F71=0,0,I71/F71) -> 0.33333333
A72: tRNA-Cys-GCA-3-1 | B72: D-loop | C72: 14–21 | D72: 14–20 | E72: AGUGGUG | F72: =COUNTIFS(Positions!$B$2:$B$4694,A72,Positions!$F$2:$F$4694,B72) -> 7 | G72: =COUNTIFS(Positions!$B$2:$B$4694,A72,Positions!$F$2:$F$4694,B72,Positions!$E$2:$E$4694,"G") -> 4 | H72: =COUNTIFS(Positions!$B$2:$B$4694,A72,Positions!$F$2:$F$4694,B72,Positions!$E$2:$E$4694,"C") -> 0 | I72: =G72+H72 -> 4 | J72: =IF(F72=0,0,I72/F72) -> 0.57142857
A73: tRNA-Cys-GCA-3-1 | B73: Anticodon loop | C73: 32–38 | D73: 31–37 | E73: CUGCAAC | F73: =COUNTIFS(Positions!$B$2:$B$4694,A73,Positions!$F$2:$F$4694,B73) -> 7 | G73: =COUNTIFS(Positions!$B$2:$B$4694,A73,Positions!$F$2:$F$4694,B73,Positions!$E$2:$E$4694,"G") -> 1 | H73: =COUNTIFS(Positions!$B$2:$B$4694,A73,Positions!$F$2:$F$4694,B73,Positions!$E$2:$E$4694,"C") -> 3 | I73: =G73+H73 -> 4 | J73: =IF(F73=0,0,I73/F73) -> 0.57142857
A74: tRNA-Cys-GCA-3-1 | B74: Variable loop | C74: 44–48 | D74: 43–47 | E74: AUUAU | F74: =COUNTIFS(Positions!$B$2:$B$4694,A74,Positions!$F$2:$F$4694,B74) -> 5 | G74: =COUNTIFS(Positions!$B$2:$B$4694,A74,Positions!$F$2:$F$4694,B74,Positions!$E$2:$E$4694,"G") -> 0 | H74: =COUNTIFS(Positions!$B$2:$B$4694,A74,Positions!$F$2:$F$4694,B74,Positions!$E$2:$E$4694,"C") -> 0 | I74: =G74+H74 -> 0 | J74: =IF(F74=0,0,I74/F74) -> 0
A75: tRNA-Cys-GCA-3-1 | B75: TΨC-loop | C75: 54–60 | D75: 53–59 | E75: UUCGAUU | F75: =COUNTIFS(Positions!$B$2:$B$4694,A75,Positions!$F$2:$F$4694,B75) -> 7 | G75: =COUNTIFS(Positions!$B$2:$B$4694,A75,Positions!$F$2:$F$4694,B75,Positions!$E$2:$E$4694,"G") -> 1 | H75: =COUNTIFS(Positions!$B$2:$B$4694,A75,Positions!$F$2:$F$4694,B75,Positions!$E$2:$E$4694,"C") -> 1 | I75: =G75+H75 -> 2 | J75: =IF(F75=0,0,I75/F75) -> 0.28571429
A76: tRNA-Cys-GCA-3-1 | B76: Positions 8, 9, 26 | C76: 8, 9, 26 | D76: 8, 9, 25 | E76: UGU | F76: =COUNTIFS(Positions!$B$2:$B$4694,A76,Positions!$F$2:$F$4694,"Position 8")+COUNTIFS(Positions!$B$2:$B$4694,A76,Positions!$F$2:$F$4694,"Position 9")+COUNTIFS(Positions!$B$2:$B$4694,A76,Positions!$F$2:$F$4694,"Position 26") -> 3 | G76: =COUNTIFS(Positions!$B$2:$B$4694,A76,Positions!$F$2:$F$4694,"Position 8",Positions!$E$2:$E$4694,"G")+COUNTIFS(Positions!$B$2:$B$4694,A76,Positions!$F$2:$F$4694,"Position 9",Positions!$E$2:$E$4694,"G")+COUNTIFS(Positions!$B$2:$B$4694,A76,Positions!$F$2:$F$4694,"Position 26",Positions!$E$2:$E$4694,"G") -> 1 | H76: =COUNTIFS(Positions!$B$2:$B$4694,A76,Positions!$F$2:$F$4694,"Position 8",Positions!$E$2:$E$4694,"C")+COUNTIFS(Positions!$B$2:$B$4694,A76,Positions!$F$2:$F$4694,"Position 9",Positions!$E$2:$E$4694,"C")+COUNTIFS(Positions!$B$2:$B$4694,A76,Positions!$F$2:$F$4694,"Position 26",Positions!$E$2:$E$4694,"C") -> 0 | I76: =G76+H76 -> 1 | J76: =IF(F76=0,0,I76/F76) -> 0.33333333
A77: tRNA-Gln-CTG-1-1 | B77: D-loop | C77: 14–21 | D77: 14–22 | E77: AGUGGUCAA | F77: =COUNTIFS(Positions!$B$2:$B$4694,A77,Positions!$F$2:$F$4694,B77) -> 9 | G77: =COUNTIFS(Positions!$B$2:$B$4694,A77,Positions!$F$2:$F$4694,B77,Positions!$E$2:$E$4694,"G") -> 3 | H77: =COUNTIFS(Positions!$B$2:$B$4694,A77,Positions!$F$2:$F$4694,B77,Positions!$E$2:$E$4694,"C") -> 1 | I77: =G77+H77 -> 4 | J77: =IF(F77=0,0,I77/F77) -> 0.44444444
A78: tRNA-Gln-CTG-1-1 | B78: Anticodon loop | C78: 32–38 | D78: 33–39 | E78: CUCUGGA | F78: =COUNTIFS(Positions!$B$2:$B$4694,A78,Positions!$F$2:$F$4694,B78) -> 7 | G78: =COUNTIFS(Positions!$B$2:$B$4694,A78,Positions!$F$2:$F$4694,B78,Positions!$E$2:$E$4694,"G") -> 2 | H78: =COUNTIFS(Positions!$B$2:$B$4694,A78,Positions!$F$2:$F$4694,B78,Positions!$E$2:$E$4694,"C") -> 2 | I78: =G78+H78 -> 4 | J78: =IF(F78=0,0,I78/F78) -> 0.57142857
A79: tRNA-Gln-CTG-1-1 | B79: Variable loop | C79: 44–48 | D79: 45–48 | E79: CAAC | F79: =COUNTIFS(Positions!$B$2:$B$4694,A79,Positions!$F$2:$F$4694,B79) -> 4 | G79: =COUNTIFS(Positions!$B$2:$B$4694,A79,Positions!$F$2:$F$4694,B79,Positions!$E$2:$E$4694,"G") -> 0 | H79: =COUNTIFS(Positions!$B$2:$B$4694,A79,Positions!$F$2:$F$4694,B79,Positions!$E$2:$E$4694,"C") -> 2 | I79: =G79+H79 -> 2 | J79: =IF(F79=0,0,I79/F79) -> 0.5
A80: tRNA-Gln-CTG-1-1 | B80: TΨC-loop | C80: 54–60 | D80: 54–60 | E80: UUCGAAU | F80: =COUNTIFS(Positions!$B$2:$B$4694,A80,Positions!$F$2:$F$4694,B80) -> 7 | G80: =COUNTIFS(Positions!$B$2:$B$4694,A80,Positions!$F$2:$F$4694,B80,Positions!$E$2:$E$4694,"G") -> 1 | H80: =COUNTIFS(Positions!$B$2:$B$4694,A80,Positions!$F$2:$F$4694,B80,Positions!$E$2:$E$4694,"C") -> 1 | I80: =G80+H80 -> 2 | J80: =IF(F80=0,0,I80/F80) -> 0.28571429
A81: tRNA-Gln-CTG-1-1 | B81: Positions 8, 9, 26 | C81: 8, 9, 26 | D81: 8, 9, 27 | E81: UAG | F81: =COUNTIFS(Positions!$B$2:$B$4694,A81,Positions!$F$2:$F$4694,"Position 8")+COUNTIFS(Positions!$B$2:$B$4694,A81,Positions!$F$2:$F$4694,"Position 9")+COUNTIFS(Positions!$B$2:$B$4694,A81,Positions!$F$2:$F$4694,"Position 26") -> 3 | G81: =COUNTIFS(Positions!$B$2:$B$4694,A81,Positions!$F$2:$F$4694,"Position 8",Positions!$E$2:$E$4694,"G")+COUNTIFS(Positions!$B$2:$B$4694,A81,Positions!$F$2:$F$4694,"Position 9",Positions!$E$2:$E$4694,"G")+COUNTIFS(Positions!$B$2:$B$4694,A81,Positions!$F$2:$F$4694,"Position 26",Positions!$E$2:$E$4694,"G") -> 1 | H81: =COUNTIFS(Positions!$B$2:$B$4694,A81,Positions!$F$2:$F$4694,"Position 8",Positions!$E$2:$E$4694,"C")+COUNTIFS(Positions!$B$2:$B$4694,A81,Positions!$F$2:$F$4694,"Position 9",Positions!$E$2:$E$4694,"C")+COUNTIFS(Positions!$B$2:$B$4694,A81,Positions!$F$2:$F$4694,"Position 26",Positions!$E$2:$E$4694,"C") -> 0 | I81: =G81+H81 -> 1 | J81: =IF(F81=0,0,I81/F81) -> 0.33333333
A82: tRNA-Gln-TTG-1-1 | B82: D-loop | C82: 14–21 | D82: 14–22 | E82: AGUGGUCAA | F82: =COUNTIFS(Positions!$B$2:$B$4694,A82,Positions!$F$2:$F$4694,B82) -> 9 | G82: =COUNTIFS(Positions!$B$2:$B$4694,A82,Positions!$F$2:$F$4694,B82,Positions!$E$2:$E$4694,"G") -> 3 | H82: =COUNTIFS(Positions!$B$2:$B$4694,A82,Positions!$F$2:$F$4694,B82,Positions!$E$2:$E$4694,"C") -> 1 | I82: =G82+H82 -> 4 | J82: =IF(F82=0,0,I82/F82) -> 0.44444444
A83: tRNA-Gln-TTG-1-1 | B83: Anticodon loop | C83: 32–38 | D83: 33–39 | E83: CUUUGGA | F83: =COUNTIFS(Positions!$B$2:$B$4694,A83,Positions!$F$2:$F$4694,B83) -> 7 | G83: =COUNTIFS(Positions!$B$2:$B$4694,A83,Positions!$F$2:$F$4694,B83,Positions!$E$2:$E$4694,"G") -> 2 | H83: =COUNTIFS(Positions!$B$2:$B$4694,A83,Positions!$F$2:$F$4694,B83,Positions!$E$2:$E$4694,"C") -> 1 | I83: =G83+H83 -> 3 | J83: =IF(F83=0,0,I83/F83) -> 0.42857143
A84: tRNA-Gln-TTG-1-1 | B84: Variable loop | C84: 44–48 | D84: 45–48 | E84: GGAC | F84: =COUNTIFS(Positions!$B$2:$B$4694,A84,Positions!$F$2:$F$4694,B84) -> 4 | G84: =COUNTIFS(Positions!$B$2:$B$4694,A84,Positions!$F$2:$F$4694,B84,Positions!$E$2:$E$4694,"G") -> 2 | H84: =COUNTIFS(Positions!$B$2:$B$4694,A84,Positions!$F$2:$F$4694,B84,Positions!$E$2:$E$4694,"C") -> 1 | I84: =G84+H84 -> 3 | J84: =IF(F84=0,0,I84/F84) -> 0.75
A85: tRNA-Gln-TTG-1-1 | B85: TΨC-loop | C85: 54–60 | D85: 54–60 | E85: UUCGAAU | F85: =COUNTIFS(Positions!$B$2:$B$4694,A85,Positions!$F$2:$F$4694,B85) -> 7 | G85: =COUNTIFS(Positions!$B$2:$B$4694,A85,Positions!$F$2:$F$4694,B85,Positions!$E$2:$E$4694,"G") -> 1 | H85: =COUNTIFS(Positions!$B$2:$B$4694,A85,Positions!$F$2:$F$4694,B85,Positions!$E$2:$E$4694,"C") -> 1 | I85: =G85+H85 -> 2 | J85: =IF(F85=0,0,I85/F85) -> 0.28571429
A86: tRNA-Gln-TTG-1-1 | B86: Positions 8, 9, 26 | C86: 8, 9, 26 | D86: 8, 9, 27 | E86: UAU | F86: =COUNTIFS(Positions!$B$2:$B$4694,A86,Positions!$F$2:$F$4694,"Position 8")+COUNTIFS(Positions!$B$2:$B$4694,A86,Positions!$F$2:$F$4694,"Position 9")+COUNTIFS(Positions!$B$2:$B$4694,A86,Positions!$F$2:$F$4694,"Position 26") -> 3 | G86: =COUNTIFS(Positions!$B$2:$B$4694,A86,Positions!$F$2:$F$4694,"Position 8",Positions!$E$2:$E$4694,"G")+COUNTIFS(Positions!$B$2:$B$4694,A86,Positions!$F$2:$F$4694,"Position 9",Positions!$E$2:$E$4694,"G")+COUNTIFS(Positions!$B$2:$B$4694,A86,Positions!$F$2:$F$4694,"Position 26",Positions!$E$2:$E$4694,"G") -> 0 | H86: =COUNTIFS(Positions!$B$2:$B$4694,A86,Positions!$F$2:$F$4694,"Position 8",Positions!$E$2:$E$4694,"C")+COUNTIFS(Positions!$B$2:$B$4694,A86,Positions!$F$2:$F$4694,"Position 9",Positions!$E$2:$E$4694,"C")+COUNTIFS(Positions!$B$2:$B$4694,A86,Positions!$F$2:$F$4694,"Position 26",Positions!$E$2:$E$4694,"C") -> 0 | I86: =G86+H86 -> 0 | J86: =IF(F86=0,0,I86/F86) -> 0
A87: tRNA-Glu-CTC-1-1 | B87: D-loop | C87: 14–21 | D87: 14–24 | E87: AGCUCGGCCAA | F87: =COUNTIFS(Positions!$B$2:$B$4694,A87,Positions!$F$2:$F$4694,B87) -> 11 | G87: =COUNTIFS(Positions!$B$2:$B$4694,A87,Positions!$F$2:$F$4694,B87,Positions!$E$2:$E$4694,"G") -> 3 | H87: =COUNTIFS(Positions!$B$2:$B$4694,A87,Positions!$F$2:$F$4694,B87,Positions!$E$2:$E$4694,"C") -> 4 | I87: =G87+H87 -> 7 | J87: =IF(F87=0,0,I87/F87) -> 0.63636364
A88: tRNA-Glu-CTC-1-1 | B88: Anticodon loop | C88: 32–38 | D88: 35–41 | E88: CUCUCAC | F88: =COUNTIFS(Positions!$B$2:$B$4694,A88,Positions!$F$2:$F$4694,B88) -> 7 | G88: =COUNTIFS(Positions!$B$2:$B$4694,A88,Positions!$F$2:$F$4694,B88,Positions!$E$2:$E$4694,"G") -> 0 | H88: =COUNTIFS(Positions!$B$2:$B$4694,A88,Positions!$F$2:$F$4694,B88,Positions!$E$2:$E$4694,"C") -> 4 | I88: =G88+H88 -> 4 | J88: =IF(F88=0,0,I88/F88) -> 0.57142857
A89: tRNA-Glu-CTC-1-1 | B89: Variable loop | C89: 44–48 | D89: 47–50 | E89: CGAC | F89: =COUNTIFS(Positions!$B$2:$B$4694,A89,Positions!$F$2:$F$4694,B89) -> 4 | G89: =COUNTIFS(Positions!$B$2:$B$4694,A89,Positions!$F$2:$F$4694,B89,Positions!$E$2:$E$4694,"G") -> 1 | H89: =COUNTIFS(Positions!$B$2:$B$4694,A89,Positions!$F$2:$F$4694,B89,Positions!$E$2:$E$4694,"C") -> 2 | I89: =G89+H89 -> 3 | J89: =IF(F89=0,0,I89/F89) -> 0.75
A90: tRNA-Glu-CTC-1-1 | B90: TΨC-loop | C90: 54–60 | D90: 56–62 | E90: UUCAAAU | F90: =COUNTIFS(Positions!$B$2:$B$4694,A90,Positions!$F$2:$F$4694,B90) -> 7 | G90: =COUNTIFS(Positions!$B$2:$B$4694,A90,Positions!$F$2:$F$4694,B90,Positions!$E$2:$E$4694,"G") -> 0 | H90: =COUNTIFS(Positions!$B$2:$B$4694,A90,Positions!$F$2:$F$4694,B90,Positions!$E$2:$E$4694,"C") -> 1 | I90: =G90+H90 -> 1 | J90: =IF(F90=0,0,I90/F90) -> 0.14285714
A91: tRNA-Glu-CTC-1-1 | B91: Positions 8, 9, 26 | C91: 8, 9, 26 | D91: 8, 9, 29 | E91: UAU | F91: =COUNTIFS(Positions!$B$2:$B$4694,A91,Positions!$F$2:$F$4694,"Position 8")+COUNTIFS(Positions!$B$2:$B$4694,A91,Positions!$F$2:$F$4694,"Position 9")+COUNTIFS(Positions!$B$2:$B$4694,A91,Positions!$F$2:$F$4694,"Position 26") -> 3 | G91: =COUNTIFS(Positions!$B$2:$B$4694,A91,Positions!$F$2:$F$4694,"Position 8",Positions!$E$2:$E$4694,"G")+COUNTIFS(Positions!$B$2:$B$4694,A91,Positions!$F$2:$F$4694,"Position 9",Positions!$E$2:$E$4694,"G")+COUNTIFS(Positions!$B$2:$B$4694,A91,Positions!$F$2:$F$4694,"Position 26",Positions!$E$2:$E$4694,"G") -> 0 | H91: =COUNTIFS(Positions!$B$2:$B$4694,A91,Positions!$F$2:$F$4694,"Position 8",Positions!$E$2:$E$4694,"C")+COUNTIFS(Positions!$B$2:$B$4694,A91,Positions!$F$2:$F$4694,"Position 9",Positions!$E$2:$E$4694,"C")+COUNTIFS(Positions!$B$2:$B$4694,A91,Positions!$F$2:$F$4694,"Position 26",Positions!$E$2:$E$4694,"C") -> 0 | I91: =G91+H91 -> 0 | J91: =IF(F91=0,0,I91/F91) -> 0
A92: tRNA-Glu-TTC-1-1 | B92: D-loop | C92: 14–21 | D92: 14–24 | E92: AGUCCGGCCAA | F92: =COUNTIFS(Positions!$B$2:$B$4694,A92,Positions!$F$2:$F$4694,B92) -> 11 | G92: =COUNTIFS(Positions!$B$2:$B$4694,A92,Positions!$F$2:$F$4694,B92,Positions!$E$2:$E$4694,"G") -> 3 | H92: =COUNTIFS(Positions!$B$2:$B$4694,A92,Positions!$F$2:$F$4694,B92,Positions!$E$2:$E$4694,"C") -> 4 | I92: =G92+H92 -> 7 | J92: =IF(F92=0,0,I92/F92) -> 0.63636364
A93: tRNA-Glu-TTC-1-1 | B93: Anticodon loop | C93: 32–38 | D93: 35–41 | E93: CUUUCGA | F93: =COUNTIFS(Positions!$B$2:$B$4694,A93,Positions!$F$2:$F$4694,B93) -> 7 | G93: =COUNTIFS(Positions!$B$2:$B$4694,A93,Positions!$F$2:$F$4694,B93,Positions!$E$2:$E$4694,"G") -> 1 | H93: =COUNTIFS(Positions!$B$2:$B$4694,A93,Positions!$F$2:$F$4694,B93,Positions!$E$2:$E$4694,"C") -> 2 | I93: =G93+H93 -> 3 | J93: =IF(F93=0,0,I93/F93) -> 0.42857143
A94: tRNA-Glu-TTC-1-1 | B94: Variable loop | C94: 44–48 | D94: 47–50 | E94: AGAC | F94: =COUNTIFS(Positions!$B$2:$B$4694,A94,Positions!$F$2:$F$4694,B94) -> 4 | G94: =COUNTIFS(Positions!$B$2:$B$4694,A94,Positions!$F$2:$F$4694,B94,Positions!$E$2:$E$4694,"G") -> 1 | H94: =COUNTIFS(Positions!$B$2:$B$4694,A94,Positions!$F$2:$F$4694,B94,Positions!$E$2:$E$4694,"C") -> 1 | I94: =G94+H94 -> 2 | J94: =IF(F94=0,0,I94/F94) -> 0.5
A95: tRNA-Glu-TTC-1-1 | B95: TΨC-loop | C95: 54–60 | D95: 56–62 | E95: UUCGAAU | F95: =COUNTIFS(Positions!$B$2:$B$4694,A95,Positions!$F$2:$F$4694,B95) -> 7 | G95: =COUNTIFS(Positions!$B$2:$B$4694,A95,Positions!$F$2:$F$4694,B95,Positions!$E$2:$E$4694,"G") -> 1 | H95: =COUNTIFS(Positions!$B$2:$B$4694,A95,Positions!$F$2:$F$4694,B95,Positions!$E$2:$E$4694,"C") -> 1 | I95: =G95+H95 -> 2 | J95: =IF(F95=0,0,I95/F95) -> 0.28571429
A96: tRNA-Glu-TTC-1-1 | B96: Positions 8, 9, 26 | C96: 8, 9, 26 | D96: 8, 9, 29 | E96: UAU | F96: =COUNTIFS(Positions!$B$2:$B$4694,A96,Positions!$F$2:$F$4694,"Position 8")+COUNTIFS(Positions!$B$2:$B$4694,A96,Positions!$F$2:$F$4694,"Position 9")+COUNTIFS(Positions!$B$2:$B$4694,A96,Positions!$F$2:$F$4694,"Position 26") -> 3 | G96: =COUNTIFS(Positions!$B$2:$B$4694,A96,Positions!$F$2:$F$4694,"Position 8",Positions!$E$2:$E$4694,"G")+COUNTIFS(Positions!$B$2:$B$4694,A96,Positions!$F$2:$F$4694,"Position 9",Positions!$E$2:$E$4694,"G")+COUNTIFS(Positions!$B$2:$B$4694,A96,Positions!$F$2:$F$4694,"Position 26",Positions!$E$2:$E$4694,"G") -> 0 | H96: =COUNTIFS(Positions!$B$2:$B$4694,A96,Positions!$F$2:$F$4694,"Position 8",Positions!$E$2:$E$4694,"C")+COUNTIFS(Positions!$B$2:$B$4694,A96,Positions!$F$2:$F$4694,"Position 9",Positions!$E$2:$E$4694,"C")+COUNTIFS(Positions!$B$2:$B$4694,A96,Positions!$F$2:$F$4694,"Position 26",Positions!$E$2:$E$4694,"C") -> 0 | I96: =G96+H96 -> 0 | J96: =IF(F96=0,0,I96/F96) -> 0
A97: tRNA-Glu-TTC-1-2 | B97: D-loop | C97: 14–21 | D97: 14–24 | E97: AGUCCGGCCAA | F97: =COUNTIFS(Positions!$B$2:$B$4694,A97,Positions!$F$2:$F$4694,B97) -> 11 | G97: =COUNTIFS(Positions!$B$2:$B$4694,A97,Positions!$F$2:$F$4694,B97,Positions!$E$2:$E$4694,"G") -> 3 | H97: =COUNTIFS(Positions!$B$2:$B$4694,A97,Positions!$F$2:$F$4694,B97,Positions!$E$2:$E$4694,"C") -> 4 | I97: =G97+H97 -> 7 | J97: =IF(F97=0,0,I97/F97) -> 0.63636364
A98: tRNA-Glu-TTC-1-2 | B98: Anticodon loop | C98: 32–38 | D98: 35–41 | E98: CUUUCGA | F98: =COUNTIFS(Positions!$B$2:$B$4694,A98,Positions!$F$2:$F$4694,B98) -> 7 | G98: =COUNTIFS(Positions!$B$2:$B$4694,A98,Positions!$F$2:$F$4694,B98,Positions!$E$2:$E$4694,"G") -> 1 | H98: =COUNTIFS(Positions!$B$2:$B$4694,A98,Positions!$F$2:$F$4694,B98,Positions!$E$2:$E$4694,"C") -> 2 | I98: =G98+H98 -> 3 | J98: =IF(F98=0,0,I98/F98) -> 0.42857143
A99: tRNA-Glu-TTC-1-2 | B99: Variable loop | C99: 44–48 | D99: 47–50 | E99: AGAC | F99: =COUNTIFS(Positions!$B$2:$B$4694,A99,Positions!$F$2:$F$4694,B99) -> 4 | G99: =COUNTIFS(Positions!$B$2:$B$4694,A99,Positions!$F$2:$F$4694,B99,Positions!$E$2:$E$4694,"G") -> 1 | H99: =COUNTIFS(Positions!$B$2:$B$4694,A99,Positions!$F$2:$F$4694,B99,Positions!$E$2:$E$4694,"C") -> 1 | I99: =G99+H99 -> 2 | J99: =IF(F99=0,0,I99/F99) -> 0.5
A100: tRNA-Glu-TTC-1-2 | B100: TΨC-loop | C100: 54–60 | D100: 56–62 | E100: UUCGAAU | F100: =COUNTIFS(Positions!$B$2:$B$4694,A100,Positions!$F$2:$F$4694,B100) -> 7 | G100: =COUNTIFS(Positions!$B$2:$B$4694,A100,Positions!$F$2:$F$4694,B100,Positions!$E$2:$E$4694,"G") -> 1 | H100: =COUNTIFS(Positions!$B$2:$B$4694,A100,Positions!$F$2:$F$4694,B100,Positions!$E$2:$E$4694,"C") -> 1 | I100: =G100+H100 -> 2 | J100: =IF(F100=0,0,I100/F100) -> 0.28571429
...

Sheet Notes
A1: Method and assumptions
A2: Input: tRNA__tRNA_Scan_MBSW_1.xlsx - 63 predicted mature tRNAs of Methanosarcina barkeri str. Wiesmoor, each with its tRNAscan-SE secondary structure. Counting uses the RNA sequence as given.
A3: Positions use standard canonical (Sprinzl) numbering as given: acceptor 1-7/66-72, D-stem 10-13/22-25, AC-stem 27-31/39-43, T-stem 49-53/61-65, 3D pairs 8-14, 15-48, 18-55, 19-56, 26-44, 32-38, 54-58.
A4: Mapping: 1-13 from the 5′ end; acceptor 3′ strand = the partner of positions 1-7 in the structure, with T-stem (5 bp) and TΨC-loop (7 nt) immediately 5′ of it; anticodon loop = loop of the second hairpin in the structure, AC-stem 5 bp each side; D-stem 3′ strand = the 4 nt before position 26.
A5: Check against the tRNAscan structures: the canonical stems agree with the structure pairs in all 63 tRNAs, apart from (a) 13-22 left unpaired in 43 tRNAs (a 3-bp D-stem, common in archaea; still counted as D-stem as specified), (b) single mismatches in Gln-CTG-1-1, Glu-TTC-1-1/1-2, Leu-TAA-3-1 and Thr-CGT-1-1, and (c) the two special cases below.
A6: Extra nucleotides are absorbed in the D-loop (labelled 17a, 20a, ...) and the variable loop (labelled e1, e2, ... between 45 and 46). The long variable arms of Leu and Ser tRNAs are therefore counted in the variable loop. In the D-loop, 18-19 = the conserved GG after position 15. Variable loop: 44 = first nt after the AC-stem, 48 = last nt before the T-stem.
A7: Input file updated (tRNA__tRNA_Scan_MBSW_1.xlsx): the discriminator base (73) and the 8 genome-encoded CCA ends were removed, so every sequence now runs 1-72 and the 4 stems, 4 loops and positions 8, 9, 26 cover the whole sequence.
A8: ΔGC = GC_stem − GC_nonstem (columns AF-AJ of GC_Summary). GC_stem = G+C % of the 4 stems (42 nt: acceptor 14, D 8, AC 10, T 10). GC_nonstem = G+C % of every other nucleotide in 1-72, i.e. the 4 loops + positions 8, 9, 26 (length − 42 nt). Stems and non-stem together cover the whole sequence with no overlap. ΔGC is shown in percentage points (e.g. 30.0% = stems are 30 points richer in G+C than non-stem regions).
A9: Positions 8, 9 and 26 are counted as their own group: G, C and G+C in columns X-AD of GC_Summary and as a separate row in Loops. 4 stems (42 nt) + 4 loops + 8, 9, 26 (3 nt) = full length, and their G+C adds up to the overall G+C (checked in column AE).
A10: Special case - tRNA-Cys-GCA-2-1: its structure has a 1-nt bulge in the T-stem (5′ strand 47-49, 51-52). Canonical T-stem 49-53 was taken as 48-52; the nucleotide difference is U for U, so the G+C counts are unaffected.
A11: Special case - tRNA-Und-NNN-1-1 (undetermined isotype): its anticodon loop is 6 nt (no position 37 label). AC-stem was taken from its own structure (28-32/39-43). You may want to exclude it, as undetermined tRNAs are often left out of isotype analyses.
A12: Overlap: the 3D partners 14, 15, 18, 19, 32, 38, 44, 48, 54, 55, 58 sit in loops, so a nucleotide can count in both the "stems + 3D" total and the "4 loops" total. Positions 8 and 26 are also partners in 3D pairs 8-14 and 26-44.
... A78: tRNA-Val-TAC-1-1 chr.trna38
