Workbook

Sheet GC_Summary
A1: T-psi-C database tRNAs (22 species, trna_data_rev3_200) - G+C content of tRNA sequence, 4 stems + 3D base pairs, and 4 loops
A3: tRNA | B3: Length (nt) | C3: Total G | D3: Total C | E3: Total G+C | F3: Overall G+C % | G3: Acceptor stem G+C | H3: D-stem G+C | I3: AC-stem G+C | J3: T-stem G+C | K3: 4 stems G+C (of 42 nt) | L3: 4 stems G+C % | M3: 3D BP G+C (of 14 nt) | N3: 3D BP G+C % | O3: 4 stems + 3D G+C (of 56 nt) | P3: 4 stems + 3D G+C % | Q3: D-loop G+C | R3: AC-loop G+C | S3: Variable loop G+C | T3: TΨC-loop G+C | U3: 4 loops length (nt) | V3: 4 loops G+C | W3: 4 loops G+C % | X3: Pos 8 nt | Y3: Pos 9 nt | Z3: Pos 26 nt | AA3: G in 8, 9, 26 | AB3: C in 8, 9, 26 | AC3: G+C in 8, 9, 26 (of 3 nt) | AD3: 8, 9, 26 G+C % | AE3: Check: stems + loops + 8,9,26 G+C = total G+C | AF3: Non-stem nt (4 loops + 8, 9, 26) | AG3: Non-stem G+C | AH3: GC_nonstem % | AI3: GC_stem % (4 stems, 42 nt) | AJ3: ΔGC = GC_stem − GC_nonstem
A4: tdbR00000589 Arg-UCU | B4: =COUNTIF(Positions!$B$2:$B$14531,A4) -> 74 | C4: =COUNTIFS(Positions!$B$2:$B$14531,A4,Positions!$E$2:$E$14531,"G") -> 26 | D4: =COUNTIFS(Positions!$B$2:$B$14531,A4,Positions!$E$2:$E$14531,"C") -> 27 | E4: =C4+D4 -> 53 | F4: =E4/B4 -> 0.71621622 | G4: =SUMIFS(Stems_3D_BP!$K$2:$K$5573,Stems_3D_BP!$A$2:$A$5573,$A4,Stems_3D_BP!$B$2:$B$5573,"Acceptor stem") -> 14 | H4: =SUMIFS(Stems_3D_BP!$K$2:$K$5573,Stems_3D_BP!$A$2:$A$5573,$A4,Stems_3D_BP!$B$2:$B$5573,"D-stem") -> 6 | I4: =SUMIFS(Stems_3D_BP!$K$2:$K$5573,Stems_3D_BP!$A$2:$A$5573,$A4,Stems_3D_BP!$B$2:$B$5573,"Anticodon stem") -> 10 | J4: =SUMIFS(Stems_3D_BP!$K$2:$K$5573,Stems_3D_BP!$A$2:$A$5573,$A4,Stems_3D_BP!$B$2:$B$5573,"T-stem") -> 10 | K4: =SUM(G4:J4) -> 40 | L4: =K4/42 -> 0.95238095 | M4: =SUMIFS(Stems_3D_BP!$K$2:$K$5573,Stems_3D_BP!$A$2:$A$5573,$A4,Stems_3D_BP!$B$2:$B$5573,"3D (tertiary) BP") -> 7 | N4: =M4/14 -> 0.5 | O4: =K4+M4 -> 47 | P4: =O4/56 -> 0.83928571 | Q4: =SUMIFS(Loops!$I$2:$I$996,Loops!$A$2:$A$996,$A4,Loops!$B$2:$B$996,"D-loop") -> 6 | R4: =SUMIFS(Loops!$I$2:$I$996,Loops!$A$2:$A$996,$A4,Loops!$B$2:$B$996,"Anticodon loop") -> 2 | S4: =SUMIFS(Loops!$I$2:$I$996,Loops!$A$2:$A$996,$A4,Loops!$B$2:$B$996,"Variable loop") -> 3 | T4: =SUMIFS(Loops!$I$2:$I$996,Loops!$A$2:$A$996,$A4,Loops!$B$2:$B$996,"TΨC-loop") -> 1 | U4: =SUMIFS(Loops!$F$2:$F$996,Loops!$A$2:$A$996,$A4)-SUMIFS(Loops!$F$2:$F$996,Loops!$A$2:$A$996,$A4,Loops!$B$2:$B$996,"Positions 8, 9, 26") -> 29 | V4: =SUM(Q4:T4) -> 12 | W4: =V4/U4 -> 0.4137931 | X4: =INDEX(Positions!$E$2:$E$14531,MATCH($A4&"|8",Positions!$A$2:$A$14531,0)) -> U | Y4: =INDEX(Positions!$E$2:$E$14531,MATCH($A4&"|9",Positions!$A$2:$A$14531,0)) -> A | Z4: =INDEX(Positions!$E$2:$E$14531,MATCH($A4&"|26",Positions!$A$2:$A$14531,0)) -> G | AA4: =(X4="G")+(Y4="G")+(Z4="G") -> 1 | AB4: =(X4="C")+(Y4="C")+(Z4="C") -> 0 | AC4: =AA4+AB4 -> 1 | AD4: =AC4/3 -> 0.33333333 | AE4: =IF(K4+V4+AC4=E4,"OK","MISMATCH") -> OK | AF4: =B4-42 -> 32 | AG4: =V4+AC4 -> 13 | AH4: =AG4/AF4 -> 0.40625 | AI4: =L4 -> 0.95238095 | AJ4: =AI4-AH4 -> 0.54613095
A5: tdbR00000588 Asp-GUC | B5: =COUNTIF(Positions!$B$2:$B$14531,A5) -> 74 | C5: =COUNTIFS(Positions!$B$2:$B$14531,A5,Positions!$E$2:$E$14531,"G") -> 25 | D5: =COUNTIFS(Positions!$B$2:$B$14531,A5,Positions!$E$2:$E$14531,"C") -> 24 | E5: =C5+D5 -> 49 | F5: =E5/B5 -> 0.66216216 | G5: =SUMIFS(Stems_3D_BP!$K$2:$K$5573,Stems_3D_BP!$A$2:$A$5573,$A5,Stems_3D_BP!$B$2:$B$5573,"Acceptor stem") -> 14 | H5: =SUMIFS(Stems_3D_BP!$K$2:$K$5573,Stems_3D_BP!$A$2:$A$5573,$A5,Stems_3D_BP!$B$2:$B$5573,"D-stem") -> 2 | I5: =SUMIFS(Stems_3D_BP!$K$2:$K$5573,Stems_3D_BP!$A$2:$A$5573,$A5,Stems_3D_BP!$B$2:$B$5573,"Anticodon stem") -> 10 | J5: =SUMIFS(Stems_3D_BP!$K$2:$K$5573,Stems_3D_BP!$A$2:$A$5573,$A5,Stems_3D_BP!$B$2:$B$5573,"T-stem") -> 10 | K5: =SUM(G5:J5) -> 36 | L5: =K5/42 -> 0.85714286 | M5: =SUMIFS(Stems_3D_BP!$K$2:$K$5573,Stems_3D_BP!$A$2:$A$5573,$A5,Stems_3D_BP!$B$2:$B$5573,"3D (tertiary) BP") -> 7 | N5: =M5/14 -> 0.5 | O5: =K5+M5 -> 43 | P5: =O5/56 -> 0.76785714 | Q5: =SUMIFS(Loops!$I$2:$I$996,Loops!$A$2:$A$996,$A5,Loops!$B$2:$B$996,"D-loop") -> 6 | R5: =SUMIFS(Loops!$I$2:$I$996,Loops!$A$2:$A$996,$A5,Loops!$B$2:$B$996,"Anticodon loop") -> 3 | S5: =SUMIFS(Loops!$I$2:$I$996,Loops!$A$2:$A$996,$A5,Loops!$B$2:$B$996,"Variable loop") -> 2 | T5: =SUMIFS(Loops!$I$2:$I$996,Loops!$A$2:$A$996,$A5,Loops!$B$2:$B$996,"TΨC-loop") -> 1 | U5: =SUMIFS(Loops!$F$2:$F$996,Loops!$A$2:$A$996,$A5)-SUMIFS(Loops!$F$2:$F$996,Loops!$A$2:$A$996,$A5,Loops!$B$2:$B$996,"Positions 8, 9, 26") -> 29 | V5: =SUM(Q5:T5) -> 12 | W5: =V5/U5 -> 0.4137931 | X5: =INDEX(Positions!$E$2:$E$14531,MATCH($A5&"|8",Positions!$A$2:$A$14531,0)) -> U | Y5: =INDEX(Positions!$E$2:$E$14531,MATCH($A5&"|9",Positions!$A$2:$A$14531,0)) -> A | Z5: =INDEX(Positions!$E$2:$E$14531,MATCH($A5&"|26",Positions!$A$2:$A$14531,0)) -> G | AA5: =(X5="G")+(Y5="G")+(Z5="G") -> 1 | AB5: =(X5="C")+(Y5="C")+(Z5="C") -> 0 | AC5: =AA5+AB5 -> 1 | AD5: =AC5/3 -> 0.33333333 | AE5: =IF(K5+V5+AC5=E5,"OK","MISMATCH") -> OK | AF5: =B5-42 -> 32 | AG5: =V5+AC5 -> 13 | AH5: =AG5/AF5 -> 0.40625 | AI5: =L5 -> 0.85714286 | AJ5: =AI5-AH5 -> 0.45089286
A6: tdbR00000583 Cys-GCA | B6: =COUNTIF(Positions!$B$2:$B$14531,A6) -> 74 | C6: =COUNTIFS(Positions!$B$2:$B$14531,A6,Positions!$E$2:$E$14531,"G") -> 30 | D6: =COUNTIFS(Positions!$B$2:$B$14531,A6,Positions!$E$2:$E$14531,"C") -> 25 | E6: =C6+D6 -> 55 | F6: =E6/B6 -> 0.74324324 | G6: =SUMIFS(Stems_3D_BP!$K$2:$K$5573,Stems_3D_BP!$A$2:$A$5573,$A6,Stems_3D_BP!$B$2:$B$5573,"Acceptor stem") -> 14 | H6: =SUMIFS(Stems_3D_BP!$K$2:$K$5573,Stems_3D_BP!$A$2:$A$5573,$A6,Stems_3D_BP!$B$2:$B$5573,"D-stem") -> 7 | I6: =SUMIFS(Stems_3D_BP!$K$2:$K$5573,Stems_3D_BP!$A$2:$A$5573,$A6,Stems_3D_BP!$B$2:$B$5573,"Anticodon stem") -> 9 | J6: =SUMIFS(Stems_3D_BP!$K$2:$K$5573,Stems_3D_BP!$A$2:$A$5573,$A6,Stems_3D_BP!$B$2:$B$5573,"T-stem") -> 10 | K6: =SUM(G6:J6) -> 40 | L6: =K6/42 -> 0.95238095 | M6: =SUMIFS(Stems_3D_BP!$K$2:$K$5573,Stems_3D_BP!$A$2:$A$5573,$A6,Stems_3D_BP!$B$2:$B$5573,"3D (tertiary) BP") -> 7 | N6: =M6/14 -> 0.5 | O6: =K6+M6 -> 47 | P6: =O6/56 -> 0.83928571 | Q6: =SUMIFS(Loops!$I$2:$I$996,Loops!$A$2:$A$996,$A6,Loops!$B$2:$B$996,"D-loop") -> 5 | R6: =SUMIFS(Loops!$I$2:$I$996,Loops!$A$2:$A$996,$A6,Loops!$B$2:$B$996,"Anticodon loop") -> 4 | S6: =SUMIFS(Loops!$I$2:$I$996,Loops!$A$2:$A$996,$A6,Loops!$B$2:$B$996,"Variable loop") -> 2 | T6: =SUMIFS(Loops!$I$2:$I$996,Loops!$A$2:$A$996,$A6,Loops!$B$2:$B$996,"TΨC-loop") -> 2 | U6: =SUMIFS(Loops!$F$2:$F$996,Loops!$A$2:$A$996,$A6)-SUMIFS(Loops!$F$2:$F$996,Loops!$A$2:$A$996,$A6,Loops!$B$2:$B$996,"Positions 8, 9, 26") -> 29 | V6: =SUM(Q6:T6) -> 13 | W6: =V6/U6 -> 0.44827586 | X6: =INDEX(Positions!$E$2:$E$14531,MATCH($A6&"|8",Positions!$A$2:$A$14531,0)) -> U | Y6: =INDEX(Positions!$E$2:$E$14531,MATCH($A6&"|9",Positions!$A$2:$A$14531,0)) -> G | Z6: =INDEX(Positions!$E$2:$E$14531,MATCH($A6&"|26",Positions!$A$2:$A$14531,0)) -> G | AA6: =(X6="G")+(Y6="G")+(Z6="G") -> 2 | AB6: =(X6="C")+(Y6="C")+(Z6="C") -> 0 | AC6: =AA6+AB6 -> 2 | AD6: =AC6/3 -> 0.66666667 | AE6: =IF(K6+V6+AC6=E6,"OK","MISMATCH") -> OK | AF6: =B6-42 -> 32 | AG6: =V6+AC6 -> 15 | AH6: =AG6/AF6 -> 0.46875 | AI6: =L6 -> 0.95238095 | AJ6: =AI6-AH6 -> 0.48363095
A7: tdbR00000581 Lys-CUU | B7: =COUNTIF(Positions!$B$2:$B$14531,A7) -> 81 | C7: =COUNTIFS(Positions!$B$2:$B$14531,A7,Positions!$E$2:$E$14531,"G") -> 31 | D7: =COUNTIFS(Positions!$B$2:$B$14531,A7,Positions!$E$2:$E$14531,"C") -> 26 | E7: =C7+D7 -> 57 | F7: =E7/B7 -> 0.7037037 | G7: =SUMIFS(Stems_3D_BP!$K$2:$K$5573,Stems_3D_BP!$A$2:$A$5573,$A7,Stems_3D_BP!$B$2:$B$5573,"Acceptor stem") -> 14 | H7: =SUMIFS(Stems_3D_BP!$K$2:$K$5573,Stems_3D_BP!$A$2:$A$5573,$A7,Stems_3D_BP!$B$2:$B$5573,"D-stem") -> 6 | I7: =SUMIFS(Stems_3D_BP!$K$2:$K$5573,Stems_3D_BP!$A$2:$A$5573,$A7,Stems_3D_BP!$B$2:$B$5573,"Anticodon stem") -> 10 | J7: =SUMIFS(Stems_3D_BP!$K$2:$K$5573,Stems_3D_BP!$A$2:$A$5573,$A7,Stems_3D_BP!$B$2:$B$5573,"T-stem") -> 10 | K7: =SUM(G7:J7) -> 40 | L7: =K7/42 -> 0.95238095 | M7: =SUMIFS(Stems_3D_BP!$K$2:$K$5573,Stems_3D_BP!$A$2:$A$5573,$A7,Stems_3D_BP!$B$2:$B$5573,"3D (tertiary) BP") -> 8 | N7: =M7/14 -> 0.57142857 | O7: =K7+M7 -> 48 | P7: =O7/56 -> 0.85714286 | Q7: =SUMIFS(Loops!$I$2:$I$996,Loops!$A$2:$A$996,$A7,Loops!$B$2:$B$996,"D-loop") -> 5 | R7: =SUMIFS(Loops!$I$2:$I$996,Loops!$A$2:$A$996,$A7,Loops!$B$2:$B$996,"Anticodon loop") -> 2 | S7: =SUMIFS(Loops!$I$2:$I$996,Loops!$A$2:$A$996,$A7,Loops!$B$2:$B$996,"Variable loop") -> 8 | T7: =SUMIFS(Loops!$I$2:$I$996,Loops!$A$2:$A$996,$A7,Loops!$B$2:$B$996,"TΨC-loop") -> 1 | U7: =SUMIFS(Loops!$F$2:$F$996,Loops!$A$2:$A$996,$A7)-SUMIFS(Loops!$F$2:$F$996,Loops!$A$2:$A$996,$A7,Loops!$B$2:$B$996,"Positions 8, 9, 26") -> 36 | V7: =SUM(Q7:T7) -> 16 | W7: =V7/U7 -> 0.44444444 | X7: =INDEX(Positions!$E$2:$E$14531,MATCH($A7&"|8",Positions!$A$2:$A$14531,0)) -> U | Y7: =INDEX(Positions!$E$2:$E$14531,MATCH($A7&"|9",Positions!$A$2:$A$14531,0)) -> A | Z7: =INDEX(Positions!$E$2:$E$14531,MATCH($A7&"|26",Positions!$A$2:$A$14531,0)) -> G | AA7: =(X7="G")+(Y7="G")+(Z7="G") -> 1 | AB7: =(X7="C")+(Y7="C")+(Z7="C") -> 0 | AC7: =AA7+AB7 -> 1 | AD7: =AC7/3 -> 0.33333333 | AE7: =IF(K7+V7+AC7=E7,"OK","MISMATCH") -> OK | AF7: =B7-42 -> 39 | AG7: =V7+AC7 -> 17 | AH7: =AG7/AF7 -> 0.43589744 | AI7: =L7 -> 0.95238095 | AJ7: =AI7-AH7 -> 0.51648352
A8: tdbR00000580 Lys-UUU | B8: =COUNTIF(Positions!$B$2:$B$14531,A8) -> 76 | C8: =COUNTIFS(Positions!$B$2:$B$14531,A8,Positions!$E$2:$E$14531,"G") -> 28 | D8: =COUNTIFS(Positions!$B$2:$B$14531,A8,Positions!$E$2:$E$14531,"C") -> 28 | E8: =C8+D8 -> 56 | F8: =E8/B8 -> 0.73684211 | G8: =SUMIFS(Stems_3D_BP!$K$2:$K$5573,Stems_3D_BP!$A$2:$A$5573,$A8,Stems_3D_BP!$B$2:$B$5573,"Acceptor stem") -> 14 | H8: =SUMIFS(Stems_3D_BP!$K$2:$K$5573,Stems_3D_BP!$A$2:$A$5573,$A8,Stems_3D_BP!$B$2:$B$5573,"D-stem") -> 6 | I8: =SUMIFS(Stems_3D_BP!$K$2:$K$5573,Stems_3D_BP!$A$2:$A$5573,$A8,Stems_3D_BP!$B$2:$B$5573,"Anticodon stem") -> 10 | J8: =SUMIFS(Stems_3D_BP!$K$2:$K$5573,Stems_3D_BP!$A$2:$A$5573,$A8,Stems_3D_BP!$B$2:$B$5573,"T-stem") -> 10 | K8: =SUM(G8:J8) -> 40 | L8: =K8/42 -> 0.95238095 | M8: =SUMIFS(Stems_3D_BP!$K$2:$K$5573,Stems_3D_BP!$A$2:$A$5573,$A8,Stems_3D_BP!$B$2:$B$5573,"3D (tertiary) BP") -> 9 | N8: =M8/14 -> 0.64285714 | O8: =K8+M8 -> 49 | P8: =O8/56 -> 0.875 | Q8: =SUMIFS(Loops!$I$2:$I$996,Loops!$A$2:$A$996,$A8,Loops!$B$2:$B$996,"D-loop") -> 7 | R8: =SUMIFS(Loops!$I$2:$I$996,Loops!$A$2:$A$996,$A8,Loops!$B$2:$B$996,"Anticodon loop") -> 2 | S8: =SUMIFS(Loops!$I$2:$I$996,Loops!$A$2:$A$996,$A8,Loops!$B$2:$B$996,"Variable loop") -> 5 | T8: =SUMIFS(Loops!$I$2:$I$996,Loops!$A$2:$A$996,$A8,Loops!$B$2:$B$996,"TΨC-loop") -> 1 | U8: =SUMIFS(Loops!$F$2:$F$996,Loops!$A$2:$A$996,$A8)-SUMIFS(Loops!$F$2:$F$996,Loops!$A$2:$A$996,$A8,Loops!$B$2:$B$996,"Positions 8, 9, 26") -> 31 | V8: =SUM(Q8:T8) -> 15 | W8: =V8/U8 -> 0.48387097 | X8: =INDEX(Positions!$E$2:$E$14531,MATCH($A8&"|8",Positions!$A$2:$A$14531,0)) -> U | Y8: =INDEX(Positions!$E$2:$E$14531,MATCH($A8&"|9",Positions!$A$2:$A$14531,0)) -> A | Z8: =INDEX(Positions!$E$2:$E$14531,MATCH($A8&"|26",Positions!$A$2:$A$14531,0)) -> G | AA8: =(X8="G")+(Y8="G")+(Z8="G") -> 1 | AB8: =(X8="C")+(Y8="C")+(Z8="C") -> 0 | AC8: =AA8+AB8 -> 1 | AD8: =AC8/3 -> 0.33333333 | AE8: =IF(K8+V8+AC8=E8,"OK","MISMATCH") -> OK | AF8: =B8-42 -> 34 | AG8: =V8+AC8 -> 16 | AH8: =AG8/AF8 -> 0.47058824 | AI8: =L8 -> 0.95238095 | AJ8: =AI8-AH8 -> 0.48179272
A9: tdbR00000586 Met-CAU | B9: =COUNTIF(Positions!$B$2:$B$14531,A9) -> 73 | C9: =COUNTIFS(Positions!$B$2:$B$14531,A9,Positions!$E$2:$E$14531,"G") -> 26 | D9: =COUNTIFS(Positions!$B$2:$B$14531,A9,Positions!$E$2:$E$14531,"C") -> 26 | E9: =C9+D9 -> 52 | F9: =E9/B9 -> 0.71232877 | G9: =SUMIFS(Stems_3D_BP!$K$2:$K$5573,Stems_3D_BP!$A$2:$A$5573,$A9,Stems_3D_BP!$B$2:$B$5573,"Acceptor stem") -> 14 | H9: =SUMIFS(Stems_3D_BP!$K$2:$K$5573,Stems_3D_BP!$A$2:$A$5573,$A9,Stems_3D_BP!$B$2:$B$5573,"D-stem") -> 6 | I9: =SUMIFS(Stems_3D_BP!$K$2:$K$5573,Stems_3D_BP!$A$2:$A$5573,$A9,Stems_3D_BP!$B$2:$B$5573,"Anticodon stem") -> 10 | J9: =SUMIFS(Stems_3D_BP!$K$2:$K$5573,Stems_3D_BP!$A$2:$A$5573,$A9,Stems_3D_BP!$B$2:$B$5573,"T-stem") -> 10 | K9: =SUM(G9:J9) -> 40 | L9: =K9/42 -> 0.95238095 | M9: =SUMIFS(Stems_3D_BP!$K$2:$K$5573,Stems_3D_BP!$A$2:$A$5573,$A9,Stems_3D_BP!$B$2:$B$5573,"3D (tertiary) BP") -> 7 | N9: =M9/14 -> 0.5 | O9: =K9+M9 -> 47 | P9: =O9/56 -> 0.83928571 | Q9: =SUMIFS(Loops!$I$2:$I$996,Loops!$A$2:$A$996,$A9,Loops!$B$2:$B$996,"D-loop") -> 5 | R9: =SUMIFS(Loops!$I$2:$I$996,Loops!$A$2:$A$996,$A9,Loops!$B$2:$B$996,"Anticodon loop") -> 2 | S9: =SUMIFS(Loops!$I$2:$I$996,Loops!$A$2:$A$996,$A9,Loops!$B$2:$B$996,"Variable loop") -> 3 | T9: =SUMIFS(Loops!$I$2:$I$996,Loops!$A$2:$A$996,$A9,Loops!$B$2:$B$996,"TΨC-loop") -> 1 | U9: =SUMIFS(Loops!$F$2:$F$996,Loops!$A$2:$A$996,$A9)-SUMIFS(Loops!$F$2:$F$996,Loops!$A$2:$A$996,$A9,Loops!$B$2:$B$996,"Positions 8, 9, 26") -> 28 | V9: =SUM(Q9:T9) -> 11 | W9: =V9/U9 -> 0.39285714 | X9: =INDEX(Positions!$E$2:$E$14531,MATCH($A9&"|8",Positions!$A$2:$A$14531,0)) -> U | Y9: =INDEX(Positions!$E$2:$E$14531,MATCH($A9&"|9",Positions!$A$2:$A$14531,0)) -> A | Z9: =INDEX(Positions!$E$2:$E$14531,MATCH($A9&"|26",Positions!$A$2:$A$14531,0)) -> G | AA9: =(X9="G")+(Y9="G")+(Z9="G") -> 1 | AB9: =(X9="C")+(Y9="C")+(Z9="C") -> 0 | AC9: =AA9+AB9 -> 1 | AD9: =AC9/3 -> 0.33333333 | AE9: =IF(K9+V9+AC9=E9,"OK","MISMATCH") -> OK | AF9: =B9-42 -> 31 | AG9: =V9+AC9 -> 12 | AH9: =AG9/AF9 -> 0.38709677 | AI9: =L9 -> 0.95238095 | AJ9: =AI9-AH9 -> 0.56528418
A10: tdbR00000587 Met-CAU | B10: =COUNTIF(Positions!$B$2:$B$14531,A10) -> 73 | C10: =COUNTIFS(Positions!$B$2:$B$14531,A10,Positions!$E$2:$E$14531,"G") -> 26 | D10: =COUNTIFS(Positions!$B$2:$B$14531,A10,Positions!$E$2:$E$14531,"C") -> 26 | E10: =C10+D10 -> 52 | F10: =E10/B10 -> 0.71232877 | G10: =SUMIFS(Stems_3D_BP!$K$2:$K$5573,Stems_3D_BP!$A$2:$A$5573,$A10,Stems_3D_BP!$B$2:$B$5573,"Acceptor stem") -> 14 | H10: =SUMIFS(Stems_3D_BP!$K$2:$K$5573,Stems_3D_BP!$A$2:$A$5573,$A10,Stems_3D_BP!$B$2:$B$5573,"D-stem") -> 6 | I10: =SUMIFS(Stems_3D_BP!$K$2:$K$5573,Stems_3D_BP!$A$2:$A$5573,$A10,Stems_3D_BP!$B$2:$B$5573,"Anticodon stem") -> 8 | J10: =SUMIFS(Stems_3D_BP!$K$2:$K$5573,Stems_3D_BP!$A$2:$A$5573,$A10,Stems_3D_BP!$B$2:$B$5573,"T-stem") -> 10 | K10: =SUM(G10:J10) -> 38 | L10: =K10/42 -> 0.9047619 | M10: =SUMIFS(Stems_3D_BP!$K$2:$K$5573,Stems_3D_BP!$A$2:$A$5573,$A10,Stems_3D_BP!$B$2:$B$5573,"3D (tertiary) BP") -> 7 | N10: =M10/14 -> 0.5 | O10: =K10+M10 -> 45 | P10: =O10/56 -> 0.80357143 | Q10: =SUMIFS(Loops!$I$2:$I$996,Loops!$A$2:$A$996,$A10,Loops!$B$2:$B$996,"D-loop") -> 6 | R10: =SUMIFS(Loops!$I$2:$I$996,Loops!$A$2:$A$996,$A10,Loops!$B$2:$B$996,"Anticodon loop") -> 2 | S10: =SUMIFS(Loops!$I$2:$I$996,Loops!$A$2:$A$996,$A10,Loops!$B$2:$B$996,"Variable loop") -> 3 | T10: =SUMIFS(Loops!$I$2:$I$996,Loops!$A$2:$A$996,$A10,Loops!$B$2:$B$996,"TΨC-loop") -> 2 | U10: =SUMIFS(Loops!$F$2:$F$996,Loops!$A$2:$A$996,$A10)-SUMIFS(Loops!$F$2:$F$996,Loops!$A$2:$A$996,$A10,Loops!$B$2:$B$996,"Positions 8, 9, 26") -> 28 | V10: =SUM(Q10:T10) -> 13 | W10: =V10/U10 -> 0.46428571 | X10: =INDEX(Positions!$E$2:$E$14531,MATCH($A10&"|8",Positions!$A$2:$A$14531,0)) -> U | Y10: =INDEX(Positions!$E$2:$E$14531,MATCH($A10&"|9",Positions!$A$2:$A$14531,0)) -> A | Z10: =INDEX(Positions!$E$2:$E$14531,MATCH($A10&"|26",Positions!$A$2:$A$14531,0)) -> G | AA10: =(X10="G")+(Y10="G")+(Z10="G") -> 1 | AB10: =(X10="C")+(Y10="C")+(Z10="C") -> 0 | AC10: =AA10+AB10 -> 1 | AD10: =AC10/3 -> 0.33333333 | AE10: =IF(K10+V10+AC10=E10,"OK","MISMATCH") -> OK | AF10: =B10-42 -> 31 | AG10: =V10+AC10 -> 14 | AH10: =AG10/AF10 -> 0.4516129 | AI10: =L10 -> 0.9047619 | AJ10: =AI10-AH10 -> 0.453149
A11: tdbR00000579 Pro-CGG | B11: =COUNTIF(Positions!$B$2:$B$14531,A11) -> 74 | C11: =COUNTIFS(Positions!$B$2:$B$14531,A11,Positions!$E$2:$E$14531,"G") -> 28 | D11: =COUNTIFS(Positions!$B$2:$B$14531,A11,Positions!$E$2:$E$14531,"C") -> 25 | E11: =C11+D11 -> 53 | F11: =E11/B11 -> 0.71621622 | G11: =SUMIFS(Stems_3D_BP!$K$2:$K$5573,Stems_3D_BP!$A$2:$A$5573,$A11,Stems_3D_BP!$B$2:$B$5573,"Acceptor stem") -> 14 | H11: =SUMIFS(Stems_3D_BP!$K$2:$K$5573,Stems_3D_BP!$A$2:$A$5573,$A11,Stems_3D_BP!$B$2:$B$5573,"D-stem") -> 3 | I11: =SUMIFS(Stems_3D_BP!$K$2:$K$5573,Stems_3D_BP!$A$2:$A$5573,$A11,Stems_3D_BP!$B$2:$B$5573,"Anticodon stem") -> 10 | J11: =SUMIFS(Stems_3D_BP!$K$2:$K$5573,Stems_3D_BP!$A$2:$A$5573,$A11,Stems_3D_BP!$B$2:$B$5573,"T-stem") -> 10 | K11: =SUM(G11:J11) -> 37 | L11: =K11/42 -> 0.88095238 | M11: =SUMIFS(Stems_3D_BP!$K$2:$K$5573,Stems_3D_BP!$A$2:$A$5573,$A11,Stems_3D_BP!$B$2:$B$5573,"3D (tertiary) BP") -> 6 | N11: =M11/14 -> 0.42857143 | O11: =K11+M11 -> 43 | P11: =O11/56 -> 0.76785714 | Q11: =SUMIFS(Loops!$I$2:$I$996,Loops!$A$2:$A$996,$A11,Loops!$B$2:$B$996,"D-loop") -> 6 | R11: =SUMIFS(Loops!$I$2:$I$996,Loops!$A$2:$A$996,$A11,Loops!$B$2:$B$996,"Anticodon loop") -> 4 | S11: =SUMIFS(Loops!$I$2:$I$996,Loops!$A$2:$A$996,$A11,Loops!$B$2:$B$996,"Variable loop") -> 3 | T11: =SUMIFS(Loops!$I$2:$I$996,Loops!$A$2:$A$996,$A11,Loops!$B$2:$B$996,"TΨC-loop") -> 1 | U11: =SUMIFS(Loops!$F$2:$F$996,Loops!$A$2:$A$996,$A11)-SUMIFS(Loops!$F$2:$F$996,Loops!$A$2:$A$996,$A11,Loops!$B$2:$B$996,"Positions 8, 9, 26") -> 29 | V11: =SUM(Q11:T11) -> 14 | W11: =V11/U11 -> 0.48275862 | X11: =INDEX(Positions!$E$2:$E$14531,MATCH($A11&"|8",Positions!$A$2:$A$14531,0)) -> U | Y11: =INDEX(Positions!$E$2:$E$14531,MATCH($A11&"|9",Positions!$A$2:$A$14531,0)) -> C | Z11: =INDEX(Positions!$E$2:$E$14531,MATCH($A11&"|26",Positions!$A$2:$A$14531,0)) -> G | AA11: =(X11="G")+(Y11="G")+(Z11="G") -> 1 | AB11: =(X11="C")+(Y11="C")+(Z11="C") -> 1 | AC11: =AA11+AB11 -> 2 | AD11: =AC11/3 -> 0.66666667 | AE11: =IF(K11+V11+AC11=E11,"OK","MISMATCH") -> OK | AF11: =B11-42 -> 32 | AG11: =V11+AC11 -> 16 | AH11: =AG11/AF11 -> 0.5 | AI11: =L11 -> 0.88095238 | AJ11: =AI11-AH11 -> 0.38095238
A12: tdbR00000584 Pro-GGG | B12: =COUNTIF(Positions!$B$2:$B$14531,A12) -> 74 | C12: =COUNTIFS(Positions!$B$2:$B$14531,A12,Positions!$E$2:$E$14531,"G") -> 29 | D12: =COUNTIFS(Positions!$B$2:$B$14531,A12,Positions!$E$2:$E$14531,"C") -> 25 | E12: =C12+D12 -> 54 | F12: =E12/B12 -> 0.72972973 | G12: =SUMIFS(Stems_3D_BP!$K$2:$K$5573,Stems_3D_BP!$A$2:$A$5573,$A12,Stems_3D_BP!$B$2:$B$5573,"Acceptor stem") -> 14 | H12: =SUMIFS(Stems_3D_BP!$K$2:$K$5573,Stems_3D_BP!$A$2:$A$5573,$A12,Stems_3D_BP!$B$2:$B$5573,"D-stem") -> 4 | I12: =SUMIFS(Stems_3D_BP!$K$2:$K$5573,Stems_3D_BP!$A$2:$A$5573,$A12,Stems_3D_BP!$B$2:$B$5573,"Anticodon stem") -> 8 | J12: =SUMIFS(Stems_3D_BP!$K$2:$K$5573,Stems_3D_BP!$A$2:$A$5573,$A12,Stems_3D_BP!$B$2:$B$5573,"T-stem") -> 10 | K12: =SUM(G12:J12) -> 36 | L12: =K12/42 -> 0.85714286 | M12: =SUMIFS(Stems_3D_BP!$K$2:$K$5573,Stems_3D_BP!$A$2:$A$5573,$A12,Stems_3D_BP!$B$2:$B$5573,"3D (tertiary) BP") -> 8 | N12: =M12/14 -> 0.57142857 | O12: =K12+M12 -> 44 | P12: =O12/56 -> 0.78571429 | Q12: =SUMIFS(Loops!$I$2:$I$996,Loops!$A$2:$A$996,$A12,Loops!$B$2:$B$996,"D-loop") -> 6 | R12: =SUMIFS(Loops!$I$2:$I$996,Loops!$A$2:$A$996,$A12,Loops!$B$2:$B$996,"Anticodon loop") -> 6 | S12: =SUMIFS(Loops!$I$2:$I$996,Loops!$A$2:$A$996,$A12,Loops!$B$2:$B$996,"Variable loop") -> 3 | T12: =SUMIFS(Loops!$I$2:$I$996,Loops!$A$2:$A$996,$A12,Loops!$B$2:$B$996,"TΨC-loop") -> 1 | U12: =SUMIFS(Loops!$F$2:$F$996,Loops!$A$2:$A$996,$A12)-SUMIFS(Loops!$F$2:$F$996,Loops!$A$2:$A$996,$A12,Loops!$B$2:$B$996,"Positions 8, 9, 26") -> 29 | V12: =SUM(Q12:T12) -> 16 | W12: =V12/U12 -> 0.55172414 | X12: =INDEX(Positions!$E$2:$E$14531,MATCH($A12&"|8",Positions!$A$2:$A$14531,0)) -> U | Y12: =INDEX(Positions!$E$2:$E$14531,MATCH($A12&"|9",Positions!$A$2:$A$14531,0)) -> C | Z12: =INDEX(Positions!$E$2:$E$14531,MATCH($A12&"|26",Positions!$A$2:$A$14531,0)) -> G | AA12: =(X12="G")+(Y12="G")+(Z12="G") -> 1 | AB12: =(X12="C")+(Y12="C")+(Z12="C") -> 1 | AC12: =AA12+AB12 -> 2 | AD12: =AC12/3 -> 0.66666667 | AE12: =IF(K12+V12+AC12=E12,"OK","MISMATCH") -> OK | AF12: =B12-42 -> 32 | AG12: =V12+AC12 -> 18 | AH12: =AG12/AF12 -> 0.5625 | AI12: =L12 -> 0.85714286 | AJ12: =AI12-AH12 -> 0.29464286
A13: tdbR00000585 Thr-CGU | B13: =COUNTIF(Positions!$B$2:$B$14531,A13) -> 71 | C13: =COUNTIFS(Positions!$B$2:$B$14531,A13,Positions!$E$2:$E$14531,"G") -> 28 | D13: =COUNTIFS(Positions!$B$2:$B$14531,A13,Positions!$E$2:$E$14531,"C") -> 25 | E13: =C13+D13 -> 53 | F13: =E13/B13 -> 0.74647887 | G13: =SUMIFS(Stems_3D_BP!$K$2:$K$5573,Stems_3D_BP!$A$2:$A$5573,$A13,Stems_3D_BP!$B$2:$B$5573,"Acceptor stem") -> 14 | H13: =SUMIFS(Stems_3D_BP!$K$2:$K$5573,Stems_3D_BP!$A$2:$A$5573,$A13,Stems_3D_BP!$B$2:$B$5573,"D-stem") -> 6 | I13: =SUMIFS(Stems_3D_BP!$K$2:$K$5573,Stems_3D_BP!$A$2:$A$5573,$A13,Stems_3D_BP!$B$2:$B$5573,"Anticodon stem") -> 10 | J13: =SUMIFS(Stems_3D_BP!$K$2:$K$5573,Stems_3D_BP!$A$2:$A$5573,$A13,Stems_3D_BP!$B$2:$B$5573,"T-stem") -> 10 | K13: =SUM(G13:J13) -> 40 | L13: =K13/42 -> 0.95238095 | M13: =SUMIFS(Stems_3D_BP!$K$2:$K$5573,Stems_3D_BP!$A$2:$A$5573,$A13,Stems_3D_BP!$B$2:$B$5573,"3D (tertiary) BP") -> 7 | N13: =M13/14 -> 0.5 | O13: =K13+M13 -> 47 | P13: =O13/56 -> 0.83928571 | Q13: =SUMIFS(Loops!$I$2:$I$996,Loops!$A$2:$A$996,$A13,Loops!$B$2:$B$996,"D-loop") -> 4 | R13: =SUMIFS(Loops!$I$2:$I$996,Loops!$A$2:$A$996,$A13,Loops!$B$2:$B$996,"Anticodon loop") -> 3 | S13: =SUMIFS(Loops!$I$2:$I$996,Loops!$A$2:$A$996,$A13,Loops!$B$2:$B$996,"Variable loop") -> 3 | T13: =SUMIFS(Loops!$I$2:$I$996,Loops!$A$2:$A$996,$A13,Loops!$B$2:$B$996,"TΨC-loop") -> 2 | U13: =SUMIFS(Loops!$F$2:$F$996,Loops!$A$2:$A$996,$A13)-SUMIFS(Loops!$F$2:$F$996,Loops!$A$2:$A$996,$A13,Loops!$B$2:$B$996,"Positions 8, 9, 26") -> 26 | V13: =SUM(Q13:T13) -> 12 | W13: =V13/U13 -> 0.46153846 | X13: =INDEX(Positions!$E$2:$E$14531,MATCH($A13&"|8",Positions!$A$2:$A$14531,0)) -> U | Y13: =INDEX(Positions!$E$2:$E$14531,MATCH($A13&"|9",Positions!$A$2:$A$14531,0)) -> A | Z13: =INDEX(Positions!$E$2:$E$14531,MATCH($A13&"|26",Positions!$A$2:$A$14531,0)) -> G | AA13: =(X13="G")+(Y13="G")+(Z13="G") -> 1 | AB13: =(X13="C")+(Y13="C")+(Z13="C") -> 0 | AC13: =AA13+AB13 -> 1 | AD13: =AC13/3 -> 0.33333333 | AE13: =IF(K13+V13+AC13=E13,"OK","MISMATCH") -> OK | AF13: =B13-42 -> 29 | AG13: =V13+AC13 -> 13 | AH13: =AG13/AF13 -> 0.44827586 | AI13: =L13 -> 0.95238095 | AJ13: =AI13-AH13 -> 0.50410509
A14: tdbR00000582 Tyr-GUA | B14: =COUNTIF(Positions!$B$2:$B$14531,A14) -> 71 | C14: =COUNTIFS(Positions!$B$2:$B$14531,A14,Positions!$E$2:$E$14531,"G") -> 28 | D14: =COUNTIFS(Positions!$B$2:$B$14531,A14,Positions!$E$2:$E$14531,"C") -> 26 | E14: =C14+D14 -> 54 | F14: =E14/B14 -> 0.76056338 | G14: =SUMIFS(Stems_3D_BP!$K$2:$K$5573,Stems_3D_BP!$A$2:$A$5573,$A14,Stems_3D_BP!$B$2:$B$5573,"Acceptor stem") -> 14 | H14: =SUMIFS(Stems_3D_BP!$K$2:$K$5573,Stems_3D_BP!$A$2:$A$5573,$A14,Stems_3D_BP!$B$2:$B$5573,"D-stem") -> 6 | I14: =SUMIFS(Stems_3D_BP!$K$2:$K$5573,Stems_3D_BP!$A$2:$A$5573,$A14,Stems_3D_BP!$B$2:$B$5573,"Anticodon stem") -> 10 | J14: =SUMIFS(Stems_3D_BP!$K$2:$K$5573,Stems_3D_BP!$A$2:$A$5573,$A14,Stems_3D_BP!$B$2:$B$5573,"T-stem") -> 10 | K14: =SUM(G14:J14) -> 40 | L14: =K14/42 -> 0.95238095 | M14: =SUMIFS(Stems_3D_BP!$K$2:$K$5573,Stems_3D_BP!$A$2:$A$5573,$A14,Stems_3D_BP!$B$2:$B$5573,"3D (tertiary) BP") -> 7 | N14: =M14/14 -> 0.5 | O14: =K14+M14 -> 47 | P14: =O14/56 -> 0.83928571 | Q14: =SUMIFS(Loops!$I$2:$I$996,Loops!$A$2:$A$996,$A14,Loops!$B$2:$B$996,"D-loop") -> 5 | R14: =SUMIFS(Loops!$I$2:$I$996,Loops!$A$2:$A$996,$A14,Loops!$B$2:$B$996,"Anticodon loop") -> 3 | S14: =SUMIFS(Loops!$I$2:$I$996,Loops!$A$2:$A$996,$A14,Loops!$B$2:$B$996,"Variable loop") -> 3 | T14: =SUMIFS(Loops!$I$2:$I$996,Loops!$A$2:$A$996,$A14,Loops!$B$2:$B$996,"TΨC-loop") -> 2 | U14: =SUMIFS(Loops!$F$2:$F$996,Loops!$A$2:$A$996,$A14)-SUMIFS(Loops!$F$2:$F$996,Loops!$A$2:$A$996,$A14,Loops!$B$2:$B$996,"Positions 8, 9, 26") -> 26 | V14: =SUM(Q14:T14) -> 13 | W14: =V14/U14 -> 0.5 | X14: =INDEX(Positions!$E$2:$E$14531,MATCH($A14&"|8",Positions!$A$2:$A$14531,0)) -> U | Y14: =INDEX(Positions!$E$2:$E$14531,MATCH($A14&"|9",Positions!$A$2:$A$14531,0)) -> A | Z14: =INDEX(Positions!$E$2:$E$14531,MATCH($A14&"|26",Positions!$A$2:$A$14531,0)) -> G | AA14: =(X14="G")+(Y14="G")+(Z14="G") -> 1 | AB14: =(X14="C")+(Y14="C")+(Z14="C") -> 0 | AC14: =AA14+AB14 -> 1 | AD14: =AC14/3 -> 0.33333333 | AE14: =IF(K14+V14+AC14=E14,"OK","MISMATCH") -> OK | AF14: =B14-42 -> 29 | AG14: =V14+AC14 -> 14 | AH14: =AG14/AF14 -> 0.48275862 | AI14: =L14 -> 0.95238095 | AJ14: =AI14-AH14 -> 0.46962233
A15: tdbR00000007 Ala-UGC | B15: =COUNTIF(Positions!$B$2:$B$14531,A15) -> 72 | C15: =COUNTIFS(Positions!$B$2:$B$14531,A15,Positions!$E$2:$E$14531,"G") -> 25 | D15: =COUNTIFS(Positions!$B$2:$B$14531,A15,Positions!$E$2:$E$14531,"C") -> 22 | E15: =C15+D15 -> 47 | F15: =E15/B15 -> 0.65277778 | G15: =SUMIFS(Stems_3D_BP!$K$2:$K$5573,Stems_3D_BP!$A$2:$A$5573,$A15,Stems_3D_BP!$B$2:$B$5573,"Acceptor stem") -> 10 | H15: =SUMIFS(Stems_3D_BP!$K$2:$K$5573,Stems_3D_BP!$A$2:$A$5573,$A15,Stems_3D_BP!$B$2:$B$5573,"D-stem") -> 6 | I15: =SUMIFS(Stems_3D_BP!$K$2:$K$5573,Stems_3D_BP!$A$2:$A$5573,$A15,Stems_3D_BP!$B$2:$B$5573,"Anticodon stem") -> 8 | J15: =SUMIFS(Stems_3D_BP!$K$2:$K$5573,Stems_3D_BP!$A$2:$A$5573,$A15,Stems_3D_BP!$B$2:$B$5573,"T-stem") -> 8 | K15: =SUM(G15:J15) -> 32 | L15: =K15/42 -> 0.76190476 | M15: =SUMIFS(Stems_3D_BP!$K$2:$K$5573,Stems_3D_BP!$A$2:$A$5573,$A15,Stems_3D_BP!$B$2:$B$5573,"3D (tertiary) BP") -> 7 | N15: =M15/14 -> 0.5 | O15: =K15+M15 -> 39 | P15: =O15/56 -> 0.69642857 | Q15: =SUMIFS(Loops!$I$2:$I$996,Loops!$A$2:$A$996,$A15,Loops!$B$2:$B$996,"D-loop") -> 5 | R15: =SUMIFS(Loops!$I$2:$I$996,Loops!$A$2:$A$996,$A15,Loops!$B$2:$B$996,"Anticodon loop") -> 3 | S15: =SUMIFS(Loops!$I$2:$I$996,Loops!$A$2:$A$996,$A15,Loops!$B$2:$B$996,"Variable loop") -> 3 | T15: =SUMIFS(Loops!$I$2:$I$996,Loops!$A$2:$A$996,$A15,Loops!$B$2:$B$996,"TΨC-loop") -> 3 | U15: =SUMIFS(Loops!$F$2:$F$996,Loops!$A$2:$A$996,$A15)-SUMIFS(Loops!$F$2:$F$996,Loops!$A$2:$A$996,$A15,Loops!$B$2:$B$996,"Positions 8, 9, 26") -> 27 | V15: =SUM(Q15:T15) -> 14 | W15: =V15/U15 -> 0.51851852 | X15: =INDEX(Positions!$E$2:$E$14531,MATCH($A15&"|8",Positions!$A$2:$A$14531,0)) -> U | Y15: =INDEX(Positions!$E$2:$E$14531,MATCH($A15&"|9",Positions!$A$2:$A$14531,0)) -> A | Z15: =INDEX(Positions!$E$2:$E$14531,MATCH($A15&"|26",Positions!$A$2:$A$14531,0)) -> G | AA15: =(X15="G")+(Y15="G")+(Z15="G") -> 1 | AB15: =(X15="C")+(Y15="C")+(Z15="C") -> 0 | AC15: =AA15+AB15 -> 1 | AD15: =AC15/3 -> 0.33333333 | AE15: =IF(K15+V15+AC15=E15,"OK","MISMATCH") -> OK | AF15: =B15-42 -> 30 | AG15: =V15+AC15 -> 15 | AH15: =AG15/AF15 -> 0.5 | AI15: =L15 -> 0.76190476 | AJ15: =AI15-AH15 -> 0.26190476
... A202: tdbR00000502 Ile-CAU | B202: =COUNTIF(Positions!$B$2:$B$14531,A202) -> 74 | C202: =COUNTIFS(Positions!$B$2:$B$14531,A202,Positions!$E$2:$E$14531,"G") -> 24 | D202: =COUNTIFS(Positions!$B$2:$B$14531,A202,Positions!$E$2:$E$14531,"C") -> 22 | E202: =C202+D202 -> 46 | F202: =E202/B202 -> 0.62162162 | G202: =SUMIFS(Stems_3D_BP!$K$2:$K$5573,Stems_3D_BP!$A$2:$A$5573,$A202,Stems_3D_BP!$B$2:$B$5573,"Acceptor stem") -> 12 | H202: =SUMIFS(Stems_3D_BP!$K$2:$K$5573,Stems_3D_BP!$A$2:$A$5573,$A202,Stems_3D_BP!$B$2:$B$5573,"D-stem") -> 6 | I202: =SUMIFS(Stems_3D_BP!$K$2:$K$5573,Stems_3D_BP!$A$2:$A$5573,$A202,Stems_3D_BP!$B$2:$B$5573,"Anticodon stem") -> 8 | J202: =SUMIFS(Stems_3D_BP!$K$2:$K$5573,Stems_3D_BP!$A$2:$A$5573,$A202,Stems_3D_BP!$B$2:$B$5573,"T-stem") -> 8 | K202: =SUM(G202:J202) -> 34 | L202: =K202/42 -> 0.80952381 | M202: =SUMIFS(Stems_3D_BP!$K$2:$K$5573,Stems_3D_BP!$A$2:$A$5573,$A202,Stems_3D_BP!$B$2:$B$5573,"3D (tertiary) BP") -> 7 | N202: =M202/14 -> 0.5 | O202: =K202+M202 -> 41 | P202: =O202/56 -> 0.73214286 | Q202: =SUMIFS(Loops!$I$2:$I$996,Loops!$A$2:$A$996,$A202,Loops!$B$2:$B$996,"D-loop") -> 5 | R202: =SUMIFS(Loops!$I$2:$I$996,Loops!$A$2:$A$996,$A202,Loops!$B$2:$B$996,"Anticodon loop") -> 2 | S202: =SUMIFS(Loops!$I$2:$I$996,Loops!$A$2:$A$996,$A202,Loops!$B$2:$B$996,"Variable loop") -> 3 | T202: =SUMIFS(Loops!$I$2:$I$996,Loops!$A$2:$A$996,$A202,Loops!$B$2:$B$996,"TΨC-loop") -> 1 | U202: =SUMIFS(Loops!$F$2:$F$996,Loops!$A$2:$A$996,$A202)-SUMIFS(Loops!$F$2:$F$996,Loops!$A$2:$A$996,$A202,Loops!$B$2:$B$996,"Positions 8, 9, 26") -> 29 | V202: =SUM(Q202:T202) -> 11 | W202: =V202/U202 -> 0.37931034 | X202: =INDEX(Positions!$E$2:$E$14531,MATCH($A202&"|8",Positions!$A$2:$A$14531,0)) -> U | Y202: =INDEX(Positions!$E$2:$E$14531,MATCH($A202&"|9",Positions!$A$2:$A$14531,0)) -> A | Z202: =INDEX(Positions!$E$2:$E$14531,MATCH($A202&"|26",Positions!$A$2:$A$14531,0)) -> G | AA202: =(X202="G")+(Y202="G")+(Z202="G") -> 1 | AB202: =(X202="C")+(Y202="C")+(Z202="C") -> 0 | AC202: =AA202+AB202 -> 1 | AD202: =AC202/3 -> 0.33333333 | AE202: =IF(K202+V202+AC202=E202,"OK","MISMATCH") -> OK | AF202: =B202-42 -> 32 | AG202: =V202+AC202 -> 12 | AH202: =AG202/AF202 -> 0.375 | AI202: =L202 -> 0.80952381 | AJ202: =AI202-AH202 -> 0.43452381
A203: Mean | B203: =AVERAGE(B4:B202) -> 73.015075 | C203: =AVERAGE(C4:C202) -> 23.467337 | D203: =AVERAGE(D4:D202) -> 20.025126 | E203: =AVERAGE(E4:E202) -> 43.492462 | F203: =AVERAGE(F4:F202) -> 0.59541202 | G203: =AVERAGE(G4:G202) -> 10.407035 | H203: =AVERAGE(H4:H202) -> 5.6080402 | I203: =AVERAGE(I4:I202) -> 6.758794 | ... W203: =AVERAGE(W4:W202) -> 0.42587012 | AA203: =AVERAGE(AA4:AA202) -> 0.8040201 | AB203: =AVERAGE(AB4:AB202) -> 0.060301508 | AC203: =AVERAGE(AC4:AC202) -> 0.86432161 | AD203: =AVERAGE(AD4:AD202) -> 0.2881072 | AF203: =AVERAGE(AF4:AF202) -> 31.015075 | AG203: =AVERAGE(AG4:AG202) -> 12.829146 | AH203: =AVERAGE(AH4:AH202) -> 0.41236729 | AI203: =AVERAGE(AI4:AI202) -> 0.73007897 | AJ203: =AVERAGE(AJ4:AJ202) -> 0.31771167
A205: Percentages: overall = G+C / full length; stems = /42 nt (21 bp); 3D = /14 nt (7 tertiary pairs); stems+3D = /56 nt; positions 8, 9, 26 = /3 nt; loops = / total nt of D, AC, variable and TΨC loops.
A206: 3D pairs 14, 15, 18, 19, 32, 38, 44, 48, 54, 55, 58 lie inside loops, so "4 stems + 3D" and "4 loops" share those nucleotides. 4 stems + 4 loops + positions 8, 9, 26 together cover every nucleotide once together cover every nucleotide once (column AE checks this).

Sheet tRNA_Info
A1: tRNA (key) | B1: T-psi-C ID | C1: Amino acid | D1: Anticodon | E1: Organism | F1: Database length (nt) | G1: Analysed length 1-72 region (nt) | H1: Excluded 5′ nt | I1: Excluded 3′ nt (73 / CCA) | J1: Analysed sequence | K1: Canonical stem pairs not paired in database structure
A2: tdbR00000589 Arg-UCU | B2: tdbR00000589 | C2: Arg | D2: UCU | E2: Aeropyrum pernix | F2: 78 | G2: 74 | H2: - | I2: GCCA | J2: GGGCCCGUAGCUCAGCCAGGACAGAGCGCCGGCCUUCUAAGCCGGUGCUGCCGGGUUCAAAUCCCGGCGGGCCC | K2: none
A3: tdbR00000588 Asp-GUC | B3: tdbR00000588 | C3: Asp | D3: GUC | E3: Aeropyrum pernix | F3: 78 | G3: 74 | H3: - | I3: GCCA | J3: GCCGCGGUAGUAUAGCCUGGACUAGUAUGCGGGCCUGUCAAGCCCGUGACCCGGGUUCAAAUCCCGGCCGCGGC | K3: none
A4: tdbR00000583 Cys-GCA | B4: tdbR00000583 | C4: Cys | D4: GCA | E4: Aeropyrum pernix | F4: 78 | G4: 74 | H4: - | I4: UCCA | J4: GCCGGGGUGGCCGAGCGGUCUAAGGCGGCGGGCUGCAGACCCGUUAGUUCCCGGGUUCGAAUCCCGGCCCCGGC | K4: 13-22
A5: tdbR00000581 Lys-CUU | B5: tdbR00000581 | C5: Lys | D5: CUU | E5: Aeropyrum pernix | F5: 85 | G5: 81 | H5: - | I5: GCCA | J5: GGGCCCGUAGCUCAGCCUGGUAGAGCGGCGGGCUCUUAACCCGCGAGGGAGGAAGUCCCGGGUUCAAAUCCCGGCGGGCCC | K5: none
A6: tdbR00000580 Lys-UUU | B6: tdbR00000580 | C6: Lys | D6: UUU | E6: Aeropyrum pernix | F6: 80 | G6: 76 | H6: - | I6: GCCA | J6: GGGCCCGUAGCUCAGCCCGGCAGAGCGGCGGGCUUUUACCCCGCGGAAGGUCCCGGGUUCAAAUCCCGGCGGGCCC | K6: none
A7: tdbR00000586 Met-CAU | B7: tdbR00000586 | C7: Met | D7: CAU | E7: Aeropyrum pernix | F7: 77 | G7: 73 | H7: - | I7: ACCA | J7: GGGCCCGUAGCUCAGCCAGGUAGAGCGCCCGGCUCAUAACCGGGUGGUCGGGGGUUCAAAUCCCCCCGGGCCC | K7: none
A8: tdbR00000587 Met-CAU | B8: tdbR00000587 | C8: Met | D8: CAU | E8: Aeropyrum pernix | F8: 77 | G8: 73 | H8: - | I8: ACCA | J8: GCCGCCGUAGCUCAGCCUGGCAGAGCGCCGGACUCAUAAUCCGGAGGUCCCGGGUUCGAAUCCCGGCGGCGGC | K8: none
A9: tdbR00000579 Pro-CGG | B9: tdbR00000579 | C9: Pro | D9: CGG | E9: Aeropyrum pernix | F9: 78 | G9: 74 | H9: - | I9: ACCA | J9: GGGCCCGUCGUCUAGCCUGGCUAAGAUGCGGGGUACGGGACCCCGUGGUCCGGGGUUCAAAUCCCCGCGGGCCC | K9: none
A10: tdbR00000584 Pro-GGG | B10: tdbR00000584 | C10: Pro | D10: GGG | E10: Aeropyrum pernix | F10: 78 | G10: 74 | H10: - | I10: ACCA | J10: GGGGCCGUCGUCUAGCCUGGCUAGGAUGCCAGCCUGGGGCGCUGGUGGUCCCGGGUUCAAAUCCCGGCGGCCCC | K10: none
A11: tdbR00000585 Thr-CGU | B11: tdbR00000585 | C11: Thr | D11: CGU | E11: Aeropyrum pernix | F11: 75 | G11: 71 | H11: - | I11: UCCA | J11: GCCGCCGUAGCUCAGCGGUAGAGCGCCGGCCUCGUAAGCCGGUGGUCGCGGGUUCGAAUCCCGCCGGCGGC | K11: none
A12: tdbR00000582 Tyr-GUA | B12: tdbR00000582 | C12: Tyr | D12: GUA | E12: Aeropyrum pernix | F12: 75 | G12: 71 | H12: - | I12: ACCA | J12: CCCGCCGUAGCUCAGCGGCAGAGCGCCCGGCUGUACACCGGGUGGUCCGGGGUUCGAAUCCCCGCGGCGGG | K12: none
A13: tdbR00000007 Ala-UGC | B13: tdbR00000007 | C13: Ala | D13: UGC | E13: Bacillus subtilis | F13: 76 | G13: 72 | H13: - | I13: ACCA | J13: GGAGCCUUAGCUCAGCUGGGAGAGCGCCUGCUUUGCACGCAGGAGGUCAGCGGUUCGAUCCCGCUAGGCUCC | K13: none
... A200: tdbR00000502 Ile-CAU | B200: tdbR00000502 | C200: Ile | D200: CAU | E200: Sulfolobus acidocaldarius | F200: 78 | G200: 74 | H200: - | I200: ACCA | J200: AGCGGCGUAGGGAACUGGGAGUAUCCCGCAGGGCUCAUAACCCUGAGGUCCCUGGUUCAAAUCCAGGCGCCGCU | K200: none

Sheet Positions
A1: Key | B1: tRNA | C1: Canonical position | D1: Actual position | E1: Nucleotide | F1: Region
A2: =B2&"|"&C2 -> tdbR00000589 Arg-UCU|1 | B2: tdbR00000589 Arg-UCU | C2: 1 | D2: 1 | E2: G | F2: Acceptor stem
A3: =B3&"|"&C3 -> tdbR00000589 Arg-UCU|2 | B3: tdbR00000589 Arg-UCU | C3: 2 | D3: 2 | E3: G | F3: Acceptor stem
A4: =B4&"|"&C4 -> tdbR00000589 Arg-UCU|3 | B4: tdbR00000589 Arg-UCU | C4: 3 | D4: 3 | E4: G | F4: Acceptor stem
A5: =B5&"|"&C5 -> tdbR00000589 Arg-UCU|4 | B5: tdbR00000589 Arg-UCU | C5: 4 | D5: 4 | E5: C | F5: Acceptor stem
A6: =B6&"|"&C6 -> tdbR00000589 Arg-UCU|5 | B6: tdbR00000589 Arg-UCU | C6: 5 | D6: 5 | E6: C | F6: Acceptor stem
A7: =B7&"|"&C7 -> tdbR00000589 Arg-UCU|6 | B7: tdbR00000589 Arg-UCU | C7: 6 | D7: 6 | E7: C | F7: Acceptor stem
A8: =B8&"|"&C8 -> tdbR00000589 Arg-UCU|7 | B8: tdbR00000589 Arg-UCU | C8: 7 | D8: 7 | E8: G | F8: Acceptor stem
A9: =B9&"|"&C9 -> tdbR00000589 Arg-UCU|8 | B9: tdbR00000589 Arg-UCU | C9: 8 | D9: 8 | E9: U | F9: Position 8
A10: =B10&"|"&C10 -> tdbR00000589 Arg-UCU|9 | B10: tdbR00000589 Arg-UCU | C10: 9 | D10: 9 | E10: A | F10: Position 9
A11: =B11&"|"&C11 -> tdbR00000589 Arg-UCU|10 | B11: tdbR00000589 Arg-UCU | C11: 10 | D11: 10 | E11: G | F11: D-stem
A12: =B12&"|"&C12 -> tdbR00000589 Arg-UCU|11 | B12: tdbR00000589 Arg-UCU | C12: 11 | D12: 11 | E12: C | F12: D-stem
A13: =B13&"|"&C13 -> tdbR00000589 Arg-UCU|12 | B13: tdbR00000589 Arg-UCU | C13: 12 | D13: 12 | E13: U | F13: D-stem
... A14531: =B14531&"|"&C14531 -> tdbR00000502 Ile-CAU|72 | B14531: tdbR00000502 Ile-CAU | C14531: 72 | D14531: 74 | E14531: U | F14531: Acceptor stem

Sheet Stems_3D_BP
A1: tRNA | B1: Element | C1: Canonical pair | D1: Actual pos (5′) | E1: Actual pos (3′) | F1: Nt (5′) | G1: Nt (3′) | H1: Pair | I1: G count | J1: C count | K1: G+C count
A2: tdbR00000589 Arg-UCU | B2: Acceptor stem | C2: 1-72 | D2: =IFERROR(INDEX(Positions!$D$2:$D$14531,MATCH($A2&"|1",Positions!$A$2:$A$14531,0)),"-") -> 1 | E2: =IFERROR(INDEX(Positions!$D$2:$D$14531,MATCH($A2&"|72",Positions!$A$2:$A$14531,0)),"-") -> 74 | F2: =IFERROR(INDEX(Positions!$E$2:$E$14531,MATCH($A2&"|1",Positions!$A$2:$A$14531,0)),"-") -> G | G2: =IFERROR(INDEX(Positions!$E$2:$E$14531,MATCH($A2&"|72",Positions!$A$2:$A$14531,0)),"-") -> C | H2: =F2&"-"&G2 -> G-C | I2: =(F2="G")+(G2="G") -> 1 | J2: =(F2="C")+(G2="C") -> 1 | K2: =I2+J2 -> 2
A3: tdbR00000589 Arg-UCU | B3: Acceptor stem | C3: 2-71 | D3: =IFERROR(INDEX(Positions!$D$2:$D$14531,MATCH($A3&"|2",Positions!$A$2:$A$14531,0)),"-") -> 2 | E3: =IFERROR(INDEX(Positions!$D$2:$D$14531,MATCH($A3&"|71",Positions!$A$2:$A$14531,0)),"-") -> 73 | F3: =IFERROR(INDEX(Positions!$E$2:$E$14531,MATCH($A3&"|2",Positions!$A$2:$A$14531,0)),"-") -> G | G3: =IFERROR(INDEX(Positions!$E$2:$E$14531,MATCH($A3&"|71",Positions!$A$2:$A$14531,0)),"-") -> C | H3: =F3&"-"&G3 -> G-C | I3: =(F3="G")+(G3="G") -> 1 | J3: =(F3="C")+(G3="C") -> 1 | K3: =I3+J3 -> 2
A4: tdbR00000589 Arg-UCU | B4: Acceptor stem | C4: 3-70 | D4: =IFERROR(INDEX(Positions!$D$2:$D$14531,MATCH($A4&"|3",Positions!$A$2:$A$14531,0)),"-") -> 3 | E4: =IFERROR(INDEX(Positions!$D$2:$D$14531,MATCH($A4&"|70",Positions!$A$2:$A$14531,0)),"-") -> 72 | F4: =IFERROR(INDEX(Positions!$E$2:$E$14531,MATCH($A4&"|3",Positions!$A$2:$A$14531,0)),"-") -> G | G4: =IFERROR(INDEX(Positions!$E$2:$E$14531,MATCH($A4&"|70",Positions!$A$2:$A$14531,0)),"-") -> C | H4: =F4&"-"&G4 -> G-C | I4: =(F4="G")+(G4="G") -> 1 | J4: =(F4="C")+(G4="C") -> 1 | K4: =I4+J4 -> 2
A5: tdbR00000589 Arg-UCU | B5: Acceptor stem | C5: 4-69 | D5: =IFERROR(INDEX(Positions!$D$2:$D$14531,MATCH($A5&"|4",Positions!$A$2:$A$14531,0)),"-") -> 4 | E5: =IFERROR(INDEX(Positions!$D$2:$D$14531,MATCH($A5&"|69",Positions!$A$2:$A$14531,0)),"-") -> 71 | F5: =IFERROR(INDEX(Positions!$E$2:$E$14531,MATCH($A5&"|4",Positions!$A$2:$A$14531,0)),"-") -> C | G5: =IFERROR(INDEX(Positions!$E$2:$E$14531,MATCH($A5&"|69",Positions!$A$2:$A$14531,0)),"-") -> G | H5: =F5&"-"&G5 -> C-G | I5: =(F5="G")+(G5="G") -> 1 | J5: =(F5="C")+(G5="C") -> 1 | K5: =I5+J5 -> 2
A6: tdbR00000589 Arg-UCU | B6: Acceptor stem | C6: 5-68 | D6: =IFERROR(INDEX(Positions!$D$2:$D$14531,MATCH($A6&"|5",Positions!$A$2:$A$14531,0)),"-") -> 5 | E6: =IFERROR(INDEX(Positions!$D$2:$D$14531,MATCH($A6&"|68",Positions!$A$2:$A$14531,0)),"-") -> 70 | F6: =IFERROR(INDEX(Positions!$E$2:$E$14531,MATCH($A6&"|5",Positions!$A$2:$A$14531,0)),"-") -> C | G6: =IFERROR(INDEX(Positions!$E$2:$E$14531,MATCH($A6&"|68",Positions!$A$2:$A$14531,0)),"-") -> G | H6: =F6&"-"&G6 -> C-G | I6: =(F6="G")+(G6="G") -> 1 | J6: =(F6="C")+(G6="C") -> 1 | K6: =I6+J6 -> 2
A7: tdbR00000589 Arg-UCU | B7: Acceptor stem | C7: 6-67 | D7: =IFERROR(INDEX(Positions!$D$2:$D$14531,MATCH($A7&"|6",Positions!$A$2:$A$14531,0)),"-") -> 6 | E7: =IFERROR(INDEX(Positions!$D$2:$D$14531,MATCH($A7&"|67",Positions!$A$2:$A$14531,0)),"-") -> 69 | F7: =IFERROR(INDEX(Positions!$E$2:$E$14531,MATCH($A7&"|6",Positions!$A$2:$A$14531,0)),"-") -> C | G7: =IFERROR(INDEX(Positions!$E$2:$E$14531,MATCH($A7&"|67",Positions!$A$2:$A$14531,0)),"-") -> G | H7: =F7&"-"&G7 -> C-G | I7: =(F7="G")+(G7="G") -> 1 | J7: =(F7="C")+(G7="C") -> 1 | K7: =I7+J7 -> 2
A8: tdbR00000589 Arg-UCU | B8: Acceptor stem | C8: 7-66 | D8: =IFERROR(INDEX(Positions!$D$2:$D$14531,MATCH($A8&"|7",Positions!$A$2:$A$14531,0)),"-") -> 7 | E8: =IFERROR(INDEX(Positions!$D$2:$D$14531,MATCH($A8&"|66",Positions!$A$2:$A$14531,0)),"-") -> 68 | F8: =IFERROR(INDEX(Positions!$E$2:$E$14531,MATCH($A8&"|7",Positions!$A$2:$A$14531,0)),"-") -> G | G8: =IFERROR(INDEX(Positions!$E$2:$E$14531,MATCH($A8&"|66",Positions!$A$2:$A$14531,0)),"-") -> C | H8: =F8&"-"&G8 -> G-C | I8: =(F8="G")+(G8="G") -> 1 | J8: =(F8="C")+(G8="C") -> 1 | K8: =I8+J8 -> 2
A9: tdbR00000589 Arg-UCU | B9: D-stem | C9: 10-25 | D9: =IFERROR(INDEX(Positions!$D$2:$D$14531,MATCH($A9&"|10",Positions!$A$2:$A$14531,0)),"-") -> 10 | E9: =IFERROR(INDEX(Positions!$D$2:$D$14531,MATCH($A9&"|25",Positions!$A$2:$A$14531,0)),"-") -> 27 | F9: =IFERROR(INDEX(Positions!$E$2:$E$14531,MATCH($A9&"|10",Positions!$A$2:$A$14531,0)),"-") -> G | G9: =IFERROR(INDEX(Positions!$E$2:$E$14531,MATCH($A9&"|25",Positions!$A$2:$A$14531,0)),"-") -> C | H9: =F9&"-"&G9 -> G-C | I9: =(F9="G")+(G9="G") -> 1 | J9: =(F9="C")+(G9="C") -> 1 | K9: =I9+J9 -> 2
A10: tdbR00000589 Arg-UCU | B10: D-stem | C10: 11-24 | D10: =IFERROR(INDEX(Positions!$D$2:$D$14531,MATCH($A10&"|11",Positions!$A$2:$A$14531,0)),"-") -> 11 | E10: =IFERROR(INDEX(Positions!$D$2:$D$14531,MATCH($A10&"|24",Positions!$A$2:$A$14531,0)),"-") -> 26 | F10: =IFERROR(INDEX(Positions!$E$2:$E$14531,MATCH($A10&"|11",Positions!$A$2:$A$14531,0)),"-") -> C | G10: =IFERROR(INDEX(Positions!$E$2:$E$14531,MATCH($A10&"|24",Positions!$A$2:$A$14531,0)),"-") -> G | H10: =F10&"-"&G10 -> C-G | I10: =(F10="G")+(G10="G") -> 1 | J10: =(F10="C")+(G10="C") -> 1 | K10: =I10+J10 -> 2
A11: tdbR00000589 Arg-UCU | B11: D-stem | C11: 12-23 | D11: =IFERROR(INDEX(Positions!$D$2:$D$14531,MATCH($A11&"|12",Positions!$A$2:$A$14531,0)),"-") -> 12 | E11: =IFERROR(INDEX(Positions!$D$2:$D$14531,MATCH($A11&"|23",Positions!$A$2:$A$14531,0)),"-") -> 25 | F11: =IFERROR(INDEX(Positions!$E$2:$E$14531,MATCH($A11&"|12",Positions!$A$2:$A$14531,0)),"-") -> U | G11: =IFERROR(INDEX(Positions!$E$2:$E$14531,MATCH($A11&"|23",Positions!$A$2:$A$14531,0)),"-") -> A | H11: =F11&"-"&G11 -> U-A | I11: =(F11="G")+(G11="G") -> 0 | J11: =(F11="C")+(G11="C") -> 0 | K11: =I11+J11 -> 0
A12: tdbR00000589 Arg-UCU | B12: D-stem | C12: 13-22 | D12: =IFERROR(INDEX(Positions!$D$2:$D$14531,MATCH($A12&"|13",Positions!$A$2:$A$14531,0)),"-") -> 13 | E12: =IFERROR(INDEX(Positions!$D$2:$D$14531,MATCH($A12&"|22",Positions!$A$2:$A$14531,0)),"-") -> 24 | F12: =IFERROR(INDEX(Positions!$E$2:$E$14531,MATCH($A12&"|13",Positions!$A$2:$A$14531,0)),"-") -> C | G12: =IFERROR(INDEX(Positions!$E$2:$E$14531,MATCH($A12&"|22",Positions!$A$2:$A$14531,0)),"-") -> G | H12: =F12&"-"&G12 -> C-G | I12: =(F12="G")+(G12="G") -> 1 | J12: =(F12="C")+(G12="C") -> 1 | K12: =I12+J12 -> 2
A13: tdbR00000589 Arg-UCU | B13: Anticodon stem | C13: 27-43 | D13: =IFERROR(INDEX(Positions!$D$2:$D$14531,MATCH($A13&"|27",Positions!$A$2:$A$14531,0)),"-") -> 29 | E13: =IFERROR(INDEX(Positions!$D$2:$D$14531,MATCH($A13&"|43",Positions!$A$2:$A$14531,0)),"-") -> 45 | F13: =IFERROR(INDEX(Positions!$E$2:$E$14531,MATCH($A13&"|27",Positions!$A$2:$A$14531,0)),"-") -> C | G13: =IFERROR(INDEX(Positions!$E$2:$E$14531,MATCH($A13&"|43",Positions!$A$2:$A$14531,0)),"-") -> G | H13: =F13&"-"&G13 -> C-G | I13: =(F13="G")+(G13="G") -> 1 | J13: =(F13="C")+(G13="C") -> 1 | K13: =I13+J13 -> 2
A14: tdbR00000589 Arg-UCU | B14: Anticodon stem | C14: 28-42 | D14: =IFERROR(INDEX(Positions!$D$2:$D$14531,MATCH($A14&"|28",Positions!$A$2:$A$14531,0)),"-") -> 30 | E14: =IFERROR(INDEX(Positions!$D$2:$D$14531,MATCH($A14&"|42",Positions!$A$2:$A$14531,0)),"-") -> 44 | F14: =IFERROR(INDEX(Positions!$E$2:$E$14531,MATCH($A14&"|28",Positions!$A$2:$A$14531,0)),"-") -> C | G14: =IFERROR(INDEX(Positions!$E$2:$E$14531,MATCH($A14&"|42",Positions!$A$2:$A$14531,0)),"-") -> G | H14: =F14&"-"&G14 -> C-G | I14: =(F14="G")+(G14="G") -> 1 | J14: =(F14="C")+(G14="C") -> 1 | K14: =I14+J14 -> 2
A15: tdbR00000589 Arg-UCU | B15: Anticodon stem | C15: 29-41 | D15: =IFERROR(INDEX(Positions!$D$2:$D$14531,MATCH($A15&"|29",Positions!$A$2:$A$14531,0)),"-") -> 31 | E15: =IFERROR(INDEX(Positions!$D$2:$D$14531,MATCH($A15&"|41",Positions!$A$2:$A$14531,0)),"-") -> 43 | F15: =IFERROR(INDEX(Positions!$E$2:$E$14531,MATCH($A15&"|29",Positions!$A$2:$A$14531,0)),"-") -> G | G15: =IFERROR(INDEX(Positions!$E$2:$E$14531,MATCH($A15&"|41",Positions!$A$2:$A$14531,0)),"-") -> C | H15: =F15&"-"&G15 -> G-C | I15: =(F15="G")+(G15="G") -> 1 | J15: =(F15="C")+(G15="C") -> 1 | K15: =I15+J15 -> 2
A16: tdbR00000589 Arg-UCU | B16: Anticodon stem | C16: 30-40 | D16: =IFERROR(INDEX(Positions!$D$2:$D$14531,MATCH($A16&"|30",Positions!$A$2:$A$14531,0)),"-") -> 32 | E16: =IFERROR(INDEX(Positions!$D$2:$D$14531,MATCH($A16&"|40",Positions!$A$2:$A$14531,0)),"-") -> 42 | F16: =IFERROR(INDEX(Positions!$E$2:$E$14531,MATCH($A16&"|30",Positions!$A$2:$A$14531,0)),"-") -> G | G16: =IFERROR(INDEX(Positions!$E$2:$E$14531,MATCH($A16&"|40",Positions!$A$2:$A$14531,0)),"-") -> C | H16: =F16&"-"&G16 -> G-C | I16: =(F16="G")+(G16="G") -> 1 | J16: =(F16="C")+(G16="C") -> 1 | K16: =I16+J16 -> 2
A17: tdbR00000589 Arg-UCU | B17: Anticodon stem | C17: 31-39 | D17: =IFERROR(INDEX(Positions!$D$2:$D$14531,MATCH($A17&"|31",Positions!$A$2:$A$14531,0)),"-") -> 33 | E17: =IFERROR(INDEX(Positions!$D$2:$D$14531,MATCH($A17&"|39",Positions!$A$2:$A$14531,0)),"-") -> 41 | F17: =IFERROR(INDEX(Positions!$E$2:$E$14531,MATCH($A17&"|31",Positions!$A$2:$A$14531,0)),"-") -> C | G17: =IFERROR(INDEX(Positions!$E$2:$E$14531,MATCH($A17&"|39",Positions!$A$2:$A$14531,0)),"-") -> G | H17: =F17&"-"&G17 -> C-G | I17: =(F17="G")+(G17="G") -> 1 | J17: =(F17="C")+(G17="C") -> 1 | K17: =I17+J17 -> 2
A18: tdbR00000589 Arg-UCU | B18: T-stem | C18: 49-65 | D18: =IFERROR(INDEX(Positions!$D$2:$D$14531,MATCH($A18&"|49",Positions!$A$2:$A$14531,0)),"-") -> 51 | E18: =IFERROR(INDEX(Positions!$D$2:$D$14531,MATCH($A18&"|65",Positions!$A$2:$A$14531,0)),"-") -> 67 | F18: =IFERROR(INDEX(Positions!$E$2:$E$14531,MATCH($A18&"|49",Positions!$A$2:$A$14531,0)),"-") -> C | G18: =IFERROR(INDEX(Positions!$E$2:$E$14531,MATCH($A18&"|65",Positions!$A$2:$A$14531,0)),"-") -> G | H18: =F18&"-"&G18 -> C-G | I18: =(F18="G")+(G18="G") -> 1 | J18: =(F18="C")+(G18="C") -> 1 | K18: =I18+J18 -> 2
A19: tdbR00000589 Arg-UCU | B19: T-stem | C19: 50-64 | D19: =IFERROR(INDEX(Positions!$D$2:$D$14531,MATCH($A19&"|50",Positions!$A$2:$A$14531,0)),"-") -> 52 | E19: =IFERROR(INDEX(Positions!$D$2:$D$14531,MATCH($A19&"|64",Positions!$A$2:$A$14531,0)),"-") -> 66 | F19: =IFERROR(INDEX(Positions!$E$2:$E$14531,MATCH($A19&"|50",Positions!$A$2:$A$14531,0)),"-") -> C | G19: =IFERROR(INDEX(Positions!$E$2:$E$14531,MATCH($A19&"|64",Positions!$A$2:$A$14531,0)),"-") -> G | H19: =F19&"-"&G19 -> C-G | I19: =(F19="G")+(G19="G") -> 1 | J19: =(F19="C")+(G19="C") -> 1 | K19: =I19+J19 -> 2
A20: tdbR00000589 Arg-UCU | B20: T-stem | C20: 51-63 | D20: =IFERROR(INDEX(Positions!$D$2:$D$14531,MATCH($A20&"|51",Positions!$A$2:$A$14531,0)),"-") -> 53 | E20: =IFERROR(INDEX(Positions!$D$2:$D$14531,MATCH($A20&"|63",Positions!$A$2:$A$14531,0)),"-") -> 65 | F20: =IFERROR(INDEX(Positions!$E$2:$E$14531,MATCH($A20&"|51",Positions!$A$2:$A$14531,0)),"-") -> G | G20: =IFERROR(INDEX(Positions!$E$2:$E$14531,MATCH($A20&"|63",Positions!$A$2:$A$14531,0)),"-") -> C | H20: =F20&"-"&G20 -> G-C | I20: =(F20="G")+(G20="G") -> 1 | J20: =(F20="C")+(G20="C") -> 1 | K20: =I20+J20 -> 2
A21: tdbR00000589 Arg-UCU | B21: T-stem | C21: 52-62 | D21: =IFERROR(INDEX(Positions!$D$2:$D$14531,MATCH($A21&"|52",Positions!$A$2:$A$14531,0)),"-") -> 54 | E21: =IFERROR(INDEX(Positions!$D$2:$D$14531,MATCH($A21&"|62",Positions!$A$2:$A$14531,0)),"-") -> 64 | F21: =IFERROR(INDEX(Positions!$E$2:$E$14531,MATCH($A21&"|52",Positions!$A$2:$A$14531,0)),"-") -> G | G21: =IFERROR(INDEX(Positions!$E$2:$E$14531,MATCH($A21&"|62",Positions!$A$2:$A$14531,0)),"-") -> C | H21: =F21&"-"&G21 -> G-C | I21: =(F21="G")+(G21="G") -> 1 | J21: =(F21="C")+(G21="C") -> 1 | K21: =I21+J21 -> 2
A22: tdbR00000589 Arg-UCU | B22: T-stem | C22: 53-61 | D22: =IFERROR(INDEX(Positions!$D$2:$D$14531,MATCH($A22&"|53",Positions!$A$2:$A$14531,0)),"-") -> 55 | E22: =IFERROR(INDEX(Positions!$D$2:$D$14531,MATCH($A22&"|61",Positions!$A$2:$A$14531,0)),"-") -> 63 | F22: =IFERROR(INDEX(Positions!$E$2:$E$14531,MATCH($A22&"|53",Positions!$A$2:$A$14531,0)),"-") -> G | G22: =IFERROR(INDEX(Positions!$E$2:$E$14531,MATCH($A22&"|61",Positions!$A$2:$A$14531,0)),"-") -> C | H22: =F22&"-"&G22 -> G-C | I22: =(F22="G")+(G22="G") -> 1 | J22: =(F22="C")+(G22="C") -> 1 | K22: =I22+J22 -> 2
A23: tdbR00000589 Arg-UCU | B23: 3D (tertiary) BP | C23: 8-14 | D23: =IFERROR(INDEX(Positions!$D$2:$D$14531,MATCH($A23&"|8",Positions!$A$2:$A$14531,0)),"-") -> 8 | E23: =IFERROR(INDEX(Positions!$D$2:$D$14531,MATCH($A23&"|14",Positions!$A$2:$A$14531,0)),"-") -> 14 | F23: =IFERROR(INDEX(Positions!$E$2:$E$14531,MATCH($A23&"|8",Positions!$A$2:$A$14531,0)),"-") -> U | G23: =IFERROR(INDEX(Positions!$E$2:$E$14531,MATCH($A23&"|14",Positions!$A$2:$A$14531,0)),"-") -> A | H23: =F23&"-"&G23 -> U-A | I23: =(F23="G")+(G23="G") -> 0 | J23: =(F23="C")+(G23="C") -> 0 | K23: =I23+J23 -> 0
A24: tdbR00000589 Arg-UCU | B24: 3D (tertiary) BP | C24: 15-48 | D24: =IFERROR(INDEX(Positions!$D$2:$D$14531,MATCH($A24&"|15",Positions!$A$2:$A$14531,0)),"-") -> 15 | E24: =IFERROR(INDEX(Positions!$D$2:$D$14531,MATCH($A24&"|48",Positions!$A$2:$A$14531,0)),"-") -> 50 | F24: =IFERROR(INDEX(Positions!$E$2:$E$14531,MATCH($A24&"|15",Positions!$A$2:$A$14531,0)),"-") -> G | G24: =IFERROR(INDEX(Positions!$E$2:$E$14531,MATCH($A24&"|48",Positions!$A$2:$A$14531,0)),"-") -> G | H24: =F24&"-"&G24 -> G-G | I24: =(F24="G")+(G24="G") -> 2 | J24: =(F24="C")+(G24="C") -> 0 | K24: =I24+J24 -> 2
A25: tdbR00000589 Arg-UCU | B25: 3D (tertiary) BP | C25: 18-55 | D25: =IFERROR(INDEX(Positions!$D$2:$D$14531,MATCH($A25&"|18",Positions!$A$2:$A$14531,0)),"-") -> 19 | E25: =IFERROR(INDEX(Positions!$D$2:$D$14531,MATCH($A25&"|55",Positions!$A$2:$A$14531,0)),"-") -> 57 | F25: =IFERROR(INDEX(Positions!$E$2:$E$14531,MATCH($A25&"|18",Positions!$A$2:$A$14531,0)),"-") -> G | G25: =IFERROR(INDEX(Positions!$E$2:$E$14531,MATCH($A25&"|55",Positions!$A$2:$A$14531,0)),"-") -> U | H25: =F25&"-"&G25 -> G-U | I25: =(F25="G")+(G25="G") -> 1 | J25: =(F25="C")+(G25="C") -> 0 | K25: =I25+J25 -> 1
A26: tdbR00000589 Arg-UCU | B26: 3D (tertiary) BP | C26: 19-56 | D26: =IFERROR(INDEX(Positions!$D$2:$D$14531,MATCH($A26&"|19",Positions!$A$2:$A$14531,0)),"-") -> 20 | E26: =IFERROR(INDEX(Positions!$D$2:$D$14531,MATCH($A26&"|56",Positions!$A$2:$A$14531,0)),"-") -> 58 | F26: =IFERROR(INDEX(Positions!$E$2:$E$14531,MATCH($A26&"|19",Positions!$A$2:$A$14531,0)),"-") -> G | G26: =IFERROR(INDEX(Positions!$E$2:$E$14531,MATCH($A26&"|56",Positions!$A$2:$A$14531,0)),"-") -> C | H26: =F26&"-"&G26 -> G-C | I26: =(F26="G")+(G26="G") -> 1 | J26: =(F26="C")+(G26="C") -> 1 | K26: =I26+J26 -> 2
A27: tdbR00000589 Arg-UCU | B27: 3D (tertiary) BP | C27: 26-44 | D27: =IFERROR(INDEX(Positions!$D$2:$D$14531,MATCH($A27&"|26",Positions!$A$2:$A$14531,0)),"-") -> 28 | E27: =IFERROR(INDEX(Positions!$D$2:$D$14531,MATCH($A27&"|44",Positions!$A$2:$A$14531,0)),"-") -> 46 | F27: =IFERROR(INDEX(Positions!$E$2:$E$14531,MATCH($A27&"|26",Positions!$A$2:$A$14531,0)),"-") -> G | G27: =IFERROR(INDEX(Positions!$E$2:$E$14531,MATCH($A27&"|44",Positions!$A$2:$A$14531,0)),"-") -> U | H27: =F27&"-"&G27 -> G-U | I27: =(F27="G")+(G27="G") -> 1 | J27: =(F27="C")+(G27="C") -> 0 | K27: =I27+J27 -> 1
A28: tdbR00000589 Arg-UCU | B28: 3D (tertiary) BP | C28: 32-38 | D28: =IFERROR(INDEX(Positions!$D$2:$D$14531,MATCH($A28&"|32",Positions!$A$2:$A$14531,0)),"-") -> 34 | E28: =IFERROR(INDEX(Positions!$D$2:$D$14531,MATCH($A28&"|38",Positions!$A$2:$A$14531,0)),"-") -> 40 | F28: =IFERROR(INDEX(Positions!$E$2:$E$14531,MATCH($A28&"|32",Positions!$A$2:$A$14531,0)),"-") -> C | G28: =IFERROR(INDEX(Positions!$E$2:$E$14531,MATCH($A28&"|38",Positions!$A$2:$A$14531,0)),"-") -> A | H28: =F28&"-"&G28 -> C-A | I28: =(F28="G")+(G28="G") -> 0 | J28: =(F28="C")+(G28="C") -> 1 | K28: =I28+J28 -> 1
A29: tdbR00000589 Arg-UCU | B29: 3D (tertiary) BP | C29: 54-58 | D29: =IFERROR(INDEX(Positions!$D$2:$D$14531,MATCH($A29&"|54",Positions!$A$2:$A$14531,0)),"-") -> 56 | E29: =IFERROR(INDEX(Positions!$D$2:$D$14531,MATCH($A29&"|58",Positions!$A$2:$A$14531,0)),"-") -> 60 | F29: =IFERROR(INDEX(Positions!$E$2:$E$14531,MATCH($A29&"|54",Positions!$A$2:$A$14531,0)),"-") -> U | G29: =IFERROR(INDEX(Positions!$E$2:$E$14531,MATCH($A29&"|58",Positions!$A$2:$A$14531,0)),"-") -> A | H29: =F29&"-"&G29 -> U-A | I29: =(F29="G")+(G29="G") -> 0 | J29: =(F29="C")+(G29="C") -> 0 | K29: =I29+J29 -> 0
A30: tdbR00000588 Asp-GUC | B30: Acceptor stem | C30: 1-72 | D30: =IFERROR(INDEX(Positions!$D$2:$D$14531,MATCH($A30&"|1",Positions!$A$2:$A$14531,0)),"-") -> 1 | E30: =IFERROR(INDEX(Positions!$D$2:$D$14531,MATCH($A30&"|72",Positions!$A$2:$A$14531,0)),"-") -> 74 | F30: =IFERROR(INDEX(Positions!$E$2:$E$14531,MATCH($A30&"|1",Positions!$A$2:$A$14531,0)),"-") -> G | G30: =IFERROR(INDEX(Positions!$E$2:$E$14531,MATCH($A30&"|72",Positions!$A$2:$A$14531,0)),"-") -> C | H30: =F30&"-"&G30 -> G-C | I30: =(F30="G")+(G30="G") -> 1 | J30: =(F30="C")+(G30="C") -> 1 | K30: =I30+J30 -> 2
A31: tdbR00000588 Asp-GUC | B31: Acceptor stem | C31: 2-71 | D31: =IFERROR(INDEX(Positions!$D$2:$D$14531,MATCH($A31&"|2",Positions!$A$2:$A$14531,0)),"-") -> 2 | E31: =IFERROR(INDEX(Positions!$D$2:$D$14531,MATCH($A31&"|71",Positions!$A$2:$A$14531,0)),"-") -> 73 | F31: =IFERROR(INDEX(Positions!$E$2:$E$14531,MATCH($A31&"|2",Positions!$A$2:$A$14531,0)),"-") -> C | G31: =IFERROR(INDEX(Positions!$E$2:$E$14531,MATCH($A31&"|71",Positions!$A$2:$A$14531,0)),"-") -> G | H31: =F31&"-"&G31 -> C-G | I31: =(F31="G")+(G31="G") -> 1 | J31: =(F31="C")+(G31="C") -> 1 | K31: =I31+J31 -> 2
A32: tdbR00000588 Asp-GUC | B32: Acceptor stem | C32: 3-70 | D32: =IFERROR(INDEX(Positions!$D$2:$D$14531,MATCH($A32&"|3",Positions!$A$2:$A$14531,0)),"-") -> 3 | E32: =IFERROR(INDEX(Positions!$D$2:$D$14531,MATCH($A32&"|70",Positions!$A$2:$A$14531,0)),"-") -> 72 | F32: =IFERROR(INDEX(Positions!$E$2:$E$14531,MATCH($A32&"|3",Positions!$A$2:$A$14531,0)),"-") -> C | G32: =IFERROR(INDEX(Positions!$E$2:$E$14531,MATCH($A32&"|70",Positions!$A$2:$A$14531,0)),"-") -> G | H32: =F32&"-"&G32 -> C-G | I32: =(F32="G")+(G32="G") -> 1 | J32: =(F32="C")+(G32="C") -> 1 | K32: =I32+J32 -> 2
A33: tdbR00000588 Asp-GUC | B33: Acceptor stem | C33: 4-69 | D33: =IFERROR(INDEX(Positions!$D$2:$D$14531,MATCH($A33&"|4",Positions!$A$2:$A$14531,0)),"-") -> 4 | E33: =IFERROR(INDEX(Positions!$D$2:$D$14531,MATCH($A33&"|69",Positions!$A$2:$A$14531,0)),"-") -> 71 | F33: =IFERROR(INDEX(Positions!$E$2:$E$14531,MATCH($A33&"|4",Positions!$A$2:$A$14531,0)),"-") -> G | G33: =IFERROR(INDEX(Positions!$E$2:$E$14531,MATCH($A33&"|69",Positions!$A$2:$A$14531,0)),"-") -> C | H33: =F33&"-"&G33 -> G-C | I33: =(F33="G")+(G33="G") -> 1 | J33: =(F33="C")+(G33="C") -> 1 | K33: =I33+J33 -> 2
A34: tdbR00000588 Asp-GUC | B34: Acceptor stem | C34: 5-68 | D34: =IFERROR(INDEX(Positions!$D$2:$D$14531,MATCH($A34&"|5",Positions!$A$2:$A$14531,0)),"-") -> 5 | E34: =IFERROR(INDEX(Positions!$D$2:$D$14531,MATCH($A34&"|68",Positions!$A$2:$A$14531,0)),"-") -> 70 | F34: =IFERROR(INDEX(Positions!$E$2:$E$14531,MATCH($A34&"|5",Positions!$A$2:$A$14531,0)),"-") -> C | G34: =IFERROR(INDEX(Positions!$E$2:$E$14531,MATCH($A34&"|68",Positions!$A$2:$A$14531,0)),"-") -> G | H34: =F34&"-"&G34 -> C-G | I34: =(F34="G")+(G34="G") -> 1 | J34: =(F34="C")+(G34="C") -> 1 | K34: =I34+J34 -> 2
A35: tdbR00000588 Asp-GUC | B35: Acceptor stem | C35: 6-67 | D35: =IFERROR(INDEX(Positions!$D$2:$D$14531,MATCH($A35&"|6",Positions!$A$2:$A$14531,0)),"-") -> 6 | E35: =IFERROR(INDEX(Positions!$D$2:$D$14531,MATCH($A35&"|67",Positions!$A$2:$A$14531,0)),"-") -> 69 | F35: =IFERROR(INDEX(Positions!$E$2:$E$14531,MATCH($A35&"|6",Positions!$A$2:$A$14531,0)),"-") -> G | G35: =IFERROR(INDEX(Positions!$E$2:$E$14531,MATCH($A35&"|67",Positions!$A$2:$A$14531,0)),"-") -> C | H35: =F35&"-"&G35 -> G-C | I35: =(F35="G")+(G35="G") -> 1 | J35: =(F35="C")+(G35="C") -> 1 | K35: =I35+J35 -> 2
A36: tdbR00000588 Asp-GUC | B36: Acceptor stem | C36: 7-66 | D36: =IFERROR(INDEX(Positions!$D$2:$D$14531,MATCH($A36&"|7",Positions!$A$2:$A$14531,0)),"-") -> 7 | E36: =IFERROR(INDEX(Positions!$D$2:$D$14531,MATCH($A36&"|66",Positions!$A$2:$A$14531,0)),"-") -> 68 | F36: =IFERROR(INDEX(Positions!$E$2:$E$14531,MATCH($A36&"|7",Positions!$A$2:$A$14531,0)),"-") -> G | G36: =IFERROR(INDEX(Positions!$E$2:$E$14531,MATCH($A36&"|66",Positions!$A$2:$A$14531,0)),"-") -> C | H36: =F36&"-"&G36 -> G-C | I36: =(F36="G")+(G36="G") -> 1 | J36: =(F36="C")+(G36="C") -> 1 | K36: =I36+J36 -> 2
A37: tdbR00000588 Asp-GUC | B37: D-stem | C37: 10-25 | D37: =IFERROR(INDEX(Positions!$D$2:$D$14531,MATCH($A37&"|10",Positions!$A$2:$A$14531,0)),"-") -> 10 | E37: =IFERROR(INDEX(Positions!$D$2:$D$14531,MATCH($A37&"|25",Positions!$A$2:$A$14531,0)),"-") -> 28 | F37: =IFERROR(INDEX(Positions!$E$2:$E$14531,MATCH($A37&"|10",Positions!$A$2:$A$14531,0)),"-") -> G | G37: =IFERROR(INDEX(Positions!$E$2:$E$14531,MATCH($A37&"|25",Positions!$A$2:$A$14531,0)),"-") -> U | H37: =F37&"-"&G37 -> G-U | I37: =(F37="G")+(G37="G") -> 1 | J37: =(F37="C")+(G37="C") -> 0 | K37: =I37+J37 -> 1
A38: tdbR00000588 Asp-GUC | B38: D-stem | C38: 11-24 | D38: =IFERROR(INDEX(Positions!$D$2:$D$14531,MATCH($A38&"|11",Positions!$A$2:$A$14531,0)),"-") -> 11 | E38: =IFERROR(INDEX(Positions!$D$2:$D$14531,MATCH($A38&"|24",Positions!$A$2:$A$14531,0)),"-") -> 27 | F38: =IFERROR(INDEX(Positions!$E$2:$E$14531,MATCH($A38&"|11",Positions!$A$2:$A$14531,0)),"-") -> U | G38: =IFERROR(INDEX(Positions!$E$2:$E$14531,MATCH($A38&"|24",Positions!$A$2:$A$14531,0)),"-") -> A | H38: =F38&"-"&G38 -> U-A | I38: =(F38="G")+(G38="G") -> 0 | J38: =(F38="C")+(G38="C") -> 0 | K38: =I38+J38 -> 0
A39: tdbR00000588 Asp-GUC | B39: D-stem | C39: 12-23 | D39: =IFERROR(INDEX(Positions!$D$2:$D$14531,MATCH($A39&"|12",Positions!$A$2:$A$14531,0)),"-") -> 12 | E39: =IFERROR(INDEX(Positions!$D$2:$D$14531,MATCH($A39&"|23",Positions!$A$2:$A$14531,0)),"-") -> 26 | F39: =IFERROR(INDEX(Positions!$E$2:$E$14531,MATCH($A39&"|12",Positions!$A$2:$A$14531,0)),"-") -> A | G39: =IFERROR(INDEX(Positions!$E$2:$E$14531,MATCH($A39&"|23",Positions!$A$2:$A$14531,0)),"-") -> U | H39: =F39&"-"&G39 -> A-U | I39: =(F39="G")+(G39="G") -> 0 | J39: =(F39="C")+(G39="C") -> 0 | K39: =I39+J39 -> 0
A40: tdbR00000588 Asp-GUC | B40: D-stem | C40: 13-22 | D40: =IFERROR(INDEX(Positions!$D$2:$D$14531,MATCH($A40&"|13",Positions!$A$2:$A$14531,0)),"-") -> 13 | E40: =IFERROR(INDEX(Positions!$D$2:$D$14531,MATCH($A40&"|22",Positions!$A$2:$A$14531,0)),"-") -> 25 | F40: =IFERROR(INDEX(Positions!$E$2:$E$14531,MATCH($A40&"|13",Positions!$A$2:$A$14531,0)),"-") -> U | G40: =IFERROR(INDEX(Positions!$E$2:$E$14531,MATCH($A40&"|22",Positions!$A$2:$A$14531,0)),"-") -> G | H40: =F40&"-"&G40 -> U-G | I40: =(F40="G")+(G40="G") -> 1 | J40: =(F40="C")+(G40="C") -> 0 | K40: =I40+J40 -> 1
A41: tdbR00000588 Asp-GUC | B41: Anticodon stem | C41: 27-43 | D41: =IFERROR(INDEX(Positions!$D$2:$D$14531,MATCH($A41&"|27",Positions!$A$2:$A$14531,0)),"-") -> 30 | E41: =IFERROR(INDEX(Positions!$D$2:$D$14531,MATCH($A41&"|43",Positions!$A$2:$A$14531,0)),"-") -> 46 | F41: =IFERROR(INDEX(Positions!$E$2:$E$14531,MATCH($A41&"|27",Positions!$A$2:$A$14531,0)),"-") -> C | G41: =IFERROR(INDEX(Positions!$E$2:$E$14531,MATCH($A41&"|43",Positions!$A$2:$A$14531,0)),"-") -> G | H41: =F41&"-"&G41 -> C-G | I41: =(F41="G")+(G41="G") -> 1 | J41: =(F41="C")+(G41="C") -> 1 | K41: =I41+J41 -> 2
A42: tdbR00000588 Asp-GUC | B42: Anticodon stem | C42: 28-42 | D42: =IFERROR(INDEX(Positions!$D$2:$D$14531,MATCH($A42&"|28",Positions!$A$2:$A$14531,0)),"-") -> 31 | E42: =IFERROR(INDEX(Positions!$D$2:$D$14531,MATCH($A42&"|42",Positions!$A$2:$A$14531,0)),"-") -> 45 | F42: =IFERROR(INDEX(Positions!$E$2:$E$14531,MATCH($A42&"|28",Positions!$A$2:$A$14531,0)),"-") -> G | G42: =IFERROR(INDEX(Positions!$E$2:$E$14531,MATCH($A42&"|42",Positions!$A$2:$A$14531,0)),"-") -> C | H42: =F42&"-"&G42 -> G-C | I42: =(F42="G")+(G42="G") -> 1 | J42: =(F42="C")+(G42="C") -> 1 | K42: =I42+J42 -> 2
A43: tdbR00000588 Asp-GUC | B43: Anticodon stem | C43: 29-41 | D43: =IFERROR(INDEX(Positions!$D$2:$D$14531,MATCH($A43&"|29",Positions!$A$2:$A$14531,0)),"-") -> 32 | E43: =IFERROR(INDEX(Positions!$D$2:$D$14531,MATCH($A43&"|41",Positions!$A$2:$A$14531,0)),"-") -> 44 | F43: =IFERROR(INDEX(Positions!$E$2:$E$14531,MATCH($A43&"|29",Positions!$A$2:$A$14531,0)),"-") -> G | G43: =IFERROR(INDEX(Positions!$E$2:$E$14531,MATCH($A43&"|41",Positions!$A$2:$A$14531,0)),"-") -> C | H43: =F43&"-"&G43 -> G-C | I43: =(F43="G")+(G43="G") -> 1 | J43: =(F43="C")+(G43="C") -> 1 | K43: =I43+J43 -> 2
A44: tdbR00000588 Asp-GUC | B44: Anticodon stem | C44: 30-40 | D44: =IFERROR(INDEX(Positions!$D$2:$D$14531,MATCH($A44&"|30",Positions!$A$2:$A$14531,0)),"-") -> 33 | E44: =IFERROR(INDEX(Positions!$D$2:$D$14531,MATCH($A44&"|40",Positions!$A$2:$A$14531,0)),"-") -> 43 | F44: =IFERROR(INDEX(Positions!$E$2:$E$14531,MATCH($A44&"|30",Positions!$A$2:$A$14531,0)),"-") -> G | G44: =IFERROR(INDEX(Positions!$E$2:$E$14531,MATCH($A44&"|40",Positions!$A$2:$A$14531,0)),"-") -> C | H44: =F44&"-"&G44 -> G-C | I44: =(F44="G")+(G44="G") -> 1 | J44: =(F44="C")+(G44="C") -> 1 | K44: =I44+J44 -> 2
A45: tdbR00000588 Asp-GUC | B45: Anticodon stem | C45: 31-39 | D45: =IFERROR(INDEX(Positions!$D$2:$D$14531,MATCH($A45&"|31",Positions!$A$2:$A$14531,0)),"-") -> 34 | E45: =IFERROR(INDEX(Positions!$D$2:$D$14531,MATCH($A45&"|39",Positions!$A$2:$A$14531,0)),"-") -> 42 | F45: =IFERROR(INDEX(Positions!$E$2:$E$14531,MATCH($A45&"|31",Positions!$A$2:$A$14531,0)),"-") -> C | G45: =IFERROR(INDEX(Positions!$E$2:$E$14531,MATCH($A45&"|39",Positions!$A$2:$A$14531,0)),"-") -> G | H45: =F45&"-"&G45 -> C-G | I45: =(F45="G")+(G45="G") -> 1 | J45: =(F45="C")+(G45="C") -> 1 | K45: =I45+J45 -> 2
A46: tdbR00000588 Asp-GUC | B46: T-stem | C46: 49-65 | D46: =IFERROR(INDEX(Positions!$D$2:$D$14531,MATCH($A46&"|49",Positions!$A$2:$A$14531,0)),"-") -> 51 | E46: =IFERROR(INDEX(Positions!$D$2:$D$14531,MATCH($A46&"|65",Positions!$A$2:$A$14531,0)),"-") -> 67 | F46: =IFERROR(INDEX(Positions!$E$2:$E$14531,MATCH($A46&"|49",Positions!$A$2:$A$14531,0)),"-") -> C | G46: =IFERROR(INDEX(Positions!$E$2:$E$14531,MATCH($A46&"|65",Positions!$A$2:$A$14531,0)),"-") -> G | H46: =F46&"-"&G46 -> C-G | I46: =(F46="G")+(G46="G") -> 1 | J46: =(F46="C")+(G46="C") -> 1 | K46: =I46+J46 -> 2
A47: tdbR00000588 Asp-GUC | B47: T-stem | C47: 50-64 | D47: =IFERROR(INDEX(Positions!$D$2:$D$14531,MATCH($A47&"|50",Positions!$A$2:$A$14531,0)),"-") -> 52 | E47: =IFERROR(INDEX(Positions!$D$2:$D$14531,MATCH($A47&"|64",Positions!$A$2:$A$14531,0)),"-") -> 66 | F47: =IFERROR(INDEX(Positions!$E$2:$E$14531,MATCH($A47&"|50",Positions!$A$2:$A$14531,0)),"-") -> C | G47: =IFERROR(INDEX(Positions!$E$2:$E$14531,MATCH($A47&"|64",Positions!$A$2:$A$14531,0)),"-") -> G | H47: =F47&"-"&G47 -> C-G | I47: =(F47="G")+(G47="G") -> 1 | J47: =(F47="C")+(G47="C") -> 1 | K47: =I47+J47 -> 2
A48: tdbR00000588 Asp-GUC | B48: T-stem | C48: 51-63 | D48: =IFERROR(INDEX(Positions!$D$2:$D$14531,MATCH($A48&"|51",Positions!$A$2:$A$14531,0)),"-") -> 53 | E48: =IFERROR(INDEX(Positions!$D$2:$D$14531,MATCH($A48&"|63",Positions!$A$2:$A$14531,0)),"-") -> 65 | F48: =IFERROR(INDEX(Positions!$E$2:$E$14531,MATCH($A48&"|51",Positions!$A$2:$A$14531,0)),"-") -> G | G48: =IFERROR(INDEX(Positions!$E$2:$E$14531,MATCH($A48&"|63",Positions!$A$2:$A$14531,0)),"-") -> C | H48: =F48&"-"&G48 -> G-C | I48: =(F48="G")+(G48="G") -> 1 | J48: =(F48="C")+(G48="C") -> 1 | K48: =I48+J48 -> 2
A49: tdbR00000588 Asp-GUC | B49: T-stem | C49: 52-62 | D49: =IFERROR(INDEX(Positions!$D$2:$D$14531,MATCH($A49&"|52",Positions!$A$2:$A$14531,0)),"-") -> 54 | E49: =IFERROR(INDEX(Positions!$D$2:$D$14531,MATCH($A49&"|62",Positions!$A$2:$A$14531,0)),"-") -> 64 | F49: =IFERROR(INDEX(Positions!$E$2:$E$14531,MATCH($A49&"|52",Positions!$A$2:$A$14531,0)),"-") -> G | G49: =IFERROR(INDEX(Positions!$E$2:$E$14531,MATCH($A49&"|62",Positions!$A$2:$A$14531,0)),"-") -> C | H49: =F49&"-"&G49 -> G-C | I49: =(F49="G")+(G49="G") -> 1 | J49: =(F49="C")+(G49="C") -> 1 | K49: =I49+J49 -> 2
A50: tdbR00000588 Asp-GUC | B50: T-stem | C50: 53-61 | D50: =IFERROR(INDEX(Positions!$D$2:$D$14531,MATCH($A50&"|53",Positions!$A$2:$A$14531,0)),"-") -> 55 | E50: =IFERROR(INDEX(Positions!$D$2:$D$14531,MATCH($A50&"|61",Positions!$A$2:$A$14531,0)),"-") -> 63 | F50: =IFERROR(INDEX(Positions!$E$2:$E$14531,MATCH($A50&"|53",Positions!$A$2:$A$14531,0)),"-") -> G | G50: =IFERROR(INDEX(Positions!$E$2:$E$14531,MATCH($A50&"|61",Positions!$A$2:$A$14531,0)),"-") -> C | H50: =F50&"-"&G50 -> G-C | I50: =(F50="G")+(G50="G") -> 1 | J50: =(F50="C")+(G50="C") -> 1 | K50: =I50+J50 -> 2
A51: tdbR00000588 Asp-GUC | B51: 3D (tertiary) BP | C51: 8-14 | D51: =IFERROR(INDEX(Positions!$D$2:$D$14531,MATCH($A51&"|8",Positions!$A$2:$A$14531,0)),"-") -> 8 | E51: =IFERROR(INDEX(Positions!$D$2:$D$14531,MATCH($A51&"|14",Positions!$A$2:$A$14531,0)),"-") -> 14 | F51: =IFERROR(INDEX(Positions!$E$2:$E$14531,MATCH($A51&"|8",Positions!$A$2:$A$14531,0)),"-") -> U | G51: =IFERROR(INDEX(Positions!$E$2:$E$14531,MATCH($A51&"|14",Positions!$A$2:$A$14531,0)),"-") -> A | H51: =F51&"-"&G51 -> U-A | I51: =(F51="G")+(G51="G") -> 0 | J51: =(F51="C")+(G51="C") -> 0 | K51: =I51+J51 -> 0
A52: tdbR00000588 Asp-GUC | B52: 3D (tertiary) BP | C52: 15-48 | D52: =IFERROR(INDEX(Positions!$D$2:$D$14531,MATCH($A52&"|15",Positions!$A$2:$A$14531,0)),"-") -> 15 | E52: =IFERROR(INDEX(Positions!$D$2:$D$14531,MATCH($A52&"|48",Positions!$A$2:$A$14531,0)),"-") -> 50 | F52: =IFERROR(INDEX(Positions!$E$2:$E$14531,MATCH($A52&"|15",Positions!$A$2:$A$14531,0)),"-") -> G | G52: =IFERROR(INDEX(Positions!$E$2:$E$14531,MATCH($A52&"|48",Positions!$A$2:$A$14531,0)),"-") -> C | H52: =F52&"-"&G52 -> G-C | I52: =(F52="G")+(G52="G") -> 1 | J52: =(F52="C")+(G52="C") -> 1 | K52: =I52+J52 -> 2
A53: tdbR00000588 Asp-GUC | B53: 3D (tertiary) BP | C53: 18-55 | D53: =IFERROR(INDEX(Positions!$D$2:$D$14531,MATCH($A53&"|18",Positions!$A$2:$A$14531,0)),"-") -> 19 | E53: =IFERROR(INDEX(Positions!$D$2:$D$14531,MATCH($A53&"|55",Positions!$A$2:$A$14531,0)),"-") -> 57 | F53: =IFERROR(INDEX(Positions!$E$2:$E$14531,MATCH($A53&"|18",Positions!$A$2:$A$14531,0)),"-") -> G | G53: =IFERROR(INDEX(Positions!$E$2:$E$14531,MATCH($A53&"|55",Positions!$A$2:$A$14531,0)),"-") -> U | H53: =F53&"-"&G53 -> G-U | I53: =(F53="G")+(G53="G") -> 1 | J53: =(F53="C")+(G53="C") -> 0 | K53: =I53+J53 -> 1
A54: tdbR00000588 Asp-GUC | B54: 3D (tertiary) BP | C54: 19-56 | D54: =IFERROR(INDEX(Positions!$D$2:$D$14531,MATCH($A54&"|19",Positions!$A$2:$A$14531,0)),"-") -> 20 | E54: =IFERROR(INDEX(Positions!$D$2:$D$14531,MATCH($A54&"|56",Positions!$A$2:$A$14531,0)),"-") -> 58 | F54: =IFERROR(INDEX(Positions!$E$2:$E$14531,MATCH($A54&"|19",Positions!$A$2:$A$14531,0)),"-") -> G | G54: =IFERROR(INDEX(Positions!$E$2:$E$14531,MATCH($A54&"|56",Positions!$A$2:$A$14531,0)),"-") -> C | H54: =F54&"-"&G54 -> G-C | I54: =(F54="G")+(G54="G") -> 1 | J54: =(F54="C")+(G54="C") -> 1 | K54: =I54+J54 -> 2
A55: tdbR00000588 Asp-GUC | B55: 3D (tertiary) BP | C55: 26-44 | D55: =IFERROR(INDEX(Positions!$D$2:$D$14531,MATCH($A55&"|26",Positions!$A$2:$A$14531,0)),"-") -> 29 | E55: =IFERROR(INDEX(Positions!$D$2:$D$14531,MATCH($A55&"|44",Positions!$A$2:$A$14531,0)),"-") -> 47 | F55: =IFERROR(INDEX(Positions!$E$2:$E$14531,MATCH($A55&"|26",Positions!$A$2:$A$14531,0)),"-") -> G | G55: =IFERROR(INDEX(Positions!$E$2:$E$14531,MATCH($A55&"|44",Positions!$A$2:$A$14531,0)),"-") -> U | H55: =F55&"-"&G55 -> G-U | I55: =(F55="G")+(G55="G") -> 1 | J55: =(F55="C")+(G55="C") -> 0 | K55: =I55+J55 -> 1
A56: tdbR00000588 Asp-GUC | B56: 3D (tertiary) BP | C56: 32-38 | D56: =IFERROR(INDEX(Positions!$D$2:$D$14531,MATCH($A56&"|32",Positions!$A$2:$A$14531,0)),"-") -> 35 | E56: =IFERROR(INDEX(Positions!$D$2:$D$14531,MATCH($A56&"|38",Positions!$A$2:$A$14531,0)),"-") -> 41 | F56: =IFERROR(INDEX(Positions!$E$2:$E$14531,MATCH($A56&"|32",Positions!$A$2:$A$14531,0)),"-") -> C | G56: =IFERROR(INDEX(Positions!$E$2:$E$14531,MATCH($A56&"|38",Positions!$A$2:$A$14531,0)),"-") -> A | H56: =F56&"-"&G56 -> C-A | I56: =(F56="G")+(G56="G") -> 0 | J56: =(F56="C")+(G56="C") -> 1 | K56: =I56+J56 -> 1
A57: tdbR00000588 Asp-GUC | B57: 3D (tertiary) BP | C57: 54-58 | D57: =IFERROR(INDEX(Positions!$D$2:$D$14531,MATCH($A57&"|54",Positions!$A$2:$A$14531,0)),"-") -> 56 | E57: =IFERROR(INDEX(Positions!$D$2:$D$14531,MATCH($A57&"|58",Positions!$A$2:$A$14531,0)),"-") -> 60 | F57: =IFERROR(INDEX(Positions!$E$2:$E$14531,MATCH($A57&"|54",Positions!$A$2:$A$14531,0)),"-") -> U | G57: =IFERROR(INDEX(Positions!$E$2:$E$14531,MATCH($A57&"|58",Positions!$A$2:$A$14531,0)),"-") -> A | H57: =F57&"-"&G57 -> U-A | I57: =(F57="G")+(G57="G") -> 0 | J57: =(F57="C")+(G57="C") -> 0 | K57: =I57+J57 -> 0
A58: tdbR00000583 Cys-GCA | B58: Acceptor stem | C58: 1-72 | D58: =IFERROR(INDEX(Positions!$D$2:$D$14531,MATCH($A58&"|1",Positions!$A$2:$A$14531,0)),"-") -> 1 | E58: =IFERROR(INDEX(Positions!$D$2:$D$14531,MATCH($A58&"|72",Positions!$A$2:$A$14531,0)),"-") -> 74 | F58: =IFERROR(INDEX(Positions!$E$2:$E$14531,MATCH($A58&"|1",Positions!$A$2:$A$14531,0)),"-") -> G | G58: =IFERROR(INDEX(Positions!$E$2:$E$14531,MATCH($A58&"|72",Positions!$A$2:$A$14531,0)),"-") -> C | H58: =F58&"-"&G58 -> G-C | I58: =(F58="G")+(G58="G") -> 1 | J58: =(F58="C")+(G58="C") -> 1 | K58: =I58+J58 -> 2
A59: tdbR00000583 Cys-GCA | B59: Acceptor stem | C59: 2-71 | D59: =IFERROR(INDEX(Positions!$D$2:$D$14531,MATCH($A59&"|2",Positions!$A$2:$A$14531,0)),"-") -> 2 | E59: =IFERROR(INDEX(Positions!$D$2:$D$14531,MATCH($A59&"|71",Positions!$A$2:$A$14531,0)),"-") -> 73 | F59: =IFERROR(INDEX(Positions!$E$2:$E$14531,MATCH($A59&"|2",Positions!$A$2:$A$14531,0)),"-") -> C | G59: =IFERROR(INDEX(Positions!$E$2:$E$14531,MATCH($A59&"|71",Positions!$A$2:$A$14531,0)),"-") -> G | H59: =F59&"-"&G59 -> C-G | I59: =(F59="G")+(G59="G") -> 1 | J59: =(F59="C")+(G59="C") -> 1 | K59: =I59+J59 -> 2
A60: tdbR00000583 Cys-GCA | B60: Acceptor stem | C60: 3-70 | D60: =IFERROR(INDEX(Positions!$D$2:$D$14531,MATCH($A60&"|3",Positions!$A$2:$A$14531,0)),"-") -> 3 | E60: =IFERROR(INDEX(Positions!$D$2:$D$14531,MATCH($A60&"|70",Positions!$A$2:$A$14531,0)),"-") -> 72 | F60: =IFERROR(INDEX(Positions!$E$2:$E$14531,MATCH($A60&"|3",Positions!$A$2:$A$14531,0)),"-") -> C | G60: =IFERROR(INDEX(Positions!$E$2:$E$14531,MATCH($A60&"|70",Positions!$A$2:$A$14531,0)),"-") -> G | H60: =F60&"-"&G60 -> C-G | I60: =(F60="G")+(G60="G") -> 1 | J60: =(F60="C")+(G60="C") -> 1 | K60: =I60+J60 -> 2
A61: tdbR00000583 Cys-GCA | B61: Acceptor stem | C61: 4-69 | D61: =IFERROR(INDEX(Positions!$D$2:$D$14531,MATCH($A61&"|4",Positions!$A$2:$A$14531,0)),"-") -> 4 | E61: =IFERROR(INDEX(Positions!$D$2:$D$14531,MATCH($A61&"|69",Positions!$A$2:$A$14531,0)),"-") -> 71 | F61: =IFERROR(INDEX(Positions!$E$2:$E$14531,MATCH($A61&"|4",Positions!$A$2:$A$14531,0)),"-") -> G | G61: =IFERROR(INDEX(Positions!$E$2:$E$14531,MATCH($A61&"|69",Positions!$A$2:$A$14531,0)),"-") -> C | H61: =F61&"-"&G61 -> G-C | I61: =(F61="G")+(G61="G") -> 1 | J61: =(F61="C")+(G61="C") -> 1 | K61: =I61+J61 -> 2
A62: tdbR00000583 Cys-GCA | B62: Acceptor stem | C62: 5-68 | D62: =IFERROR(INDEX(Positions!$D$2:$D$14531,MATCH($A62&"|5",Positions!$A$2:$A$14531,0)),"-") -> 5 | E62: =IFERROR(INDEX(Positions!$D$2:$D$14531,MATCH($A62&"|68",Positions!$A$2:$A$14531,0)),"-") -> 70 | F62: =IFERROR(INDEX(Positions!$E$2:$E$14531,MATCH($A62&"|5",Positions!$A$2:$A$14531,0)),"-") -> G | G62: =IFERROR(INDEX(Positions!$E$2:$E$14531,MATCH($A62&"|68",Positions!$A$2:$A$14531,0)),"-") -> C | H62: =F62&"-"&G62 -> G-C | I62: =(F62="G")+(G62="G") -> 1 | J62: =(F62="C")+(G62="C") -> 1 | K62: =I62+J62 -> 2
A63: tdbR00000583 Cys-GCA | B63: Acceptor stem | C63: 6-67 | D63: =IFERROR(INDEX(Positions!$D$2:$D$14531,MATCH($A63&"|6",Positions!$A$2:$A$14531,0)),"-") -> 6 | E63: =IFERROR(INDEX(Positions!$D$2:$D$14531,MATCH($A63&"|67",Positions!$A$2:$A$14531,0)),"-") -> 69 | F63: =IFERROR(INDEX(Positions!$E$2:$E$14531,MATCH($A63&"|6",Positions!$A$2:$A$14531,0)),"-") -> G | G63: =IFERROR(INDEX(Positions!$E$2:$E$14531,MATCH($A63&"|67",Positions!$A$2:$A$14531,0)),"-") -> C | H63: =F63&"-"&G63 -> G-C | I63: =(F63="G")+(G63="G") -> 1 | J63: =(F63="C")+(G63="C") -> 1 | K63: =I63+J63 -> 2
A64: tdbR00000583 Cys-GCA | B64: Acceptor stem | C64: 7-66 | D64: =IFERROR(INDEX(Positions!$D$2:$D$14531,MATCH($A64&"|7",Positions!$A$2:$A$14531,0)),"-") -> 7 | E64: =IFERROR(INDEX(Positions!$D$2:$D$14531,MATCH($A64&"|66",Positions!$A$2:$A$14531,0)),"-") -> 68 | F64: =IFERROR(INDEX(Positions!$E$2:$E$14531,MATCH($A64&"|7",Positions!$A$2:$A$14531,0)),"-") -> G | G64: =IFERROR(INDEX(Positions!$E$2:$E$14531,MATCH($A64&"|66",Positions!$A$2:$A$14531,0)),"-") -> C | H64: =F64&"-"&G64 -> G-C | I64: =(F64="G")+(G64="G") -> 1 | J64: =(F64="C")+(G64="C") -> 1 | K64: =I64+J64 -> 2
A65: tdbR00000583 Cys-GCA | B65: D-stem | C65: 10-25 | D65: =IFERROR(INDEX(Positions!$D$2:$D$14531,MATCH($A65&"|10",Positions!$A$2:$A$14531,0)),"-") -> 10 | E65: =IFERROR(INDEX(Positions!$D$2:$D$14531,MATCH($A65&"|25",Positions!$A$2:$A$14531,0)),"-") -> 26 | F65: =IFERROR(INDEX(Positions!$E$2:$E$14531,MATCH($A65&"|10",Positions!$A$2:$A$14531,0)),"-") -> G | G65: =IFERROR(INDEX(Positions!$E$2:$E$14531,MATCH($A65&"|25",Positions!$A$2:$A$14531,0)),"-") -> C | H65: =F65&"-"&G65 -> G-C | I65: =(F65="G")+(G65="G") -> 1 | J65: =(F65="C")+(G65="C") -> 1 | K65: =I65+J65 -> 2
A66: tdbR00000583 Cys-GCA | B66: D-stem | C66: 11-24 | D66: =IFERROR(INDEX(Positions!$D$2:$D$14531,MATCH($A66&"|11",Positions!$A$2:$A$14531,0)),"-") -> 11 | E66: =IFERROR(INDEX(Positions!$D$2:$D$14531,MATCH($A66&"|24",Positions!$A$2:$A$14531,0)),"-") -> 25 | F66: =IFERROR(INDEX(Positions!$E$2:$E$14531,MATCH($A66&"|11",Positions!$A$2:$A$14531,0)),"-") -> C | G66: =IFERROR(INDEX(Positions!$E$2:$E$14531,MATCH($A66&"|24",Positions!$A$2:$A$14531,0)),"-") -> G | H66: =F66&"-"&G66 -> C-G | I66: =(F66="G")+(G66="G") -> 1 | J66: =(F66="C")+(G66="C") -> 1 | K66: =I66+J66 -> 2
A67: tdbR00000583 Cys-GCA | B67: D-stem | C67: 12-23 | D67: =IFERROR(INDEX(Positions!$D$2:$D$14531,MATCH($A67&"|12",Positions!$A$2:$A$14531,0)),"-") -> 12 | E67: =IFERROR(INDEX(Positions!$D$2:$D$14531,MATCH($A67&"|23",Positions!$A$2:$A$14531,0)),"-") -> 24 | F67: =IFERROR(INDEX(Positions!$E$2:$E$14531,MATCH($A67&"|12",Positions!$A$2:$A$14531,0)),"-") -> C | G67: =IFERROR(INDEX(Positions!$E$2:$E$14531,MATCH($A67&"|23",Positions!$A$2:$A$14531,0)),"-") -> G | H67: =F67&"-"&G67 -> C-G | I67: =(F67="G")+(G67="G") -> 1 | J67: =(F67="C")+(G67="C") -> 1 | K67: =I67+J67 -> 2
A68: tdbR00000583 Cys-GCA | B68: D-stem | C68: 13-22 | D68: =IFERROR(INDEX(Positions!$D$2:$D$14531,MATCH($A68&"|13",Positions!$A$2:$A$14531,0)),"-") -> 13 | E68: =IFERROR(INDEX(Positions!$D$2:$D$14531,MATCH($A68&"|22",Positions!$A$2:$A$14531,0)),"-") -> 23 | F68: =IFERROR(INDEX(Positions!$E$2:$E$14531,MATCH($A68&"|13",Positions!$A$2:$A$14531,0)),"-") -> G | G68: =IFERROR(INDEX(Positions!$E$2:$E$14531,MATCH($A68&"|22",Positions!$A$2:$A$14531,0)),"-") -> A | H68: =F68&"-"&G68 -> G-A | I68: =(F68="G")+(G68="G") -> 1 | J68: =(F68="C")+(G68="C") -> 0 | K68: =I68+J68 -> 1
A69: tdbR00000583 Cys-GCA | B69: Anticodon stem | C69: 27-43 | D69: =IFERROR(INDEX(Positions!$D$2:$D$14531,MATCH($A69&"|27",Positions!$A$2:$A$14531,0)),"-") -> 28 | E69: =IFERROR(INDEX(Positions!$D$2:$D$14531,MATCH($A69&"|43",Positions!$A$2:$A$14531,0)),"-") -> 44 | F69: =IFERROR(INDEX(Positions!$E$2:$E$14531,MATCH($A69&"|27",Positions!$A$2:$A$14531,0)),"-") -> G | G69: =IFERROR(INDEX(Positions!$E$2:$E$14531,MATCH($A69&"|43",Positions!$A$2:$A$14531,0)),"-") -> U | H69: =F69&"-"&G69 -> G-U | I69: =(F69="G")+(G69="G") -> 1 | J69: =(F69="C")+(G69="C") -> 0 | K69: =I69+J69 -> 1
A70: tdbR00000583 Cys-GCA | B70: Anticodon stem | C70: 28-42 | D70: =IFERROR(INDEX(Positions!$D$2:$D$14531,MATCH($A70&"|28",Positions!$A$2:$A$14531,0)),"-") -> 29 | E70: =IFERROR(INDEX(Positions!$D$2:$D$14531,MATCH($A70&"|42",Positions!$A$2:$A$14531,0)),"-") -> 43 | F70: =IFERROR(INDEX(Positions!$E$2:$E$14531,MATCH($A70&"|28",Positions!$A$2:$A$14531,0)),"-") -> C | G70: =IFERROR(INDEX(Positions!$E$2:$E$14531,MATCH($A70&"|42",Positions!$A$2:$A$14531,0)),"-") -> G | H70: =F70&"-"&G70 -> C-G | I70: =(F70="G")+(G70="G") -> 1 | J70: =(F70="C")+(G70="C") -> 1 | K70: =I70+J70 -> 2
A71: tdbR00000583 Cys-GCA | B71: Anticodon stem | C71: 29-41 | D71: =IFERROR(INDEX(Positions!$D$2:$D$14531,MATCH($A71&"|29",Positions!$A$2:$A$14531,0)),"-") -> 30 | E71: =IFERROR(INDEX(Positions!$D$2:$D$14531,MATCH($A71&"|41",Positions!$A$2:$A$14531,0)),"-") -> 42 | F71: =IFERROR(INDEX(Positions!$E$2:$E$14531,MATCH($A71&"|29",Positions!$A$2:$A$14531,0)),"-") -> G | G71: =IFERROR(INDEX(Positions!$E$2:$E$14531,MATCH($A71&"|41",Positions!$A$2:$A$14531,0)),"-") -> C | H71: =F71&"-"&G71 -> G-C | I71: =(F71="G")+(G71="G") -> 1 | J71: =(F71="C")+(G71="C") -> 1 | K71: =I71+J71 -> 2
A72: tdbR00000583 Cys-GCA | B72: Anticodon stem | C72: 30-40 | D72: =IFERROR(INDEX(Positions!$D$2:$D$14531,MATCH($A72&"|30",Positions!$A$2:$A$14531,0)),"-") -> 31 | E72: =IFERROR(INDEX(Positions!$D$2:$D$14531,MATCH($A72&"|40",Positions!$A$2:$A$14531,0)),"-") -> 41 | F72: =IFERROR(INDEX(Positions!$E$2:$E$14531,MATCH($A72&"|30",Positions!$A$2:$A$14531,0)),"-") -> G | G72: =IFERROR(INDEX(Positions!$E$2:$E$14531,MATCH($A72&"|40",Positions!$A$2:$A$14531,0)),"-") -> C | H72: =F72&"-"&G72 -> G-C | I72: =(F72="G")+(G72="G") -> 1 | J72: =(F72="C")+(G72="C") -> 1 | K72: =I72+J72 -> 2
A73: tdbR00000583 Cys-GCA | B73: Anticodon stem | C73: 31-39 | D73: =IFERROR(INDEX(Positions!$D$2:$D$14531,MATCH($A73&"|31",Positions!$A$2:$A$14531,0)),"-") -> 32 | E73: =IFERROR(INDEX(Positions!$D$2:$D$14531,MATCH($A73&"|39",Positions!$A$2:$A$14531,0)),"-") -> 40 | F73: =IFERROR(INDEX(Positions!$E$2:$E$14531,MATCH($A73&"|31",Positions!$A$2:$A$14531,0)),"-") -> G | G73: =IFERROR(INDEX(Positions!$E$2:$E$14531,MATCH($A73&"|39",Positions!$A$2:$A$14531,0)),"-") -> C | H73: =F73&"-"&G73 -> G-C | I73: =(F73="G")+(G73="G") -> 1 | J73: =(F73="C")+(G73="C") -> 1 | K73: =I73+J73 -> 2
A74: tdbR00000583 Cys-GCA | B74: T-stem | C74: 49-65 | D74: =IFERROR(INDEX(Positions!$D$2:$D$14531,MATCH($A74&"|49",Positions!$A$2:$A$14531,0)),"-") -> 51 | E74: =IFERROR(INDEX(Positions!$D$2:$D$14531,MATCH($A74&"|65",Positions!$A$2:$A$14531,0)),"-") -> 67 | F74: =IFERROR(INDEX(Positions!$E$2:$E$14531,MATCH($A74&"|49",Positions!$A$2:$A$14531,0)),"-") -> C | G74: =IFERROR(INDEX(Positions!$E$2:$E$14531,MATCH($A74&"|65",Positions!$A$2:$A$14531,0)),"-") -> G | H74: =F74&"-"&G74 -> C-G | I74: =(F74="G")+(G74="G") -> 1 | J74: =(F74="C")+(G74="C") -> 1 | K74: =I74+J74 -> 2
A75: tdbR00000583 Cys-GCA | B75: T-stem | C75: 50-64 | D75: =IFERROR(INDEX(Positions!$D$2:$D$14531,MATCH($A75&"|50",Positions!$A$2:$A$14531,0)),"-") -> 52 | E75: =IFERROR(INDEX(Positions!$D$2:$D$14531,MATCH($A75&"|64",Positions!$A$2:$A$14531,0)),"-") -> 66 | F75: =IFERROR(INDEX(Positions!$E$2:$E$14531,MATCH($A75&"|50",Positions!$A$2:$A$14531,0)),"-") -> C | G75: =IFERROR(INDEX(Positions!$E$2:$E$14531,MATCH($A75&"|64",Positions!$A$2:$A$14531,0)),"-") -> G | H75: =F75&"-"&G75 -> C-G | I75: =(F75="G")+(G75="G") -> 1 | J75: =(F75="C")+(G75="C") -> 1 | K75: =I75+J75 -> 2
A76: tdbR00000583 Cys-GCA | B76: T-stem | C76: 51-63 | D76: =IFERROR(INDEX(Positions!$D$2:$D$14531,MATCH($A76&"|51",Positions!$A$2:$A$14531,0)),"-") -> 53 | E76: =IFERROR(INDEX(Positions!$D$2:$D$14531,MATCH($A76&"|63",Positions!$A$2:$A$14531,0)),"-") -> 65 | F76: =IFERROR(INDEX(Positions!$E$2:$E$14531,MATCH($A76&"|51",Positions!$A$2:$A$14531,0)),"-") -> G | G76: =IFERROR(INDEX(Positions!$E$2:$E$14531,MATCH($A76&"|63",Positions!$A$2:$A$14531,0)),"-") -> C | H76: =F76&"-"&G76 -> G-C | I76: =(F76="G")+(G76="G") -> 1 | J76: =(F76="C")+(G76="C") -> 1 | K76: =I76+J76 -> 2
A77: tdbR00000583 Cys-GCA | B77: T-stem | C77: 52-62 | D77: =IFERROR(INDEX(Positions!$D$2:$D$14531,MATCH($A77&"|52",Positions!$A$2:$A$14531,0)),"-") -> 54 | E77: =IFERROR(INDEX(Positions!$D$2:$D$14531,MATCH($A77&"|62",Positions!$A$2:$A$14531,0)),"-") -> 64 | F77: =IFERROR(INDEX(Positions!$E$2:$E$14531,MATCH($A77&"|52",Positions!$A$2:$A$14531,0)),"-") -> G | G77: =IFERROR(INDEX(Positions!$E$2:$E$14531,MATCH($A77&"|62",Positions!$A$2:$A$14531,0)),"-") -> C | H77: =F77&"-"&G77 -> G-C | I77: =(F77="G")+(G77="G") -> 1 | J77: =(F77="C")+(G77="C") -> 1 | K77: =I77+J77 -> 2
A78: tdbR00000583 Cys-GCA | B78: T-stem | C78: 53-61 | D78: =IFERROR(INDEX(Positions!$D$2:$D$14531,MATCH($A78&"|53",Positions!$A$2:$A$14531,0)),"-") -> 55 | E78: =IFERROR(INDEX(Positions!$D$2:$D$14531,MATCH($A78&"|61",Positions!$A$2:$A$14531,0)),"-") -> 63 | F78: =IFERROR(INDEX(Positions!$E$2:$E$14531,MATCH($A78&"|53",Positions!$A$2:$A$14531,0)),"-") -> G | G78: =IFERROR(INDEX(Positions!$E$2:$E$14531,MATCH($A78&"|61",Positions!$A$2:$A$14531,0)),"-") -> C | H78: =F78&"-"&G78 -> G-C | I78: =(F78="G")+(G78="G") -> 1 | J78: =(F78="C")+(G78="C") -> 1 | K78: =I78+J78 -> 2
A79: tdbR00000583 Cys-GCA | B79: 3D (tertiary) BP | C79: 8-14 | D79: =IFERROR(INDEX(Positions!$D$2:$D$14531,MATCH($A79&"|8",Positions!$A$2:$A$14531,0)),"-") -> 8 | E79: =IFERROR(INDEX(Positions!$D$2:$D$14531,MATCH($A79&"|14",Positions!$A$2:$A$14531,0)),"-") -> 14 | F79: =IFERROR(INDEX(Positions!$E$2:$E$14531,MATCH($A79&"|8",Positions!$A$2:$A$14531,0)),"-") -> U | G79: =IFERROR(INDEX(Positions!$E$2:$E$14531,MATCH($A79&"|14",Positions!$A$2:$A$14531,0)),"-") -> A | H79: =F79&"-"&G79 -> U-A | I79: =(F79="G")+(G79="G") -> 0 | J79: =(F79="C")+(G79="C") -> 0 | K79: =I79+J79 -> 0
A80: tdbR00000583 Cys-GCA | B80: 3D (tertiary) BP | C80: 15-48 | D80: =IFERROR(INDEX(Positions!$D$2:$D$14531,MATCH($A80&"|15",Positions!$A$2:$A$14531,0)),"-") -> 15 | E80: =IFERROR(INDEX(Positions!$D$2:$D$14531,MATCH($A80&"|48",Positions!$A$2:$A$14531,0)),"-") -> 50 | F80: =IFERROR(INDEX(Positions!$E$2:$E$14531,MATCH($A80&"|15",Positions!$A$2:$A$14531,0)),"-") -> G | G80: =IFERROR(INDEX(Positions!$E$2:$E$14531,MATCH($A80&"|48",Positions!$A$2:$A$14531,0)),"-") -> C | H80: =F80&"-"&G80 -> G-C | I80: =(F80="G")+(G80="G") -> 1 | J80: =(F80="C")+(G80="C") -> 1 | K80: =I80+J80 -> 2
A81: tdbR00000583 Cys-GCA | B81: 3D (tertiary) BP | C81: 18-55 | D81: =IFERROR(INDEX(Positions!$D$2:$D$14531,MATCH($A81&"|18",Positions!$A$2:$A$14531,0)),"-") -> 17 | E81: =IFERROR(INDEX(Positions!$D$2:$D$14531,MATCH($A81&"|55",Positions!$A$2:$A$14531,0)),"-") -> 57 | F81: =IFERROR(INDEX(Positions!$E$2:$E$14531,MATCH($A81&"|18",Positions!$A$2:$A$14531,0)),"-") -> G | G81: =IFERROR(INDEX(Positions!$E$2:$E$14531,MATCH($A81&"|55",Positions!$A$2:$A$14531,0)),"-") -> U | H81: =F81&"-"&G81 -> G-U | I81: =(F81="G")+(G81="G") -> 1 | J81: =(F81="C")+(G81="C") -> 0 | K81: =I81+J81 -> 1
A82: tdbR00000583 Cys-GCA | B82: 3D (tertiary) BP | C82: 19-56 | D82: =IFERROR(INDEX(Positions!$D$2:$D$14531,MATCH($A82&"|19",Positions!$A$2:$A$14531,0)),"-") -> 18 | E82: =IFERROR(INDEX(Positions!$D$2:$D$14531,MATCH($A82&"|56",Positions!$A$2:$A$14531,0)),"-") -> 58 | F82: =IFERROR(INDEX(Positions!$E$2:$E$14531,MATCH($A82&"|19",Positions!$A$2:$A$14531,0)),"-") -> G | G82: =IFERROR(INDEX(Positions!$E$2:$E$14531,MATCH($A82&"|56",Positions!$A$2:$A$14531,0)),"-") -> C | H82: =F82&"-"&G82 -> G-C | I82: =(F82="G")+(G82="G") -> 1 | J82: =(F82="C")+(G82="C") -> 1 | K82: =I82+J82 -> 2
A83: tdbR00000583 Cys-GCA | B83: 3D (tertiary) BP | C83: 26-44 | D83: =IFERROR(INDEX(Positions!$D$2:$D$14531,MATCH($A83&"|26",Positions!$A$2:$A$14531,0)),"-") -> 27 | E83: =IFERROR(INDEX(Positions!$D$2:$D$14531,MATCH($A83&"|44",Positions!$A$2:$A$14531,0)),"-") -> 45 | F83: =IFERROR(INDEX(Positions!$E$2:$E$14531,MATCH($A83&"|26",Positions!$A$2:$A$14531,0)),"-") -> G | G83: =IFERROR(INDEX(Positions!$E$2:$E$14531,MATCH($A83&"|44",Positions!$A$2:$A$14531,0)),"-") -> U | H83: =F83&"-"&G83 -> G-U | I83: =(F83="G")+(G83="G") -> 1 | J83: =(F83="C")+(G83="C") -> 0 | K83: =I83+J83 -> 1
A84: tdbR00000583 Cys-GCA | B84: 3D (tertiary) BP | C84: 32-38 | D84: =IFERROR(INDEX(Positions!$D$2:$D$14531,MATCH($A84&"|32",Positions!$A$2:$A$14531,0)),"-") -> 33 | E84: =IFERROR(INDEX(Positions!$D$2:$D$14531,MATCH($A84&"|38",Positions!$A$2:$A$14531,0)),"-") -> 39 | F84: =IFERROR(INDEX(Positions!$E$2:$E$14531,MATCH($A84&"|32",Positions!$A$2:$A$14531,0)),"-") -> C | G84: =IFERROR(INDEX(Positions!$E$2:$E$14531,MATCH($A84&"|38",Positions!$A$2:$A$14531,0)),"-") -> A | H84: =F84&"-"&G84 -> C-A | I84: =(F84="G")+(G84="G") -> 0 | J84: =(F84="C")+(G84="C") -> 1 | K84: =I84+J84 -> 1
A85: tdbR00000583 Cys-GCA | B85: 3D (tertiary) BP | C85: 54-58 | D85: =IFERROR(INDEX(Positions!$D$2:$D$14531,MATCH($A85&"|54",Positions!$A$2:$A$14531,0)),"-") -> 56 | E85: =IFERROR(INDEX(Positions!$D$2:$D$14531,MATCH($A85&"|58",Positions!$A$2:$A$14531,0)),"-") -> 60 | F85: =IFERROR(INDEX(Positions!$E$2:$E$14531,MATCH($A85&"|54",Positions!$A$2:$A$14531,0)),"-") -> U | G85: =IFERROR(INDEX(Positions!$E$2:$E$14531,MATCH($A85&"|58",Positions!$A$2:$A$14531,0)),"-") -> A | H85: =F85&"-"&G85 -> U-A | I85: =(F85="G")+(G85="G") -> 0 | J85: =(F85="C")+(G85="C") -> 0 | K85: =I85+J85 -> 0
A86: tdbR00000581 Lys-CUU | B86: Acceptor stem | C86: 1-72 | D86: =IFERROR(INDEX(Positions!$D$2:$D$14531,MATCH($A86&"|1",Positions!$A$2:$A$14531,0)),"-") -> 1 | E86: =IFERROR(INDEX(Positions!$D$2:$D$14531,MATCH($A86&"|72",Positions!$A$2:$A$14531,0)),"-") -> 81 | F86: =IFERROR(INDEX(Positions!$E$2:$E$14531,MATCH($A86&"|1",Positions!$A$2:$A$14531,0)),"-") -> G | G86: =IFERROR(INDEX(Positions!$E$2:$E$14531,MATCH($A86&"|72",Positions!$A$2:$A$14531,0)),"-") -> C | H86: =F86&"-"&G86 -> G-C | I86: =(F86="G")+(G86="G") -> 1 | J86: =(F86="C")+(G86="C") -> 1 | K86: =I86+J86 -> 2
A87: tdbR00000581 Lys-CUU | B87: Acceptor stem | C87: 2-71 | D87: =IFERROR(INDEX(Positions!$D$2:$D$14531,MATCH($A87&"|2",Positions!$A$2:$A$14531,0)),"-") -> 2 | E87: =IFERROR(INDEX(Positions!$D$2:$D$14531,MATCH($A87&"|71",Positions!$A$2:$A$14531,0)),"-") -> 80 | F87: =IFERROR(INDEX(Positions!$E$2:$E$14531,MATCH($A87&"|2",Positions!$A$2:$A$14531,0)),"-") -> G | G87: =IFERROR(INDEX(Positions!$E$2:$E$14531,MATCH($A87&"|71",Positions!$A$2:$A$14531,0)),"-") -> C | H87: =F87&"-"&G87 -> G-C | I87: =(F87="G")+(G87="G") -> 1 | J87: =(F87="C")+(G87="C") -> 1 | K87: =I87+J87 -> 2
A88: tdbR00000581 Lys-CUU | B88: Acceptor stem | C88: 3-70 | D88: =IFERROR(INDEX(Positions!$D$2:$D$14531,MATCH($A88&"|3",Positions!$A$2:$A$14531,0)),"-") -> 3 | E88: =IFERROR(INDEX(Positions!$D$2:$D$14531,MATCH($A88&"|70",Positions!$A$2:$A$14531,0)),"-") -> 79 | F88: =IFERROR(INDEX(Positions!$E$2:$E$14531,MATCH($A88&"|3",Positions!$A$2:$A$14531,0)),"-") -> G | G88: =IFERROR(INDEX(Positions!$E$2:$E$14531,MATCH($A88&"|70",Positions!$A$2:$A$14531,0)),"-") -> C | H88: =F88&"-"&G88 -> G-C | I88: =(F88="G")+(G88="G") -> 1 | J88: =(F88="C")+(G88="C") -> 1 | K88: =I88+J88 -> 2
A89: tdbR00000581 Lys-CUU | B89: Acceptor stem | C89: 4-69 | D89: =IFERROR(INDEX(Positions!$D$2:$D$14531,MATCH($A89&"|4",Positions!$A$2:$A$14531,0)),"-") -> 4 | E89: =IFERROR(INDEX(Positions!$D$2:$D$14531,MATCH($A89&"|69",Positions!$A$2:$A$14531,0)),"-") -> 78 | F89: =IFERROR(INDEX(Positions!$E$2:$E$14531,MATCH($A89&"|4",Positions!$A$2:$A$14531,0)),"-") -> C | G89: =IFERROR(INDEX(Positions!$E$2:$E$14531,MATCH($A89&"|69",Positions!$A$2:$A$14531,0)),"-") -> G | H89: =F89&"-"&G89 -> C-G | I89: =(F89="G")+(G89="G") -> 1 | J89: =(F89="C")+(G89="C") -> 1 | K89: =I89+J89 -> 2
A90: tdbR00000581 Lys-CUU | B90: Acceptor stem | C90: 5-68 | D90: =IFERROR(INDEX(Positions!$D$2:$D$14531,MATCH($A90&"|5",Positions!$A$2:$A$14531,0)),"-") -> 5 | E90: =IFERROR(INDEX(Positions!$D$2:$D$14531,MATCH($A90&"|68",Positions!$A$2:$A$14531,0)),"-") -> 77 | F90: =IFERROR(INDEX(Positions!$E$2:$E$14531,MATCH($A90&"|5",Positions!$A$2:$A$14531,0)),"-") -> C | G90: =IFERROR(INDEX(Positions!$E$2:$E$14531,MATCH($A90&"|68",Positions!$A$2:$A$14531,0)),"-") -> G | H90: =F90&"-"&G90 -> C-G | I90: =(F90="G")+(G90="G") -> 1 | J90: =(F90="C")+(G90="C") -> 1 | K90: =I90+J90 -> 2
A91: tdbR00000581 Lys-CUU | B91: Acceptor stem | C91: 6-67 | D91: =IFERROR(INDEX(Positions!$D$2:$D$14531,MATCH($A91&"|6",Positions!$A$2:$A$14531,0)),"-") -> 6 | E91: =IFERROR(INDEX(Positions!$D$2:$D$14531,MATCH($A91&"|67",Positions!$A$2:$A$14531,0)),"-") -> 76 | F91: =IFERROR(INDEX(Positions!$E$2:$E$14531,MATCH($A91&"|6",Positions!$A$2:$A$14531,0)),"-") -> C | G91: =IFERROR(INDEX(Positions!$E$2:$E$14531,MATCH($A91&"|67",Positions!$A$2:$A$14531,0)),"-") -> G | H91: =F91&"-"&G91 -> C-G | I91: =(F91="G")+(G91="G") -> 1 | J91: =(F91="C")+(G91="C") -> 1 | K91: =I91+J91 -> 2
A92: tdbR00000581 Lys-CUU | B92: Acceptor stem | C92: 7-66 | D92: =IFERROR(INDEX(Positions!$D$2:$D$14531,MATCH($A92&"|7",Positions!$A$2:$A$14531,0)),"-") -> 7 | E92: =IFERROR(INDEX(Positions!$D$2:$D$14531,MATCH($A92&"|66",Positions!$A$2:$A$14531,0)),"-") -> 75 | F92: =IFERROR(INDEX(Positions!$E$2:$E$14531,MATCH($A92&"|7",Positions!$A$2:$A$14531,0)),"-") -> G | G92: =IFERROR(INDEX(Positions!$E$2:$E$14531,MATCH($A92&"|66",Positions!$A$2:$A$14531,0)),"-") -> C | H92: =F92&"-"&G92 -> G-C | I92: =(F92="G")+(G92="G") -> 1 | J92: =(F92="C")+(G92="C") -> 1 | K92: =I92+J92 -> 2
A93: tdbR00000581 Lys-CUU | B93: D-stem | C93: 10-25 | D93: =IFERROR(INDEX(Positions!$D$2:$D$14531,MATCH($A93&"|10",Positions!$A$2:$A$14531,0)),"-") -> 10 | E93: =IFERROR(INDEX(Positions!$D$2:$D$14531,MATCH($A93&"|25",Positions!$A$2:$A$14531,0)),"-") -> 26 | F93: =IFERROR(INDEX(Positions!$E$2:$E$14531,MATCH($A93&"|10",Positions!$A$2:$A$14531,0)),"-") -> G | G93: =IFERROR(INDEX(Positions!$E$2:$E$14531,MATCH($A93&"|25",Positions!$A$2:$A$14531,0)),"-") -> C | H93: =F93&"-"&G93 -> G-C | I93: =(F93="G")+(G93="G") -> 1 | J93: =(F93="C")+(G93="C") -> 1 | K93: =I93+J93 -> 2
A94: tdbR00000581 Lys-CUU | B94: D-stem | C94: 11-24 | D94: =IFERROR(INDEX(Positions!$D$2:$D$14531,MATCH($A94&"|11",Positions!$A$2:$A$14531,0)),"-") -> 11 | E94: =IFERROR(INDEX(Positions!$D$2:$D$14531,MATCH($A94&"|24",Positions!$A$2:$A$14531,0)),"-") -> 25 | F94: =IFERROR(INDEX(Positions!$E$2:$E$14531,MATCH($A94&"|11",Positions!$A$2:$A$14531,0)),"-") -> C | G94: =IFERROR(INDEX(Positions!$E$2:$E$14531,MATCH($A94&"|24",Positions!$A$2:$A$14531,0)),"-") -> G | H94: =F94&"-"&G94 -> C-G | I94: =(F94="G")+(G94="G") -> 1 | J94: =(F94="C")+(G94="C") -> 1 | K94: =I94+J94 -> 2
A95: tdbR00000581 Lys-CUU | B95: D-stem | C95: 12-23 | D95: =IFERROR(INDEX(Positions!$D$2:$D$14531,MATCH($A95&"|12",Positions!$A$2:$A$14531,0)),"-") -> 12 | E95: =IFERROR(INDEX(Positions!$D$2:$D$14531,MATCH($A95&"|23",Positions!$A$2:$A$14531,0)),"-") -> 24 | F95: =IFERROR(INDEX(Positions!$E$2:$E$14531,MATCH($A95&"|12",Positions!$A$2:$A$14531,0)),"-") -> U | G95: =IFERROR(INDEX(Positions!$E$2:$E$14531,MATCH($A95&"|23",Positions!$A$2:$A$14531,0)),"-") -> A | H95: =F95&"-"&G95 -> U-A | I95: =(F95="G")+(G95="G") -> 0 | J95: =(F95="C")+(G95="C") -> 0 | K95: =I95+J95 -> 0
A96: tdbR00000581 Lys-CUU | B96: D-stem | C96: 13-22 | D96: =IFERROR(INDEX(Positions!$D$2:$D$14531,MATCH($A96&"|13",Positions!$A$2:$A$14531,0)),"-") -> 13 | E96: =IFERROR(INDEX(Positions!$D$2:$D$14531,MATCH($A96&"|22",Positions!$A$2:$A$14531,0)),"-") -> 23 | F96: =IFERROR(INDEX(Positions!$E$2:$E$14531,MATCH($A96&"|13",Positions!$A$2:$A$14531,0)),"-") -> C | G96: =IFERROR(INDEX(Positions!$E$2:$E$14531,MATCH($A96&"|22",Positions!$A$2:$A$14531,0)),"-") -> G | H96: =F96&"-"&G96 -> C-G | I96: =(F96="G")+(G96="G") -> 1 | J96: =(F96="C")+(G96="C") -> 1 | K96: =I96+J96 -> 2
A97: tdbR00000581 Lys-CUU | B97: Anticodon stem | C97: 27-43 | D97: =IFERROR(INDEX(Positions!$D$2:$D$14531,MATCH($A97&"|27",Positions!$A$2:$A$14531,0)),"-") -> 28 | E97: =IFERROR(INDEX(Positions!$D$2:$D$14531,MATCH($A97&"|43",Positions!$A$2:$A$14531,0)),"-") -> 44 | F97: =IFERROR(INDEX(Positions!$E$2:$E$14531,MATCH($A97&"|27",Positions!$A$2:$A$14531,0)),"-") -> G | G97: =IFERROR(INDEX(Positions!$E$2:$E$14531,MATCH($A97&"|43",Positions!$A$2:$A$14531,0)),"-") -> C | H97: =F97&"-"&G97 -> G-C | I97: =(F97="G")+(G97="G") -> 1 | J97: =(F97="C")+(G97="C") -> 1 | K97: =I97+J97 -> 2
A98: tdbR00000581 Lys-CUU | B98: Anticodon stem | C98: 28-42 | D98: =IFERROR(INDEX(Positions!$D$2:$D$14531,MATCH($A98&"|28",Positions!$A$2:$A$14531,0)),"-") -> 29 | E98: =IFERROR(INDEX(Positions!$D$2:$D$14531,MATCH($A98&"|42",Positions!$A$2:$A$14531,0)),"-") -> 43 | F98: =IFERROR(INDEX(Positions!$E$2:$E$14531,MATCH($A98&"|28",Positions!$A$2:$A$14531,0)),"-") -> C | G98: =IFERROR(INDEX(Positions!$E$2:$E$14531,MATCH($A98&"|42",Positions!$A$2:$A$14531,0)),"-") -> G | H98: =F98&"-"&G98 -> C-G | I98: =(F98="G")+(G98="G") -> 1 | J98: =(F98="C")+(G98="C") -> 1 | K98: =I98+J98 -> 2
A99: tdbR00000581 Lys-CUU | B99: Anticodon stem | C99: 29-41 | D99: =IFERROR(INDEX(Positions!$D$2:$D$14531,MATCH($A99&"|29",Positions!$A$2:$A$14531,0)),"-") -> 30 | E99: =IFERROR(INDEX(Positions!$D$2:$D$14531,MATCH($A99&"|41",Positions!$A$2:$A$14531,0)),"-") -> 42 | F99: =IFERROR(INDEX(Positions!$E$2:$E$14531,MATCH($A99&"|29",Positions!$A$2:$A$14531,0)),"-") -> G | G99: =IFERROR(INDEX(Positions!$E$2:$E$14531,MATCH($A99&"|41",Positions!$A$2:$A$14531,0)),"-") -> C | H99: =F99&"-"&G99 -> G-C | I99: =(F99="G")+(G99="G") -> 1 | J99: =(F99="C")+(G99="C") -> 1 | K99: =I99+J99 -> 2
A100: tdbR00000581 Lys-CUU | B100: Anticodon stem | C100: 30-40 | D100: =IFERROR(INDEX(Positions!$D$2:$D$14531,MATCH($A100&"|30",Positions!$A$2:$A$14531,0)),"-") -> 31 | E100: =IFERROR(INDEX(Positions!$D$2:$D$14531,MATCH($A100&"|40",Positions!$A$2:$A$14531,0)),"-") -> 41 | F100: =IFERROR(INDEX(Positions!$E$2:$E$14531,MATCH($A100&"|30",Positions!$A$2:$A$14531,0)),"-") -> G | G100: =IFERROR(INDEX(Positions!$E$2:$E$14531,MATCH($A100&"|40",Positions!$A$2:$A$14531,0)),"-") -> C | H100: =F100&"-"&G100 -> G-C | I100: =(F100="G")+(G100="G") -> 1 | J100: =(F100="C")+(G100="C") -> 1 | K100: =I100+J100 -> 2
...

Sheet Loops
A1: tRNA | B1: Loop / region | C1: Canonical positions | D1: Actual positions | E1: Loop sequence (5′→3′) | F1: Length | G1: G count | H1: C count | I1: G+C count | J1: G+C %
A2: tdbR00000589 Arg-UCU | B2: D-loop | C2: 14–21 | D2: 14–23 | E2: AGCCAGGACA | F2: =COUNTIFS(Positions!$B$2:$B$14531,A2,Positions!$F$2:$F$14531,B2) -> 10 | G2: =COUNTIFS(Positions!$B$2:$B$14531,A2,Positions!$F$2:$F$14531,B2,Positions!$E$2:$E$14531,"G") -> 3 | H2: =COUNTIFS(Positions!$B$2:$B$14531,A2,Positions!$F$2:$F$14531,B2,Positions!$E$2:$E$14531,"C") -> 3 | I2: =G2+H2 -> 6 | J2: =IF(F2=0,0,I2/F2) -> 0.6
A3: tdbR00000589 Arg-UCU | B3: Anticodon loop | C3: 32–38 | D3: 34–40 | E3: CUUCUAA | F3: =COUNTIFS(Positions!$B$2:$B$14531,A3,Positions!$F$2:$F$14531,B3) -> 7 | G3: =COUNTIFS(Positions!$B$2:$B$14531,A3,Positions!$F$2:$F$14531,B3,Positions!$E$2:$E$14531,"G") -> 0 | H3: =COUNTIFS(Positions!$B$2:$B$14531,A3,Positions!$F$2:$F$14531,B3,Positions!$E$2:$E$14531,"C") -> 2 | I3: =G3+H3 -> 2 | J3: =IF(F3=0,0,I3/F3) -> 0.28571429
A4: tdbR00000589 Arg-UCU | B4: Variable loop | C4: 44–48 | D4: 46–50 | E4: UGCUG | F4: =COUNTIFS(Positions!$B$2:$B$14531,A4,Positions!$F$2:$F$14531,B4) -> 5 | G4: =COUNTIFS(Positions!$B$2:$B$14531,A4,Positions!$F$2:$F$14531,B4,Positions!$E$2:$E$14531,"G") -> 2 | H4: =COUNTIFS(Positions!$B$2:$B$14531,A4,Positions!$F$2:$F$14531,B4,Positions!$E$2:$E$14531,"C") -> 1 | I4: =G4+H4 -> 3 | J4: =IF(F4=0,0,I4/F4) -> 0.6
A5: tdbR00000589 Arg-UCU | B5: TΨC-loop | C5: 54–60 | D5: 56–62 | E5: UUCAAAU | F5: =COUNTIFS(Positions!$B$2:$B$14531,A5,Positions!$F$2:$F$14531,B5) -> 7 | G5: =COUNTIFS(Positions!$B$2:$B$14531,A5,Positions!$F$2:$F$14531,B5,Positions!$E$2:$E$14531,"G") -> 0 | H5: =COUNTIFS(Positions!$B$2:$B$14531,A5,Positions!$F$2:$F$14531,B5,Positions!$E$2:$E$14531,"C") -> 1 | I5: =G5+H5 -> 1 | J5: =IF(F5=0,0,I5/F5) -> 0.14285714
A6: tdbR00000589 Arg-UCU | B6: Positions 8, 9, 26 | C6: 8, 9, 26 | D6: 8, 9, 28 | E6: UAG | F6: =COUNTIFS(Positions!$B$2:$B$14531,A6,Positions!$F$2:$F$14531,"Position 8")+COUNTIFS(Positions!$B$2:$B$14531,A6,Positions!$F$2:$F$14531,"Position 9")+COUNTIFS(Positions!$B$2:$B$14531,A6,Positions!$F$2:$F$14531,"Position 26") -> 3 | G6: =COUNTIFS(Positions!$B$2:$B$14531,A6,Positions!$F$2:$F$14531,"Position 8",Positions!$E$2:$E$14531,"G")+COUNTIFS(Positions!$B$2:$B$14531,A6,Positions!$F$2:$F$14531,"Position 9",Positions!$E$2:$E$14531,"G")+COUNTIFS(Positions!$B$2:$B$14531,A6,Positions!$F$2:$F$14531,"Position 26",Positions!$E$2:$E$14531,"G") -> 1 | H6: =COUNTIFS(Positions!$B$2:$B$14531,A6,Positions!$F$2:$F$14531,"Position 8",Positions!$E$2:$E$14531,"C")+COUNTIFS(Positions!$B$2:$B$14531,A6,Positions!$F$2:$F$14531,"Position 9",Positions!$E$2:$E$14531,"C")+COUNTIFS(Positions!$B$2:$B$14531,A6,Positions!$F$2:$F$14531,"Position 26",Positions!$E$2:$E$14531,"C") -> 0 | I6: =G6+H6 -> 1 | J6: =IF(F6=0,0,I6/F6) -> 0.33333333
A7: tdbR00000588 Asp-GUC | B7: D-loop | C7: 14–21 | D7: 14–24 | E7: AGCCUGGACUA | F7: =COUNTIFS(Positions!$B$2:$B$14531,A7,Positions!$F$2:$F$14531,B7) -> 11 | G7: =COUNTIFS(Positions!$B$2:$B$14531,A7,Positions!$F$2:$F$14531,B7,Positions!$E$2:$E$14531,"G") -> 3 | H7: =COUNTIFS(Positions!$B$2:$B$14531,A7,Positions!$F$2:$F$14531,B7,Positions!$E$2:$E$14531,"C") -> 3 | I7: =G7+H7 -> 6 | J7: =IF(F7=0,0,I7/F7) -> 0.54545455
A8: tdbR00000588 Asp-GUC | B8: Anticodon loop | C8: 32–38 | D8: 35–41 | E8: CUGUCAA | F8: =COUNTIFS(Positions!$B$2:$B$14531,A8,Positions!$F$2:$F$14531,B8) -> 7 | G8: =COUNTIFS(Positions!$B$2:$B$14531,A8,Positions!$F$2:$F$14531,B8,Positions!$E$2:$E$14531,"G") -> 1 | H8: =COUNTIFS(Positions!$B$2:$B$14531,A8,Positions!$F$2:$F$14531,B8,Positions!$E$2:$E$14531,"C") -> 2 | I8: =G8+H8 -> 3 | J8: =IF(F8=0,0,I8/F8) -> 0.42857143
A9: tdbR00000588 Asp-GUC | B9: Variable loop | C9: 44–48 | D9: 47–50 | E9: UGAC | F9: =COUNTIFS(Positions!$B$2:$B$14531,A9,Positions!$F$2:$F$14531,B9) -> 4 | G9: =COUNTIFS(Positions!$B$2:$B$14531,A9,Positions!$F$2:$F$14531,B9,Positions!$E$2:$E$14531,"G") -> 1 | H9: =COUNTIFS(Positions!$B$2:$B$14531,A9,Positions!$F$2:$F$14531,B9,Positions!$E$2:$E$14531,"C") -> 1 | I9: =G9+H9 -> 2 | J9: =IF(F9=0,0,I9/F9) -> 0.5
A10: tdbR00000588 Asp-GUC | B10: TΨC-loop | C10: 54–60 | D10: 56–62 | E10: UUCAAAU | F10: =COUNTIFS(Positions!$B$2:$B$14531,A10,Positions!$F$2:$F$14531,B10) -> 7 | G10: =COUNTIFS(Positions!$B$2:$B$14531,A10,Positions!$F$2:$F$14531,B10,Positions!$E$2:$E$14531,"G") -> 0 | H10: =COUNTIFS(Positions!$B$2:$B$14531,A10,Positions!$F$2:$F$14531,B10,Positions!$E$2:$E$14531,"C") -> 1 | I10: =G10+H10 -> 1 | J10: =IF(F10=0,0,I10/F10) -> 0.14285714
A11: tdbR00000588 Asp-GUC | B11: Positions 8, 9, 26 | C11: 8, 9, 26 | D11: 8, 9, 29 | E11: UAG | F11: =COUNTIFS(Positions!$B$2:$B$14531,A11,Positions!$F$2:$F$14531,"Position 8")+COUNTIFS(Positions!$B$2:$B$14531,A11,Positions!$F$2:$F$14531,"Position 9")+COUNTIFS(Positions!$B$2:$B$14531,A11,Positions!$F$2:$F$14531,"Position 26") -> 3 | G11: =COUNTIFS(Positions!$B$2:$B$14531,A11,Positions!$F$2:$F$14531,"Position 8",Positions!$E$2:$E$14531,"G")+COUNTIFS(Positions!$B$2:$B$14531,A11,Positions!$F$2:$F$14531,"Position 9",Positions!$E$2:$E$14531,"G")+COUNTIFS(Positions!$B$2:$B$14531,A11,Positions!$F$2:$F$14531,"Position 26",Positions!$E$2:$E$14531,"G") -> 1 | H11: =COUNTIFS(Positions!$B$2:$B$14531,A11,Positions!$F$2:$F$14531,"Position 8",Positions!$E$2:$E$14531,"C")+COUNTIFS(Positions!$B$2:$B$14531,A11,Positions!$F$2:$F$14531,"Position 9",Positions!$E$2:$E$14531,"C")+COUNTIFS(Positions!$B$2:$B$14531,A11,Positions!$F$2:$F$14531,"Position 26",Positions!$E$2:$E$14531,"C") -> 0 | I11: =G11+H11 -> 1 | J11: =IF(F11=0,0,I11/F11) -> 0.33333333
A12: tdbR00000583 Cys-GCA | B12: D-loop | C12: 14–21 | D12: 14–22 | E12: AGCGGUCUA | F12: =COUNTIFS(Positions!$B$2:$B$14531,A12,Positions!$F$2:$F$14531,B12) -> 9 | G12: =COUNTIFS(Positions!$B$2:$B$14531,A12,Positions!$F$2:$F$14531,B12,Positions!$E$2:$E$14531,"G") -> 3 | H12: =COUNTIFS(Positions!$B$2:$B$14531,A12,Positions!$F$2:$F$14531,B12,Positions!$E$2:$E$14531,"C") -> 2 | I12: =G12+H12 -> 5 | J12: =IF(F12=0,0,I12/F12) -> 0.55555556
A13: tdbR00000583 Cys-GCA | B13: Anticodon loop | C13: 32–38 | D13: 33–39 | E13: CUGCAGA | F13: =COUNTIFS(Positions!$B$2:$B$14531,A13,Positions!$F$2:$F$14531,B13) -> 7 | G13: =COUNTIFS(Positions!$B$2:$B$14531,A13,Positions!$F$2:$F$14531,B13,Positions!$E$2:$E$14531,"G") -> 2 | H13: =COUNTIFS(Positions!$B$2:$B$14531,A13,Positions!$F$2:$F$14531,B13,Positions!$E$2:$E$14531,"C") -> 2 | I13: =G13+H13 -> 4 | J13: =IF(F13=0,0,I13/F13) -> 0.57142857
A14: tdbR00000583 Cys-GCA | B14: Variable loop | C14: 44–48 | D14: 45–50 | E14: UAGUUC | F14: =COUNTIFS(Positions!$B$2:$B$14531,A14,Positions!$F$2:$F$14531,B14) -> 6 | G14: =COUNTIFS(Positions!$B$2:$B$14531,A14,Positions!$F$2:$F$14531,B14,Positions!$E$2:$E$14531,"G") -> 1 | H14: =COUNTIFS(Positions!$B$2:$B$14531,A14,Positions!$F$2:$F$14531,B14,Positions!$E$2:$E$14531,"C") -> 1 | I14: =G14+H14 -> 2 | J14: =IF(F14=0,0,I14/F14) -> 0.33333333
A15: tdbR00000583 Cys-GCA | B15: TΨC-loop | C15: 54–60 | D15: 56–62 | E15: UUCGAAU | F15: =COUNTIFS(Positions!$B$2:$B$14531,A15,Positions!$F$2:$F$14531,B15) -> 7 | G15: =COUNTIFS(Positions!$B$2:$B$14531,A15,Positions!$F$2:$F$14531,B15,Positions!$E$2:$E$14531,"G") -> 1 | H15: =COUNTIFS(Positions!$B$2:$B$14531,A15,Positions!$F$2:$F$14531,B15,Positions!$E$2:$E$14531,"C") -> 1 | I15: =G15+H15 -> 2 | J15: =IF(F15=0,0,I15/F15) -> 0.28571429
A16: tdbR00000583 Cys-GCA | B16: Positions 8, 9, 26 | C16: 8, 9, 26 | D16: 8, 9, 27 | E16: UGG | F16: =COUNTIFS(Positions!$B$2:$B$14531,A16,Positions!$F$2:$F$14531,"Position 8")+COUNTIFS(Positions!$B$2:$B$14531,A16,Positions!$F$2:$F$14531,"Position 9")+COUNTIFS(Positions!$B$2:$B$14531,A16,Positions!$F$2:$F$14531,"Position 26") -> 3 | G16: =COUNTIFS(Positions!$B$2:$B$14531,A16,Positions!$F$2:$F$14531,"Position 8",Positions!$E$2:$E$14531,"G")+COUNTIFS(Positions!$B$2:$B$14531,A16,Positions!$F$2:$F$14531,"Position 9",Positions!$E$2:$E$14531,"G")+COUNTIFS(Positions!$B$2:$B$14531,A16,Positions!$F$2:$F$14531,"Position 26",Positions!$E$2:$E$14531,"G") -> 2 | H16: =COUNTIFS(Positions!$B$2:$B$14531,A16,Positions!$F$2:$F$14531,"Position 8",Positions!$E$2:$E$14531,"C")+COUNTIFS(Positions!$B$2:$B$14531,A16,Positions!$F$2:$F$14531,"Position 9",Positions!$E$2:$E$14531,"C")+COUNTIFS(Positions!$B$2:$B$14531,A16,Positions!$F$2:$F$14531,"Position 26",Positions!$E$2:$E$14531,"C") -> 0 | I16: =G16+H16 -> 2 | J16: =IF(F16=0,0,I16/F16) -> 0.66666667
A17: tdbR00000581 Lys-CUU | B17: D-loop | C17: 14–21 | D17: 14–22 | E17: AGCCUGGUA | F17: =COUNTIFS(Positions!$B$2:$B$14531,A17,Positions!$F$2:$F$14531,B17) -> 9 | G17: =COUNTIFS(Positions!$B$2:$B$14531,A17,Positions!$F$2:$F$14531,B17,Positions!$E$2:$E$14531,"G") -> 3 | H17: =COUNTIFS(Positions!$B$2:$B$14531,A17,Positions!$F$2:$F$14531,B17,Positions!$E$2:$E$14531,"C") -> 2 | I17: =G17+H17 -> 5 | J17: =IF(F17=0,0,I17/F17) -> 0.55555556
A18: tdbR00000581 Lys-CUU | B18: Anticodon loop | C18: 32–38 | D18: 33–39 | E18: CUCUUAA | F18: =COUNTIFS(Positions!$B$2:$B$14531,A18,Positions!$F$2:$F$14531,B18) -> 7 | G18: =COUNTIFS(Positions!$B$2:$B$14531,A18,Positions!$F$2:$F$14531,B18,Positions!$E$2:$E$14531,"G") -> 0 | H18: =COUNTIFS(Positions!$B$2:$B$14531,A18,Positions!$F$2:$F$14531,B18,Positions!$E$2:$E$14531,"C") -> 2 | I18: =G18+H18 -> 2 | J18: =IF(F18=0,0,I18/F18) -> 0.28571429
A19: tdbR00000581 Lys-CUU | B19: Variable loop | C19: 44–48 | D19: 45–57 | E19: GAGGGAGGAAGUC | F19: =COUNTIFS(Positions!$B$2:$B$14531,A19,Positions!$F$2:$F$14531,B19) -> 13 | G19: =COUNTIFS(Positions!$B$2:$B$14531,A19,Positions!$F$2:$F$14531,B19,Positions!$E$2:$E$14531,"G") -> 7 | H19: =COUNTIFS(Positions!$B$2:$B$14531,A19,Positions!$F$2:$F$14531,B19,Positions!$E$2:$E$14531,"C") -> 1 | I19: =G19+H19 -> 8 | J19: =IF(F19=0,0,I19/F19) -> 0.61538462
A20: tdbR00000581 Lys-CUU | B20: TΨC-loop | C20: 54–60 | D20: 63–69 | E20: UUCAAAU | F20: =COUNTIFS(Positions!$B$2:$B$14531,A20,Positions!$F$2:$F$14531,B20) -> 7 | G20: =COUNTIFS(Positions!$B$2:$B$14531,A20,Positions!$F$2:$F$14531,B20,Positions!$E$2:$E$14531,"G") -> 0 | H20: =COUNTIFS(Positions!$B$2:$B$14531,A20,Positions!$F$2:$F$14531,B20,Positions!$E$2:$E$14531,"C") -> 1 | I20: =G20+H20 -> 1 | J20: =IF(F20=0,0,I20/F20) -> 0.14285714
A21: tdbR00000581 Lys-CUU | B21: Positions 8, 9, 26 | C21: 8, 9, 26 | D21: 8, 9, 27 | E21: UAG | F21: =COUNTIFS(Positions!$B$2:$B$14531,A21,Positions!$F$2:$F$14531,"Position 8")+COUNTIFS(Positions!$B$2:$B$14531,A21,Positions!$F$2:$F$14531,"Position 9")+COUNTIFS(Positions!$B$2:$B$14531,A21,Positions!$F$2:$F$14531,"Position 26") -> 3 | G21: =COUNTIFS(Positions!$B$2:$B$14531,A21,Positions!$F$2:$F$14531,"Position 8",Positions!$E$2:$E$14531,"G")+COUNTIFS(Positions!$B$2:$B$14531,A21,Positions!$F$2:$F$14531,"Position 9",Positions!$E$2:$E$14531,"G")+COUNTIFS(Positions!$B$2:$B$14531,A21,Positions!$F$2:$F$14531,"Position 26",Positions!$E$2:$E$14531,"G") -> 1 | H21: =COUNTIFS(Positions!$B$2:$B$14531,A21,Positions!$F$2:$F$14531,"Position 8",Positions!$E$2:$E$14531,"C")+COUNTIFS(Positions!$B$2:$B$14531,A21,Positions!$F$2:$F$14531,"Position 9",Positions!$E$2:$E$14531,"C")+COUNTIFS(Positions!$B$2:$B$14531,A21,Positions!$F$2:$F$14531,"Position 26",Positions!$E$2:$E$14531,"C") -> 0 | I21: =G21+H21 -> 1 | J21: =IF(F21=0,0,I21/F21) -> 0.33333333
A22: tdbR00000580 Lys-UUU | B22: D-loop | C22: 14–21 | D22: 14–22 | E22: AGCCCGGCA | F22: =COUNTIFS(Positions!$B$2:$B$14531,A22,Positions!$F$2:$F$14531,B22) -> 9 | G22: =COUNTIFS(Positions!$B$2:$B$14531,A22,Positions!$F$2:$F$14531,B22,Positions!$E$2:$E$14531,"G") -> 3 | H22: =COUNTIFS(Positions!$B$2:$B$14531,A22,Positions!$F$2:$F$14531,B22,Positions!$E$2:$E$14531,"C") -> 4 | I22: =G22+H22 -> 7 | J22: =IF(F22=0,0,I22/F22) -> 0.77777778
A23: tdbR00000580 Lys-UUU | B23: Anticodon loop | C23: 32–38 | D23: 33–39 | E23: CUUUUAC | F23: =COUNTIFS(Positions!$B$2:$B$14531,A23,Positions!$F$2:$F$14531,B23) -> 7 | G23: =COUNTIFS(Positions!$B$2:$B$14531,A23,Positions!$F$2:$F$14531,B23,Positions!$E$2:$E$14531,"G") -> 0 | H23: =COUNTIFS(Positions!$B$2:$B$14531,A23,Positions!$F$2:$F$14531,B23,Positions!$E$2:$E$14531,"C") -> 2 | I23: =G23+H23 -> 2 | J23: =IF(F23=0,0,I23/F23) -> 0.28571429
A24: tdbR00000580 Lys-UUU | B24: Variable loop | C24: 44–48 | D24: 45–52 | E24: GGAAGGUC | F24: =COUNTIFS(Positions!$B$2:$B$14531,A24,Positions!$F$2:$F$14531,B24) -> 8 | G24: =COUNTIFS(Positions!$B$2:$B$14531,A24,Positions!$F$2:$F$14531,B24,Positions!$E$2:$E$14531,"G") -> 4 | H24: =COUNTIFS(Positions!$B$2:$B$14531,A24,Positions!$F$2:$F$14531,B24,Positions!$E$2:$E$14531,"C") -> 1 | I24: =G24+H24 -> 5 | J24: =IF(F24=0,0,I24/F24) -> 0.625
A25: tdbR00000580 Lys-UUU | B25: TΨC-loop | C25: 54–60 | D25: 58–64 | E25: UUCAAAU | F25: =COUNTIFS(Positions!$B$2:$B$14531,A25,Positions!$F$2:$F$14531,B25) -> 7 | G25: =COUNTIFS(Positions!$B$2:$B$14531,A25,Positions!$F$2:$F$14531,B25,Positions!$E$2:$E$14531,"G") -> 0 | H25: =COUNTIFS(Positions!$B$2:$B$14531,A25,Positions!$F$2:$F$14531,B25,Positions!$E$2:$E$14531,"C") -> 1 | I25: =G25+H25 -> 1 | J25: =IF(F25=0,0,I25/F25) -> 0.14285714
A26: tdbR00000580 Lys-UUU | B26: Positions 8, 9, 26 | C26: 8, 9, 26 | D26: 8, 9, 27 | E26: UAG | F26: =COUNTIFS(Positions!$B$2:$B$14531,A26,Positions!$F$2:$F$14531,"Position 8")+COUNTIFS(Positions!$B$2:$B$14531,A26,Positions!$F$2:$F$14531,"Position 9")+COUNTIFS(Positions!$B$2:$B$14531,A26,Positions!$F$2:$F$14531,"Position 26") -> 3 | G26: =COUNTIFS(Positions!$B$2:$B$14531,A26,Positions!$F$2:$F$14531,"Position 8",Positions!$E$2:$E$14531,"G")+COUNTIFS(Positions!$B$2:$B$14531,A26,Positions!$F$2:$F$14531,"Position 9",Positions!$E$2:$E$14531,"G")+COUNTIFS(Positions!$B$2:$B$14531,A26,Positions!$F$2:$F$14531,"Position 26",Positions!$E$2:$E$14531,"G") -> 1 | H26: =COUNTIFS(Positions!$B$2:$B$14531,A26,Positions!$F$2:$F$14531,"Position 8",Positions!$E$2:$E$14531,"C")+COUNTIFS(Positions!$B$2:$B$14531,A26,Positions!$F$2:$F$14531,"Position 9",Positions!$E$2:$E$14531,"C")+COUNTIFS(Positions!$B$2:$B$14531,A26,Positions!$F$2:$F$14531,"Position 26",Positions!$E$2:$E$14531,"C") -> 0 | I26: =G26+H26 -> 1 | J26: =IF(F26=0,0,I26/F26) -> 0.33333333
A27: tdbR00000586 Met-CAU | B27: D-loop | C27: 14–21 | D27: 14–22 | E27: AGCCAGGUA | F27: =COUNTIFS(Positions!$B$2:$B$14531,A27,Positions!$F$2:$F$14531,B27) -> 9 | G27: =COUNTIFS(Positions!$B$2:$B$14531,A27,Positions!$F$2:$F$14531,B27,Positions!$E$2:$E$14531,"G") -> 3 | H27: =COUNTIFS(Positions!$B$2:$B$14531,A27,Positions!$F$2:$F$14531,B27,Positions!$E$2:$E$14531,"C") -> 2 | I27: =G27+H27 -> 5 | J27: =IF(F27=0,0,I27/F27) -> 0.55555556
A28: tdbR00000586 Met-CAU | B28: Anticodon loop | C28: 32–38 | D28: 33–39 | E28: CUCAUAA | F28: =COUNTIFS(Positions!$B$2:$B$14531,A28,Positions!$F$2:$F$14531,B28) -> 7 | G28: =COUNTIFS(Positions!$B$2:$B$14531,A28,Positions!$F$2:$F$14531,B28,Positions!$E$2:$E$14531,"G") -> 0 | H28: =COUNTIFS(Positions!$B$2:$B$14531,A28,Positions!$F$2:$F$14531,B28,Positions!$E$2:$E$14531,"C") -> 2 | I28: =G28+H28 -> 2 | J28: =IF(F28=0,0,I28/F28) -> 0.28571429
A29: tdbR00000586 Met-CAU | B29: Variable loop | C29: 44–48 | D29: 45–49 | E29: UGGUC | F29: =COUNTIFS(Positions!$B$2:$B$14531,A29,Positions!$F$2:$F$14531,B29) -> 5 | G29: =COUNTIFS(Positions!$B$2:$B$14531,A29,Positions!$F$2:$F$14531,B29,Positions!$E$2:$E$14531,"G") -> 2 | H29: =COUNTIFS(Positions!$B$2:$B$14531,A29,Positions!$F$2:$F$14531,B29,Positions!$E$2:$E$14531,"C") -> 1 | I29: =G29+H29 -> 3 | J29: =IF(F29=0,0,I29/F29) -> 0.6
A30: tdbR00000586 Met-CAU | B30: TΨC-loop | C30: 54–60 | D30: 55–61 | E30: UUCAAAU | F30: =COUNTIFS(Positions!$B$2:$B$14531,A30,Positions!$F$2:$F$14531,B30) -> 7 | G30: =COUNTIFS(Positions!$B$2:$B$14531,A30,Positions!$F$2:$F$14531,B30,Positions!$E$2:$E$14531,"G") -> 0 | H30: =COUNTIFS(Positions!$B$2:$B$14531,A30,Positions!$F$2:$F$14531,B30,Positions!$E$2:$E$14531,"C") -> 1 | I30: =G30+H30 -> 1 | J30: =IF(F30=0,0,I30/F30) -> 0.14285714
A31: tdbR00000586 Met-CAU | B31: Positions 8, 9, 26 | C31: 8, 9, 26 | D31: 8, 9, 27 | E31: UAG | F31: =COUNTIFS(Positions!$B$2:$B$14531,A31,Positions!$F$2:$F$14531,"Position 8")+COUNTIFS(Positions!$B$2:$B$14531,A31,Positions!$F$2:$F$14531,"Position 9")+COUNTIFS(Positions!$B$2:$B$14531,A31,Positions!$F$2:$F$14531,"Position 26") -> 3 | G31: =COUNTIFS(Positions!$B$2:$B$14531,A31,Positions!$F$2:$F$14531,"Position 8",Positions!$E$2:$E$14531,"G")+COUNTIFS(Positions!$B$2:$B$14531,A31,Positions!$F$2:$F$14531,"Position 9",Positions!$E$2:$E$14531,"G")+COUNTIFS(Positions!$B$2:$B$14531,A31,Positions!$F$2:$F$14531,"Position 26",Positions!$E$2:$E$14531,"G") -> 1 | H31: =COUNTIFS(Positions!$B$2:$B$14531,A31,Positions!$F$2:$F$14531,"Position 8",Positions!$E$2:$E$14531,"C")+COUNTIFS(Positions!$B$2:$B$14531,A31,Positions!$F$2:$F$14531,"Position 9",Positions!$E$2:$E$14531,"C")+COUNTIFS(Positions!$B$2:$B$14531,A31,Positions!$F$2:$F$14531,"Position 26",Positions!$E$2:$E$14531,"C") -> 0 | I31: =G31+H31 -> 1 | J31: =IF(F31=0,0,I31/F31) -> 0.33333333
A32: tdbR00000587 Met-CAU | B32: D-loop | C32: 14–21 | D32: 14–22 | E32: AGCCUGGCA | F32: =COUNTIFS(Positions!$B$2:$B$14531,A32,Positions!$F$2:$F$14531,B32) -> 9 | G32: =COUNTIFS(Positions!$B$2:$B$14531,A32,Positions!$F$2:$F$14531,B32,Positions!$E$2:$E$14531,"G") -> 3 | H32: =COUNTIFS(Positions!$B$2:$B$14531,A32,Positions!$F$2:$F$14531,B32,Positions!$E$2:$E$14531,"C") -> 3 | I32: =G32+H32 -> 6 | J32: =IF(F32=0,0,I32/F32) -> 0.66666667
A33: tdbR00000587 Met-CAU | B33: Anticodon loop | C33: 32–38 | D33: 33–39 | E33: CUCAUAA | F33: =COUNTIFS(Positions!$B$2:$B$14531,A33,Positions!$F$2:$F$14531,B33) -> 7 | G33: =COUNTIFS(Positions!$B$2:$B$14531,A33,Positions!$F$2:$F$14531,B33,Positions!$E$2:$E$14531,"G") -> 0 | H33: =COUNTIFS(Positions!$B$2:$B$14531,A33,Positions!$F$2:$F$14531,B33,Positions!$E$2:$E$14531,"C") -> 2 | I33: =G33+H33 -> 2 | J33: =IF(F33=0,0,I33/F33) -> 0.28571429
A34: tdbR00000587 Met-CAU | B34: Variable loop | C34: 44–48 | D34: 45–49 | E34: AGGUC | F34: =COUNTIFS(Positions!$B$2:$B$14531,A34,Positions!$F$2:$F$14531,B34) -> 5 | G34: =COUNTIFS(Positions!$B$2:$B$14531,A34,Positions!$F$2:$F$14531,B34,Positions!$E$2:$E$14531,"G") -> 2 | H34: =COUNTIFS(Positions!$B$2:$B$14531,A34,Positions!$F$2:$F$14531,B34,Positions!$E$2:$E$14531,"C") -> 1 | I34: =G34+H34 -> 3 | J34: =IF(F34=0,0,I34/F34) -> 0.6
A35: tdbR00000587 Met-CAU | B35: TΨC-loop | C35: 54–60 | D35: 55–61 | E35: UUCGAAU | F35: =COUNTIFS(Positions!$B$2:$B$14531,A35,Positions!$F$2:$F$14531,B35) -> 7 | G35: =COUNTIFS(Positions!$B$2:$B$14531,A35,Positions!$F$2:$F$14531,B35,Positions!$E$2:$E$14531,"G") -> 1 | H35: =COUNTIFS(Positions!$B$2:$B$14531,A35,Positions!$F$2:$F$14531,B35,Positions!$E$2:$E$14531,"C") -> 1 | I35: =G35+H35 -> 2 | J35: =IF(F35=0,0,I35/F35) -> 0.28571429
A36: tdbR00000587 Met-CAU | B36: Positions 8, 9, 26 | C36: 8, 9, 26 | D36: 8, 9, 27 | E36: UAG | F36: =COUNTIFS(Positions!$B$2:$B$14531,A36,Positions!$F$2:$F$14531,"Position 8")+COUNTIFS(Positions!$B$2:$B$14531,A36,Positions!$F$2:$F$14531,"Position 9")+COUNTIFS(Positions!$B$2:$B$14531,A36,Positions!$F$2:$F$14531,"Position 26") -> 3 | G36: =COUNTIFS(Positions!$B$2:$B$14531,A36,Positions!$F$2:$F$14531,"Position 8",Positions!$E$2:$E$14531,"G")+COUNTIFS(Positions!$B$2:$B$14531,A36,Positions!$F$2:$F$14531,"Position 9",Positions!$E$2:$E$14531,"G")+COUNTIFS(Positions!$B$2:$B$14531,A36,Positions!$F$2:$F$14531,"Position 26",Positions!$E$2:$E$14531,"G") -> 1 | H36: =COUNTIFS(Positions!$B$2:$B$14531,A36,Positions!$F$2:$F$14531,"Position 8",Positions!$E$2:$E$14531,"C")+COUNTIFS(Positions!$B$2:$B$14531,A36,Positions!$F$2:$F$14531,"Position 9",Positions!$E$2:$E$14531,"C")+COUNTIFS(Positions!$B$2:$B$14531,A36,Positions!$F$2:$F$14531,"Position 26",Positions!$E$2:$E$14531,"C") -> 0 | I36: =G36+H36 -> 1 | J36: =IF(F36=0,0,I36/F36) -> 0.33333333
A37: tdbR00000579 Pro-CGG | B37: D-loop | C37: 14–21 | D37: 14–23 | E37: AGCCUGGCUA | F37: =COUNTIFS(Positions!$B$2:$B$14531,A37,Positions!$F$2:$F$14531,B37) -> 10 | G37: =COUNTIFS(Positions!$B$2:$B$14531,A37,Positions!$F$2:$F$14531,B37,Positions!$E$2:$E$14531,"G") -> 3 | H37: =COUNTIFS(Positions!$B$2:$B$14531,A37,Positions!$F$2:$F$14531,B37,Positions!$E$2:$E$14531,"C") -> 3 | I37: =G37+H37 -> 6 | J37: =IF(F37=0,0,I37/F37) -> 0.6
A38: tdbR00000579 Pro-CGG | B38: Anticodon loop | C38: 32–38 | D38: 34–40 | E38: UACGGGA | F38: =COUNTIFS(Positions!$B$2:$B$14531,A38,Positions!$F$2:$F$14531,B38) -> 7 | G38: =COUNTIFS(Positions!$B$2:$B$14531,A38,Positions!$F$2:$F$14531,B38,Positions!$E$2:$E$14531,"G") -> 3 | H38: =COUNTIFS(Positions!$B$2:$B$14531,A38,Positions!$F$2:$F$14531,B38,Positions!$E$2:$E$14531,"C") -> 1 | I38: =G38+H38 -> 4 | J38: =IF(F38=0,0,I38/F38) -> 0.57142857
A39: tdbR00000579 Pro-CGG | B39: Variable loop | C39: 44–48 | D39: 46–50 | E39: UGGUC | F39: =COUNTIFS(Positions!$B$2:$B$14531,A39,Positions!$F$2:$F$14531,B39) -> 5 | G39: =COUNTIFS(Positions!$B$2:$B$14531,A39,Positions!$F$2:$F$14531,B39,Positions!$E$2:$E$14531,"G") -> 2 | H39: =COUNTIFS(Positions!$B$2:$B$14531,A39,Positions!$F$2:$F$14531,B39,Positions!$E$2:$E$14531,"C") -> 1 | I39: =G39+H39 -> 3 | J39: =IF(F39=0,0,I39/F39) -> 0.6
A40: tdbR00000579 Pro-CGG | B40: TΨC-loop | C40: 54–60 | D40: 56–62 | E40: UUCAAAU | F40: =COUNTIFS(Positions!$B$2:$B$14531,A40,Positions!$F$2:$F$14531,B40) -> 7 | G40: =COUNTIFS(Positions!$B$2:$B$14531,A40,Positions!$F$2:$F$14531,B40,Positions!$E$2:$E$14531,"G") -> 0 | H40: =COUNTIFS(Positions!$B$2:$B$14531,A40,Positions!$F$2:$F$14531,B40,Positions!$E$2:$E$14531,"C") -> 1 | I40: =G40+H40 -> 1 | J40: =IF(F40=0,0,I40/F40) -> 0.14285714
A41: tdbR00000579 Pro-CGG | B41: Positions 8, 9, 26 | C41: 8, 9, 26 | D41: 8, 9, 28 | E41: UCG | F41: =COUNTIFS(Positions!$B$2:$B$14531,A41,Positions!$F$2:$F$14531,"Position 8")+COUNTIFS(Positions!$B$2:$B$14531,A41,Positions!$F$2:$F$14531,"Position 9")+COUNTIFS(Positions!$B$2:$B$14531,A41,Positions!$F$2:$F$14531,"Position 26") -> 3 | G41: =COUNTIFS(Positions!$B$2:$B$14531,A41,Positions!$F$2:$F$14531,"Position 8",Positions!$E$2:$E$14531,"G")+COUNTIFS(Positions!$B$2:$B$14531,A41,Positions!$F$2:$F$14531,"Position 9",Positions!$E$2:$E$14531,"G")+COUNTIFS(Positions!$B$2:$B$14531,A41,Positions!$F$2:$F$14531,"Position 26",Positions!$E$2:$E$14531,"G") -> 1 | H41: =COUNTIFS(Positions!$B$2:$B$14531,A41,Positions!$F$2:$F$14531,"Position 8",Positions!$E$2:$E$14531,"C")+COUNTIFS(Positions!$B$2:$B$14531,A41,Positions!$F$2:$F$14531,"Position 9",Positions!$E$2:$E$14531,"C")+COUNTIFS(Positions!$B$2:$B$14531,A41,Positions!$F$2:$F$14531,"Position 26",Positions!$E$2:$E$14531,"C") -> 1 | I41: =G41+H41 -> 2 | J41: =IF(F41=0,0,I41/F41) -> 0.66666667
A42: tdbR00000584 Pro-GGG | B42: D-loop | C42: 14–21 | D42: 14–23 | E42: AGCCUGGCUA | F42: =COUNTIFS(Positions!$B$2:$B$14531,A42,Positions!$F$2:$F$14531,B42) -> 10 | G42: =COUNTIFS(Positions!$B$2:$B$14531,A42,Positions!$F$2:$F$14531,B42,Positions!$E$2:$E$14531,"G") -> 3 | H42: =COUNTIFS(Positions!$B$2:$B$14531,A42,Positions!$F$2:$F$14531,B42,Positions!$E$2:$E$14531,"C") -> 3 | I42: =G42+H42 -> 6 | J42: =IF(F42=0,0,I42/F42) -> 0.6
A43: tdbR00000584 Pro-GGG | B43: Anticodon loop | C43: 32–38 | D43: 34–40 | E43: CUGGGGC | F43: =COUNTIFS(Positions!$B$2:$B$14531,A43,Positions!$F$2:$F$14531,B43) -> 7 | G43: =COUNTIFS(Positions!$B$2:$B$14531,A43,Positions!$F$2:$F$14531,B43,Positions!$E$2:$E$14531,"G") -> 4 | H43: =COUNTIFS(Positions!$B$2:$B$14531,A43,Positions!$F$2:$F$14531,B43,Positions!$E$2:$E$14531,"C") -> 2 | I43: =G43+H43 -> 6 | J43: =IF(F43=0,0,I43/F43) -> 0.85714286
A44: tdbR00000584 Pro-GGG | B44: Variable loop | C44: 44–48 | D44: 46–50 | E44: UGGUC | F44: =COUNTIFS(Positions!$B$2:$B$14531,A44,Positions!$F$2:$F$14531,B44) -> 5 | G44: =COUNTIFS(Positions!$B$2:$B$14531,A44,Positions!$F$2:$F$14531,B44,Positions!$E$2:$E$14531,"G") -> 2 | H44: =COUNTIFS(Positions!$B$2:$B$14531,A44,Positions!$F$2:$F$14531,B44,Positions!$E$2:$E$14531,"C") -> 1 | I44: =G44+H44 -> 3 | J44: =IF(F44=0,0,I44/F44) -> 0.6
A45: tdbR00000584 Pro-GGG | B45: TΨC-loop | C45: 54–60 | D45: 56–62 | E45: UUCAAAU | F45: =COUNTIFS(Positions!$B$2:$B$14531,A45,Positions!$F$2:$F$14531,B45) -> 7 | G45: =COUNTIFS(Positions!$B$2:$B$14531,A45,Positions!$F$2:$F$14531,B45,Positions!$E$2:$E$14531,"G") -> 0 | H45: =COUNTIFS(Positions!$B$2:$B$14531,A45,Positions!$F$2:$F$14531,B45,Positions!$E$2:$E$14531,"C") -> 1 | I45: =G45+H45 -> 1 | J45: =IF(F45=0,0,I45/F45) -> 0.14285714
A46: tdbR00000584 Pro-GGG | B46: Positions 8, 9, 26 | C46: 8, 9, 26 | D46: 8, 9, 28 | E46: UCG | F46: =COUNTIFS(Positions!$B$2:$B$14531,A46,Positions!$F$2:$F$14531,"Position 8")+COUNTIFS(Positions!$B$2:$B$14531,A46,Positions!$F$2:$F$14531,"Position 9")+COUNTIFS(Positions!$B$2:$B$14531,A46,Positions!$F$2:$F$14531,"Position 26") -> 3 | G46: =COUNTIFS(Positions!$B$2:$B$14531,A46,Positions!$F$2:$F$14531,"Position 8",Positions!$E$2:$E$14531,"G")+COUNTIFS(Positions!$B$2:$B$14531,A46,Positions!$F$2:$F$14531,"Position 9",Positions!$E$2:$E$14531,"G")+COUNTIFS(Positions!$B$2:$B$14531,A46,Positions!$F$2:$F$14531,"Position 26",Positions!$E$2:$E$14531,"G") -> 1 | H46: =COUNTIFS(Positions!$B$2:$B$14531,A46,Positions!$F$2:$F$14531,"Position 8",Positions!$E$2:$E$14531,"C")+COUNTIFS(Positions!$B$2:$B$14531,A46,Positions!$F$2:$F$14531,"Position 9",Positions!$E$2:$E$14531,"C")+COUNTIFS(Positions!$B$2:$B$14531,A46,Positions!$F$2:$F$14531,"Position 26",Positions!$E$2:$E$14531,"C") -> 1 | I46: =G46+H46 -> 2 | J46: =IF(F46=0,0,I46/F46) -> 0.66666667
A47: tdbR00000585 Thr-CGU | B47: D-loop | C47: 14–21 | D47: 14–20 | E47: AGCGGUA | F47: =COUNTIFS(Positions!$B$2:$B$14531,A47,Positions!$F$2:$F$14531,B47) -> 7 | G47: =COUNTIFS(Positions!$B$2:$B$14531,A47,Positions!$F$2:$F$14531,B47,Positions!$E$2:$E$14531,"G") -> 3 | H47: =COUNTIFS(Positions!$B$2:$B$14531,A47,Positions!$F$2:$F$14531,B47,Positions!$E$2:$E$14531,"C") -> 1 | I47: =G47+H47 -> 4 | J47: =IF(F47=0,0,I47/F47) -> 0.57142857
A48: tdbR00000585 Thr-CGU | B48: Anticodon loop | C48: 32–38 | D48: 31–37 | E48: CUCGUAA | F48: =COUNTIFS(Positions!$B$2:$B$14531,A48,Positions!$F$2:$F$14531,B48) -> 7 | G48: =COUNTIFS(Positions!$B$2:$B$14531,A48,Positions!$F$2:$F$14531,B48,Positions!$E$2:$E$14531,"G") -> 1 | H48: =COUNTIFS(Positions!$B$2:$B$14531,A48,Positions!$F$2:$F$14531,B48,Positions!$E$2:$E$14531,"C") -> 2 | I48: =G48+H48 -> 3 | J48: =IF(F48=0,0,I48/F48) -> 0.42857143
A49: tdbR00000585 Thr-CGU | B49: Variable loop | C49: 44–48 | D49: 43–47 | E49: UGGUC | F49: =COUNTIFS(Positions!$B$2:$B$14531,A49,Positions!$F$2:$F$14531,B49) -> 5 | G49: =COUNTIFS(Positions!$B$2:$B$14531,A49,Positions!$F$2:$F$14531,B49,Positions!$E$2:$E$14531,"G") -> 2 | H49: =COUNTIFS(Positions!$B$2:$B$14531,A49,Positions!$F$2:$F$14531,B49,Positions!$E$2:$E$14531,"C") -> 1 | I49: =G49+H49 -> 3 | J49: =IF(F49=0,0,I49/F49) -> 0.6
A50: tdbR00000585 Thr-CGU | B50: TΨC-loop | C50: 54–60 | D50: 53–59 | E50: UUCGAAU | F50: =COUNTIFS(Positions!$B$2:$B$14531,A50,Positions!$F$2:$F$14531,B50) -> 7 | G50: =COUNTIFS(Positions!$B$2:$B$14531,A50,Positions!$F$2:$F$14531,B50,Positions!$E$2:$E$14531,"G") -> 1 | H50: =COUNTIFS(Positions!$B$2:$B$14531,A50,Positions!$F$2:$F$14531,B50,Positions!$E$2:$E$14531,"C") -> 1 | I50: =G50+H50 -> 2 | J50: =IF(F50=0,0,I50/F50) -> 0.28571429
A51: tdbR00000585 Thr-CGU | B51: Positions 8, 9, 26 | C51: 8, 9, 26 | D51: 8, 9, 25 | E51: UAG | F51: =COUNTIFS(Positions!$B$2:$B$14531,A51,Positions!$F$2:$F$14531,"Position 8")+COUNTIFS(Positions!$B$2:$B$14531,A51,Positions!$F$2:$F$14531,"Position 9")+COUNTIFS(Positions!$B$2:$B$14531,A51,Positions!$F$2:$F$14531,"Position 26") -> 3 | G51: =COUNTIFS(Positions!$B$2:$B$14531,A51,Positions!$F$2:$F$14531,"Position 8",Positions!$E$2:$E$14531,"G")+COUNTIFS(Positions!$B$2:$B$14531,A51,Positions!$F$2:$F$14531,"Position 9",Positions!$E$2:$E$14531,"G")+COUNTIFS(Positions!$B$2:$B$14531,A51,Positions!$F$2:$F$14531,"Position 26",Positions!$E$2:$E$14531,"G") -> 1 | H51: =COUNTIFS(Positions!$B$2:$B$14531,A51,Positions!$F$2:$F$14531,"Position 8",Positions!$E$2:$E$14531,"C")+COUNTIFS(Positions!$B$2:$B$14531,A51,Positions!$F$2:$F$14531,"Position 9",Positions!$E$2:$E$14531,"C")+COUNTIFS(Positions!$B$2:$B$14531,A51,Positions!$F$2:$F$14531,"Position 26",Positions!$E$2:$E$14531,"C") -> 0 | I51: =G51+H51 -> 1 | J51: =IF(F51=0,0,I51/F51) -> 0.33333333
A52: tdbR00000582 Tyr-GUA | B52: D-loop | C52: 14–21 | D52: 14–20 | E52: AGCGGCA | F52: =COUNTIFS(Positions!$B$2:$B$14531,A52,Positions!$F$2:$F$14531,B52) -> 7 | G52: =COUNTIFS(Positions!$B$2:$B$14531,A52,Positions!$F$2:$F$14531,B52,Positions!$E$2:$E$14531,"G") -> 3 | H52: =COUNTIFS(Positions!$B$2:$B$14531,A52,Positions!$F$2:$F$14531,B52,Positions!$E$2:$E$14531,"C") -> 2 | I52: =G52+H52 -> 5 | J52: =IF(F52=0,0,I52/F52) -> 0.71428571
A53: tdbR00000582 Tyr-GUA | B53: Anticodon loop | C53: 32–38 | D53: 31–37 | E53: CUGUACA | F53: =COUNTIFS(Positions!$B$2:$B$14531,A53,Positions!$F$2:$F$14531,B53) -> 7 | G53: =COUNTIFS(Positions!$B$2:$B$14531,A53,Positions!$F$2:$F$14531,B53,Positions!$E$2:$E$14531,"G") -> 1 | H53: =COUNTIFS(Positions!$B$2:$B$14531,A53,Positions!$F$2:$F$14531,B53,Positions!$E$2:$E$14531,"C") -> 2 | I53: =G53+H53 -> 3 | J53: =IF(F53=0,0,I53/F53) -> 0.42857143
A54: tdbR00000582 Tyr-GUA | B54: Variable loop | C54: 44–48 | D54: 43–47 | E54: UGGUC | F54: =COUNTIFS(Positions!$B$2:$B$14531,A54,Positions!$F$2:$F$14531,B54) -> 5 | G54: =COUNTIFS(Positions!$B$2:$B$14531,A54,Positions!$F$2:$F$14531,B54,Positions!$E$2:$E$14531,"G") -> 2 | H54: =COUNTIFS(Positions!$B$2:$B$14531,A54,Positions!$F$2:$F$14531,B54,Positions!$E$2:$E$14531,"C") -> 1 | I54: =G54+H54 -> 3 | J54: =IF(F54=0,0,I54/F54) -> 0.6
A55: tdbR00000582 Tyr-GUA | B55: TΨC-loop | C55: 54–60 | D55: 53–59 | E55: UUCGAAU | F55: =COUNTIFS(Positions!$B$2:$B$14531,A55,Positions!$F$2:$F$14531,B55) -> 7 | G55: =COUNTIFS(Positions!$B$2:$B$14531,A55,Positions!$F$2:$F$14531,B55,Positions!$E$2:$E$14531,"G") -> 1 | H55: =COUNTIFS(Positions!$B$2:$B$14531,A55,Positions!$F$2:$F$14531,B55,Positions!$E$2:$E$14531,"C") -> 1 | I55: =G55+H55 -> 2 | J55: =IF(F55=0,0,I55/F55) -> 0.28571429
A56: tdbR00000582 Tyr-GUA | B56: Positions 8, 9, 26 | C56: 8, 9, 26 | D56: 8, 9, 25 | E56: UAG | F56: =COUNTIFS(Positions!$B$2:$B$14531,A56,Positions!$F$2:$F$14531,"Position 8")+COUNTIFS(Positions!$B$2:$B$14531,A56,Positions!$F$2:$F$14531,"Position 9")+COUNTIFS(Positions!$B$2:$B$14531,A56,Positions!$F$2:$F$14531,"Position 26") -> 3 | G56: =COUNTIFS(Positions!$B$2:$B$14531,A56,Positions!$F$2:$F$14531,"Position 8",Positions!$E$2:$E$14531,"G")+COUNTIFS(Positions!$B$2:$B$14531,A56,Positions!$F$2:$F$14531,"Position 9",Positions!$E$2:$E$14531,"G")+COUNTIFS(Positions!$B$2:$B$14531,A56,Positions!$F$2:$F$14531,"Position 26",Positions!$E$2:$E$14531,"G") -> 1 | H56: =COUNTIFS(Positions!$B$2:$B$14531,A56,Positions!$F$2:$F$14531,"Position 8",Positions!$E$2:$E$14531,"C")+COUNTIFS(Positions!$B$2:$B$14531,A56,Positions!$F$2:$F$14531,"Position 9",Positions!$E$2:$E$14531,"C")+COUNTIFS(Positions!$B$2:$B$14531,A56,Positions!$F$2:$F$14531,"Position 26",Positions!$E$2:$E$14531,"C") -> 0 | I56: =G56+H56 -> 1 | J56: =IF(F56=0,0,I56/F56) -> 0.33333333
A57: tdbR00000007 Ala-UGC | B57: D-loop | C57: 14–21 | D57: 14–21 | E57: AGCUGGGA | F57: =COUNTIFS(Positions!$B$2:$B$14531,A57,Positions!$F$2:$F$14531,B57) -> 8 | G57: =COUNTIFS(Positions!$B$2:$B$14531,A57,Positions!$F$2:$F$14531,B57,Positions!$E$2:$E$14531,"G") -> 4 | H57: =COUNTIFS(Positions!$B$2:$B$14531,A57,Positions!$F$2:$F$14531,B57,Positions!$E$2:$E$14531,"C") -> 1 | I57: =G57+H57 -> 5 | J57: =IF(F57=0,0,I57/F57) -> 0.625
A58: tdbR00000007 Ala-UGC | B58: Anticodon loop | C58: 32–38 | D58: 32–38 | E58: UUUGCAC | F58: =COUNTIFS(Positions!$B$2:$B$14531,A58,Positions!$F$2:$F$14531,B58) -> 7 | G58: =COUNTIFS(Positions!$B$2:$B$14531,A58,Positions!$F$2:$F$14531,B58,Positions!$E$2:$E$14531,"G") -> 1 | H58: =COUNTIFS(Positions!$B$2:$B$14531,A58,Positions!$F$2:$F$14531,B58,Positions!$E$2:$E$14531,"C") -> 2 | I58: =G58+H58 -> 3 | J58: =IF(F58=0,0,I58/F58) -> 0.42857143
A59: tdbR00000007 Ala-UGC | B59: Variable loop | C59: 44–48 | D59: 44–48 | E59: AGGUC | F59: =COUNTIFS(Positions!$B$2:$B$14531,A59,Positions!$F$2:$F$14531,B59) -> 5 | G59: =COUNTIFS(Positions!$B$2:$B$14531,A59,Positions!$F$2:$F$14531,B59,Positions!$E$2:$E$14531,"G") -> 2 | H59: =COUNTIFS(Positions!$B$2:$B$14531,A59,Positions!$F$2:$F$14531,B59,Positions!$E$2:$E$14531,"C") -> 1 | I59: =G59+H59 -> 3 | J59: =IF(F59=0,0,I59/F59) -> 0.6
A60: tdbR00000007 Ala-UGC | B60: TΨC-loop | C60: 54–60 | D60: 54–60 | E60: UUCGAUC | F60: =COUNTIFS(Positions!$B$2:$B$14531,A60,Positions!$F$2:$F$14531,B60) -> 7 | G60: =COUNTIFS(Positions!$B$2:$B$14531,A60,Positions!$F$2:$F$14531,B60,Positions!$E$2:$E$14531,"G") -> 1 | H60: =COUNTIFS(Positions!$B$2:$B$14531,A60,Positions!$F$2:$F$14531,B60,Positions!$E$2:$E$14531,"C") -> 2 | I60: =G60+H60 -> 3 | J60: =IF(F60=0,0,I60/F60) -> 0.42857143
A61: tdbR00000007 Ala-UGC | B61: Positions 8, 9, 26 | C61: 8, 9, 26 | D61: 8, 9, 26 | E61: UAG | F61: =COUNTIFS(Positions!$B$2:$B$14531,A61,Positions!$F$2:$F$14531,"Position 8")+COUNTIFS(Positions!$B$2:$B$14531,A61,Positions!$F$2:$F$14531,"Position 9")+COUNTIFS(Positions!$B$2:$B$14531,A61,Positions!$F$2:$F$14531,"Position 26") -> 3 | G61: =COUNTIFS(Positions!$B$2:$B$14531,A61,Positions!$F$2:$F$14531,"Position 8",Positions!$E$2:$E$14531,"G")+COUNTIFS(Positions!$B$2:$B$14531,A61,Positions!$F$2:$F$14531,"Position 9",Positions!$E$2:$E$14531,"G")+COUNTIFS(Positions!$B$2:$B$14531,A61,Positions!$F$2:$F$14531,"Position 26",Positions!$E$2:$E$14531,"G") -> 1 | H61: =COUNTIFS(Positions!$B$2:$B$14531,A61,Positions!$F$2:$F$14531,"Position 8",Positions!$E$2:$E$14531,"C")+COUNTIFS(Positions!$B$2:$B$14531,A61,Positions!$F$2:$F$14531,"Position 9",Positions!$E$2:$E$14531,"C")+COUNTIFS(Positions!$B$2:$B$14531,A61,Positions!$F$2:$F$14531,"Position 26",Positions!$E$2:$E$14531,"C") -> 0 | I61: =G61+H61 -> 1 | J61: =IF(F61=0,0,I61/F61) -> 0.33333333
A62: tdbR00000354 Arg-ACG | B62: D-loop | C62: 14–21 | D62: 14–21 | E62: AAUGGAUA | F62: =COUNTIFS(Positions!$B$2:$B$14531,A62,Positions!$F$2:$F$14531,B62) -> 8 | G62: =COUNTIFS(Positions!$B$2:$B$14531,A62,Positions!$F$2:$F$14531,B62,Positions!$E$2:$E$14531,"G") -> 2 | H62: =COUNTIFS(Positions!$B$2:$B$14531,A62,Positions!$F$2:$F$14531,B62,Positions!$E$2:$E$14531,"C") -> 0 | I62: =G62+H62 -> 2 | J62: =IF(F62=0,0,I62/F62) -> 0.25
A63: tdbR00000354 Arg-ACG | B63: Anticodon loop | C63: 32–38 | D63: 32–38 | E63: CUACGGA | F63: =COUNTIFS(Positions!$B$2:$B$14531,A63,Positions!$F$2:$F$14531,B63) -> 7 | G63: =COUNTIFS(Positions!$B$2:$B$14531,A63,Positions!$F$2:$F$14531,B63,Positions!$E$2:$E$14531,"G") -> 2 | H63: =COUNTIFS(Positions!$B$2:$B$14531,A63,Positions!$F$2:$F$14531,B63,Positions!$E$2:$E$14531,"C") -> 2 | I63: =G63+H63 -> 4 | J63: =IF(F63=0,0,I63/F63) -> 0.57142857
A64: tdbR00000354 Arg-ACG | B64: Variable loop | C64: 44–48 | D64: 44–48 | E64: AGGUU | F64: =COUNTIFS(Positions!$B$2:$B$14531,A64,Positions!$F$2:$F$14531,B64) -> 5 | G64: =COUNTIFS(Positions!$B$2:$B$14531,A64,Positions!$F$2:$F$14531,B64,Positions!$E$2:$E$14531,"G") -> 2 | H64: =COUNTIFS(Positions!$B$2:$B$14531,A64,Positions!$F$2:$F$14531,B64,Positions!$E$2:$E$14531,"C") -> 0 | I64: =G64+H64 -> 2 | J64: =IF(F64=0,0,I64/F64) -> 0.4
A65: tdbR00000354 Arg-ACG | B65: TΨC-loop | C65: 54–60 | D65: 54–60 | E65: UUCGACU | F65: =COUNTIFS(Positions!$B$2:$B$14531,A65,Positions!$F$2:$F$14531,B65) -> 7 | G65: =COUNTIFS(Positions!$B$2:$B$14531,A65,Positions!$F$2:$F$14531,B65,Positions!$E$2:$E$14531,"G") -> 1 | H65: =COUNTIFS(Positions!$B$2:$B$14531,A65,Positions!$F$2:$F$14531,B65,Positions!$E$2:$E$14531,"C") -> 2 | I65: =G65+H65 -> 3 | J65: =IF(F65=0,0,I65/F65) -> 0.42857143
A66: tdbR00000354 Arg-ACG | B66: Positions 8, 9, 26 | C66: 8, 9, 26 | D66: 8, 9, 26 | E66: UAG | F66: =COUNTIFS(Positions!$B$2:$B$14531,A66,Positions!$F$2:$F$14531,"Position 8")+COUNTIFS(Positions!$B$2:$B$14531,A66,Positions!$F$2:$F$14531,"Position 9")+COUNTIFS(Positions!$B$2:$B$14531,A66,Positions!$F$2:$F$14531,"Position 26") -> 3 | G66: =COUNTIFS(Positions!$B$2:$B$14531,A66,Positions!$F$2:$F$14531,"Position 8",Positions!$E$2:$E$14531,"G")+COUNTIFS(Positions!$B$2:$B$14531,A66,Positions!$F$2:$F$14531,"Position 9",Positions!$E$2:$E$14531,"G")+COUNTIFS(Positions!$B$2:$B$14531,A66,Positions!$F$2:$F$14531,"Position 26",Positions!$E$2:$E$14531,"G") -> 1 | H66: =COUNTIFS(Positions!$B$2:$B$14531,A66,Positions!$F$2:$F$14531,"Position 8",Positions!$E$2:$E$14531,"C")+COUNTIFS(Positions!$B$2:$B$14531,A66,Positions!$F$2:$F$14531,"Position 9",Positions!$E$2:$E$14531,"C")+COUNTIFS(Positions!$B$2:$B$14531,A66,Positions!$F$2:$F$14531,"Position 26",Positions!$E$2:$E$14531,"C") -> 0 | I66: =G66+H66 -> 1 | J66: =IF(F66=0,0,I66/F66) -> 0.33333333
A67: tdbR00000116 Gly-UCC | B67: D-loop | C67: 14–21 | D67: 14–20 | E67: AGUGGUA | F67: =COUNTIFS(Positions!$B$2:$B$14531,A67,Positions!$F$2:$F$14531,B67) -> 7 | G67: =COUNTIFS(Positions!$B$2:$B$14531,A67,Positions!$F$2:$F$14531,B67,Positions!$E$2:$E$14531,"G") -> 3 | H67: =COUNTIFS(Positions!$B$2:$B$14531,A67,Positions!$F$2:$F$14531,B67,Positions!$E$2:$E$14531,"C") -> 0 | I67: =G67+H67 -> 3 | J67: =IF(F67=0,0,I67/F67) -> 0.42857143
A68: tdbR00000116 Gly-UCC | B68: Anticodon loop | C68: 32–38 | D68: 31–37 | E68: CUUCCAA | F68: =COUNTIFS(Positions!$B$2:$B$14531,A68,Positions!$F$2:$F$14531,B68) -> 7 | G68: =COUNTIFS(Positions!$B$2:$B$14531,A68,Positions!$F$2:$F$14531,B68,Positions!$E$2:$E$14531,"G") -> 0 | H68: =COUNTIFS(Positions!$B$2:$B$14531,A68,Positions!$F$2:$F$14531,B68,Positions!$E$2:$E$14531,"C") -> 3 | I68: =G68+H68 -> 3 | J68: =IF(F68=0,0,I68/F68) -> 0.42857143
A69: tdbR00000116 Gly-UCC | B69: Variable loop | C69: 44–48 | D69: 43–46 | E69: UGUC | F69: =COUNTIFS(Positions!$B$2:$B$14531,A69,Positions!$F$2:$F$14531,B69) -> 4 | G69: =COUNTIFS(Positions!$B$2:$B$14531,A69,Positions!$F$2:$F$14531,B69,Positions!$E$2:$E$14531,"G") -> 1 | H69: =COUNTIFS(Positions!$B$2:$B$14531,A69,Positions!$F$2:$F$14531,B69,Positions!$E$2:$E$14531,"C") -> 1 | I69: =G69+H69 -> 2 | J69: =IF(F69=0,0,I69/F69) -> 0.5
A70: tdbR00000116 Gly-UCC | B70: TΨC-loop | C70: 54–60 | D70: 52–58 | E70: UUCGAUU | F70: =COUNTIFS(Positions!$B$2:$B$14531,A70,Positions!$F$2:$F$14531,B70) -> 7 | G70: =COUNTIFS(Positions!$B$2:$B$14531,A70,Positions!$F$2:$F$14531,B70,Positions!$E$2:$E$14531,"G") -> 1 | H70: =COUNTIFS(Positions!$B$2:$B$14531,A70,Positions!$F$2:$F$14531,B70,Positions!$E$2:$E$14531,"C") -> 1 | I70: =G70+H70 -> 2 | J70: =IF(F70=0,0,I70/F70) -> 0.28571429
A71: tdbR00000116 Gly-UCC | B71: Positions 8, 9, 26 | C71: 8, 9, 26 | D71: 8, 9, 25 | E71: UAC | F71: =COUNTIFS(Positions!$B$2:$B$14531,A71,Positions!$F$2:$F$14531,"Position 8")+COUNTIFS(Positions!$B$2:$B$14531,A71,Positions!$F$2:$F$14531,"Position 9")+COUNTIFS(Positions!$B$2:$B$14531,A71,Positions!$F$2:$F$14531,"Position 26") -> 3 | G71: =COUNTIFS(Positions!$B$2:$B$14531,A71,Positions!$F$2:$F$14531,"Position 8",Positions!$E$2:$E$14531,"G")+COUNTIFS(Positions!$B$2:$B$14531,A71,Positions!$F$2:$F$14531,"Position 9",Positions!$E$2:$E$14531,"G")+COUNTIFS(Positions!$B$2:$B$14531,A71,Positions!$F$2:$F$14531,"Position 26",Positions!$E$2:$E$14531,"G") -> 0 | H71: =COUNTIFS(Positions!$B$2:$B$14531,A71,Positions!$F$2:$F$14531,"Position 8",Positions!$E$2:$E$14531,"C")+COUNTIFS(Positions!$B$2:$B$14531,A71,Positions!$F$2:$F$14531,"Position 9",Positions!$E$2:$E$14531,"C")+COUNTIFS(Positions!$B$2:$B$14531,A71,Positions!$F$2:$F$14531,"Position 26",Positions!$E$2:$E$14531,"C") -> 1 | I71: =G71+H71 -> 1 | J71: =IF(F71=0,0,I71/F71) -> 0.33333333
A72: tdbR00000156 Ile-CAU | B72: D-loop | C72: 14–21 | D72: 14–22 | E72: AGUUGGUUA | F72: =COUNTIFS(Positions!$B$2:$B$14531,A72,Positions!$F$2:$F$14531,B72) -> 9 | G72: =COUNTIFS(Positions!$B$2:$B$14531,A72,Positions!$F$2:$F$14531,B72,Positions!$E$2:$E$14531,"G") -> 3 | H72: =COUNTIFS(Positions!$B$2:$B$14531,A72,Positions!$F$2:$F$14531,B72,Positions!$E$2:$E$14531,"C") -> 0 | I72: =G72+H72 -> 3 | J72: =IF(F72=0,0,I72/F72) -> 0.33333333
A73: tdbR00000156 Ile-CAU | B73: Anticodon loop | C73: 32–38 | D73: 33–39 | E73: CUCAUAA | F73: =COUNTIFS(Positions!$B$2:$B$14531,A73,Positions!$F$2:$F$14531,B73) -> 7 | G73: =COUNTIFS(Positions!$B$2:$B$14531,A73,Positions!$F$2:$F$14531,B73,Positions!$E$2:$E$14531,"G") -> 0 | H73: =COUNTIFS(Positions!$B$2:$B$14531,A73,Positions!$F$2:$F$14531,B73,Positions!$E$2:$E$14531,"C") -> 2 | I73: =G73+H73 -> 2 | J73: =IF(F73=0,0,I73/F73) -> 0.28571429
A74: tdbR00000156 Ile-CAU | B74: Variable loop | C74: 44–48 | D74: 45–49 | E74: CGGUC | F74: =COUNTIFS(Positions!$B$2:$B$14531,A74,Positions!$F$2:$F$14531,B74) -> 5 | G74: =COUNTIFS(Positions!$B$2:$B$14531,A74,Positions!$F$2:$F$14531,B74,Positions!$E$2:$E$14531,"G") -> 2 | H74: =COUNTIFS(Positions!$B$2:$B$14531,A74,Positions!$F$2:$F$14531,B74,Positions!$E$2:$E$14531,"C") -> 2 | I74: =G74+H74 -> 4 | J74: =IF(F74=0,0,I74/F74) -> 0.8
A75: tdbR00000156 Ile-CAU | B75: TΨC-loop | C75: 54–60 | D75: 55–61 | E75: UUCGAGU | F75: =COUNTIFS(Positions!$B$2:$B$14531,A75,Positions!$F$2:$F$14531,B75) -> 7 | G75: =COUNTIFS(Positions!$B$2:$B$14531,A75,Positions!$F$2:$F$14531,B75,Positions!$E$2:$E$14531,"G") -> 2 | H75: =COUNTIFS(Positions!$B$2:$B$14531,A75,Positions!$F$2:$F$14531,B75,Positions!$E$2:$E$14531,"C") -> 1 | I75: =G75+H75 -> 3 | J75: =IF(F75=0,0,I75/F75) -> 0.42857143
A76: tdbR00000156 Ile-CAU | B76: Positions 8, 9, 26 | C76: 8, 9, 26 | D76: 8, 9, 27 | E76: UAA | F76: =COUNTIFS(Positions!$B$2:$B$14531,A76,Positions!$F$2:$F$14531,"Position 8")+COUNTIFS(Positions!$B$2:$B$14531,A76,Positions!$F$2:$F$14531,"Position 9")+COUNTIFS(Positions!$B$2:$B$14531,A76,Positions!$F$2:$F$14531,"Position 26") -> 3 | G76: =COUNTIFS(Positions!$B$2:$B$14531,A76,Positions!$F$2:$F$14531,"Position 8",Positions!$E$2:$E$14531,"G")+COUNTIFS(Positions!$B$2:$B$14531,A76,Positions!$F$2:$F$14531,"Position 9",Positions!$E$2:$E$14531,"G")+COUNTIFS(Positions!$B$2:$B$14531,A76,Positions!$F$2:$F$14531,"Position 26",Positions!$E$2:$E$14531,"G") -> 0 | H76: =COUNTIFS(Positions!$B$2:$B$14531,A76,Positions!$F$2:$F$14531,"Position 8",Positions!$E$2:$E$14531,"C")+COUNTIFS(Positions!$B$2:$B$14531,A76,Positions!$F$2:$F$14531,"Position 9",Positions!$E$2:$E$14531,"C")+COUNTIFS(Positions!$B$2:$B$14531,A76,Positions!$F$2:$F$14531,"Position 26",Positions!$E$2:$E$14531,"C") -> 0 | I76: =G76+H76 -> 0 | J76: =IF(F76=0,0,I76/F76) -> 0
A77: tdbR00000507 Ile-CAU | B77: D-loop | C77: 14–21 | D77: 14–22 | E77: AGUUCGGUA | F77: =COUNTIFS(Positions!$B$2:$B$14531,A77,Positions!$F$2:$F$14531,B77) -> 9 | G77: =COUNTIFS(Positions!$B$2:$B$14531,A77,Positions!$F$2:$F$14531,B77,Positions!$E$2:$E$14531,"G") -> 3 | H77: =COUNTIFS(Positions!$B$2:$B$14531,A77,Positions!$F$2:$F$14531,B77,Positions!$E$2:$E$14531,"C") -> 1 | I77: =G77+H77 -> 4 | J77: =IF(F77=0,0,I77/F77) -> 0.44444444
A78: tdbR00000507 Ile-CAU | B78: Anticodon loop | C78: 32–38 | D78: 33–39 | E78: CUCAUAA | F78: =COUNTIFS(Positions!$B$2:$B$14531,A78,Positions!$F$2:$F$14531,B78) -> 7 | G78: =COUNTIFS(Positions!$B$2:$B$14531,A78,Positions!$F$2:$F$14531,B78,Positions!$E$2:$E$14531,"G") -> 0 | H78: =COUNTIFS(Positions!$B$2:$B$14531,A78,Positions!$F$2:$F$14531,B78,Positions!$E$2:$E$14531,"C") -> 2 | I78: =G78+H78 -> 2 | J78: =IF(F78=0,0,I78/F78) -> 0.28571429
A79: tdbR00000507 Ile-CAU | B79: Variable loop | C79: 44–48 | D79: 45–49 | E79: AGGUC | F79: =COUNTIFS(Positions!$B$2:$B$14531,A79,Positions!$F$2:$F$14531,B79) -> 5 | G79: =COUNTIFS(Positions!$B$2:$B$14531,A79,Positions!$F$2:$F$14531,B79,Positions!$E$2:$E$14531,"G") -> 2 | H79: =COUNTIFS(Positions!$B$2:$B$14531,A79,Positions!$F$2:$F$14531,B79,Positions!$E$2:$E$14531,"C") -> 1 | I79: =G79+H79 -> 3 | J79: =IF(F79=0,0,I79/F79) -> 0.6
A80: tdbR00000507 Ile-CAU | B80: TΨC-loop | C80: 54–60 | D80: 55–61 | E80: UUCAAAU | F80: =COUNTIFS(Positions!$B$2:$B$14531,A80,Positions!$F$2:$F$14531,B80) -> 7 | G80: =COUNTIFS(Positions!$B$2:$B$14531,A80,Positions!$F$2:$F$14531,B80,Positions!$E$2:$E$14531,"G") -> 0 | H80: =COUNTIFS(Positions!$B$2:$B$14531,A80,Positions!$F$2:$F$14531,B80,Positions!$E$2:$E$14531,"C") -> 1 | I80: =G80+H80 -> 1 | J80: =IF(F80=0,0,I80/F80) -> 0.14285714
A81: tdbR00000507 Ile-CAU | B81: Positions 8, 9, 26 | C81: 8, 9, 26 | D81: 8, 9, 27 | E81: UGG | F81: =COUNTIFS(Positions!$B$2:$B$14531,A81,Positions!$F$2:$F$14531,"Position 8")+COUNTIFS(Positions!$B$2:$B$14531,A81,Positions!$F$2:$F$14531,"Position 9")+COUNTIFS(Positions!$B$2:$B$14531,A81,Positions!$F$2:$F$14531,"Position 26") -> 3 | G81: =COUNTIFS(Positions!$B$2:$B$14531,A81,Positions!$F$2:$F$14531,"Position 8",Positions!$E$2:$E$14531,"G")+COUNTIFS(Positions!$B$2:$B$14531,A81,Positions!$F$2:$F$14531,"Position 9",Positions!$E$2:$E$14531,"G")+COUNTIFS(Positions!$B$2:$B$14531,A81,Positions!$F$2:$F$14531,"Position 26",Positions!$E$2:$E$14531,"G") -> 2 | H81: =COUNTIFS(Positions!$B$2:$B$14531,A81,Positions!$F$2:$F$14531,"Position 8",Positions!$E$2:$E$14531,"C")+COUNTIFS(Positions!$B$2:$B$14531,A81,Positions!$F$2:$F$14531,"Position 9",Positions!$E$2:$E$14531,"C")+COUNTIFS(Positions!$B$2:$B$14531,A81,Positions!$F$2:$F$14531,"Position 26",Positions!$E$2:$E$14531,"C") -> 0 | I81: =G81+H81 -> 2 | J81: =IF(F81=0,0,I81/F81) -> 0.66666667
A82: tdbR00000219 Leu-CAG | B82: D-loop | C82: 14–21 | D82: 14–22 | E82: AAUUGGUAG | F82: =COUNTIFS(Positions!$B$2:$B$14531,A82,Positions!$F$2:$F$14531,B82) -> 9 | G82: =COUNTIFS(Positions!$B$2:$B$14531,A82,Positions!$F$2:$F$14531,B82,Positions!$E$2:$E$14531,"G") -> 3 | H82: =COUNTIFS(Positions!$B$2:$B$14531,A82,Positions!$F$2:$F$14531,B82,Positions!$E$2:$E$14531,"C") -> 0 | I82: =G82+H82 -> 3 | J82: =IF(F82=0,0,I82/F82) -> 0.33333333
A83: tdbR00000219 Leu-CAG | B83: Anticodon loop | C83: 32–38 | D83: 33–39 | E83: UUCAGGA | F83: =COUNTIFS(Positions!$B$2:$B$14531,A83,Positions!$F$2:$F$14531,B83) -> 7 | G83: =COUNTIFS(Positions!$B$2:$B$14531,A83,Positions!$F$2:$F$14531,B83,Positions!$E$2:$E$14531,"G") -> 2 | H83: =COUNTIFS(Positions!$B$2:$B$14531,A83,Positions!$F$2:$F$14531,B83,Positions!$E$2:$E$14531,"C") -> 1 | I83: =G83+H83 -> 3 | J83: =IF(F83=0,0,I83/F83) -> 0.42857143
A84: tdbR00000219 Leu-CAG | B84: Variable loop | C84: 44–48 | D84: 45–59 | E84: GGUCUUUAUGGACCU | F84: =COUNTIFS(Positions!$B$2:$B$14531,A84,Positions!$F$2:$F$14531,B84) -> 15 | G84: =COUNTIFS(Positions!$B$2:$B$14531,A84,Positions!$F$2:$F$14531,B84,Positions!$E$2:$E$14531,"G") -> 4 | H84: =COUNTIFS(Positions!$B$2:$B$14531,A84,Positions!$F$2:$F$14531,B84,Positions!$E$2:$E$14531,"C") -> 3 | I84: =G84+H84 -> 7 | J84: =IF(F84=0,0,I84/F84) -> 0.46666667
A85: tdbR00000219 Leu-CAG | B85: TΨC-loop | C85: 54–60 | D85: 65–71 | E85: UUCAAGU | F85: =COUNTIFS(Positions!$B$2:$B$14531,A85,Positions!$F$2:$F$14531,B85) -> 7 | G85: =COUNTIFS(Positions!$B$2:$B$14531,A85,Positions!$F$2:$F$14531,B85,Positions!$E$2:$E$14531,"G") -> 1 | H85: =COUNTIFS(Positions!$B$2:$B$14531,A85,Positions!$F$2:$F$14531,B85,Positions!$E$2:$E$14531,"C") -> 1 | I85: =G85+H85 -> 2 | J85: =IF(F85=0,0,I85/F85) -> 0.28571429
A86: tdbR00000219 Leu-CAG | B86: Positions 8, 9, 26 | C86: 8, 9, 26 | D86: 8, 9, 27 | E86: UGG | F86: =COUNTIFS(Positions!$B$2:$B$14531,A86,Positions!$F$2:$F$14531,"Position 8")+COUNTIFS(Positions!$B$2:$B$14531,A86,Positions!$F$2:$F$14531,"Position 9")+COUNTIFS(Positions!$B$2:$B$14531,A86,Positions!$F$2:$F$14531,"Position 26") -> 3 | G86: =COUNTIFS(Positions!$B$2:$B$14531,A86,Positions!$F$2:$F$14531,"Position 8",Positions!$E$2:$E$14531,"G")+COUNTIFS(Positions!$B$2:$B$14531,A86,Positions!$F$2:$F$14531,"Position 9",Positions!$E$2:$E$14531,"G")+COUNTIFS(Positions!$B$2:$B$14531,A86,Positions!$F$2:$F$14531,"Position 26",Positions!$E$2:$E$14531,"G") -> 2 | H86: =COUNTIFS(Positions!$B$2:$B$14531,A86,Positions!$F$2:$F$14531,"Position 8",Positions!$E$2:$E$14531,"C")+COUNTIFS(Positions!$B$2:$B$14531,A86,Positions!$F$2:$F$14531,"Position 9",Positions!$E$2:$E$14531,"C")+COUNTIFS(Positions!$B$2:$B$14531,A86,Positions!$F$2:$F$14531,"Position 26",Positions!$E$2:$E$14531,"C") -> 0 | I86: =G86+H86 -> 2 | J86: =IF(F86=0,0,I86/F86) -> 0.66666667
A87: tdbR00000179 Lys-UUU | B87: D-loop | C87: 14–21 | D87: 14–21 | E87: AGUUGGUA | F87: =COUNTIFS(Positions!$B$2:$B$14531,A87,Positions!$F$2:$F$14531,B87) -> 8 | G87: =COUNTIFS(Positions!$B$2:$B$14531,A87,Positions!$F$2:$F$14531,B87,Positions!$E$2:$E$14531,"G") -> 3 | H87: =COUNTIFS(Positions!$B$2:$B$14531,A87,Positions!$F$2:$F$14531,B87,Positions!$E$2:$E$14531,"C") -> 0 | I87: =G87+H87 -> 3 | J87: =IF(F87=0,0,I87/F87) -> 0.375
A88: tdbR00000179 Lys-UUU | B88: Anticodon loop | C88: 32–38 | D88: 32–38 | E88: CUUUUAA | F88: =COUNTIFS(Positions!$B$2:$B$14531,A88,Positions!$F$2:$F$14531,B88) -> 7 | G88: =COUNTIFS(Positions!$B$2:$B$14531,A88,Positions!$F$2:$F$14531,B88,Positions!$E$2:$E$14531,"G") -> 0 | H88: =COUNTIFS(Positions!$B$2:$B$14531,A88,Positions!$F$2:$F$14531,B88,Positions!$E$2:$E$14531,"C") -> 1 | I88: =G88+H88 -> 1 | J88: =IF(F88=0,0,I88/F88) -> 0.14285714
A89: tdbR00000179 Lys-UUU | B89: Variable loop | C89: 44–48 | D89: 44–48 | E89: GGGUC | F89: =COUNTIFS(Positions!$B$2:$B$14531,A89,Positions!$F$2:$F$14531,B89) -> 5 | G89: =COUNTIFS(Positions!$B$2:$B$14531,A89,Positions!$F$2:$F$14531,B89,Positions!$E$2:$E$14531,"G") -> 3 | H89: =COUNTIFS(Positions!$B$2:$B$14531,A89,Positions!$F$2:$F$14531,B89,Positions!$E$2:$E$14531,"C") -> 1 | I89: =G89+H89 -> 4 | J89: =IF(F89=0,0,I89/F89) -> 0.8
A90: tdbR00000179 Lys-UUU | B90: TΨC-loop | C90: 54–60 | D90: 54–60 | E90: UUCGAGU | F90: =COUNTIFS(Positions!$B$2:$B$14531,A90,Positions!$F$2:$F$14531,B90) -> 7 | G90: =COUNTIFS(Positions!$B$2:$B$14531,A90,Positions!$F$2:$F$14531,B90,Positions!$E$2:$E$14531,"G") -> 2 | H90: =COUNTIFS(Positions!$B$2:$B$14531,A90,Positions!$F$2:$F$14531,B90,Positions!$E$2:$E$14531,"C") -> 1 | I90: =G90+H90 -> 3 | J90: =IF(F90=0,0,I90/F90) -> 0.42857143
A91: tdbR00000179 Lys-UUU | B91: Positions 8, 9, 26 | C91: 8, 9, 26 | D91: 8, 9, 26 | E91: UAA | F91: =COUNTIFS(Positions!$B$2:$B$14531,A91,Positions!$F$2:$F$14531,"Position 8")+COUNTIFS(Positions!$B$2:$B$14531,A91,Positions!$F$2:$F$14531,"Position 9")+COUNTIFS(Positions!$B$2:$B$14531,A91,Positions!$F$2:$F$14531,"Position 26") -> 3 | G91: =COUNTIFS(Positions!$B$2:$B$14531,A91,Positions!$F$2:$F$14531,"Position 8",Positions!$E$2:$E$14531,"G")+COUNTIFS(Positions!$B$2:$B$14531,A91,Positions!$F$2:$F$14531,"Position 9",Positions!$E$2:$E$14531,"G")+COUNTIFS(Positions!$B$2:$B$14531,A91,Positions!$F$2:$F$14531,"Position 26",Positions!$E$2:$E$14531,"G") -> 0 | H91: =COUNTIFS(Positions!$B$2:$B$14531,A91,Positions!$F$2:$F$14531,"Position 8",Positions!$E$2:$E$14531,"C")+COUNTIFS(Positions!$B$2:$B$14531,A91,Positions!$F$2:$F$14531,"Position 9",Positions!$E$2:$E$14531,"C")+COUNTIFS(Positions!$B$2:$B$14531,A91,Positions!$F$2:$F$14531,"Position 26",Positions!$E$2:$E$14531,"C") -> 0 | I91: =G91+H91 -> 0 | J91: =IF(F91=0,0,I91/F91) -> 0
A92: tdbR00000274 Met-CAU | B92: D-loop | C92: 14–21 | D92: 14–21 | E92: AGCGGCUA | F92: =COUNTIFS(Positions!$B$2:$B$14531,A92,Positions!$F$2:$F$14531,B92) -> 8 | G92: =COUNTIFS(Positions!$B$2:$B$14531,A92,Positions!$F$2:$F$14531,B92,Positions!$E$2:$E$14531,"G") -> 3 | H92: =COUNTIFS(Positions!$B$2:$B$14531,A92,Positions!$F$2:$F$14531,B92,Positions!$E$2:$E$14531,"C") -> 2 | I92: =G92+H92 -> 5 | J92: =IF(F92=0,0,I92/F92) -> 0.625
A93: tdbR00000274 Met-CAU | B93: Anticodon loop | C93: 32–38 | D93: 32–38 | E93: UUCAUAC | F93: =COUNTIFS(Positions!$B$2:$B$14531,A93,Positions!$F$2:$F$14531,B93) -> 7 | G93: =COUNTIFS(Positions!$B$2:$B$14531,A93,Positions!$F$2:$F$14531,B93,Positions!$E$2:$E$14531,"G") -> 0 | H93: =COUNTIFS(Positions!$B$2:$B$14531,A93,Positions!$F$2:$F$14531,B93,Positions!$E$2:$E$14531,"C") -> 2 | I93: =G93+H93 -> 2 | J93: =IF(F93=0,0,I93/F93) -> 0.28571429
A94: tdbR00000274 Met-CAU | B94: Variable loop | C94: 44–48 | D94: 44–48 | E94: AGGUC | F94: =COUNTIFS(Positions!$B$2:$B$14531,A94,Positions!$F$2:$F$14531,B94) -> 5 | G94: =COUNTIFS(Positions!$B$2:$B$14531,A94,Positions!$F$2:$F$14531,B94,Positions!$E$2:$E$14531,"G") -> 2 | H94: =COUNTIFS(Positions!$B$2:$B$14531,A94,Positions!$F$2:$F$14531,B94,Positions!$E$2:$E$14531,"C") -> 1 | I94: =G94+H94 -> 3 | J94: =IF(F94=0,0,I94/F94) -> 0.6
A95: tdbR00000274 Met-CAU | B95: TΨC-loop | C95: 54–60 | D95: 54–60 | E95: UUCGAUC | F95: =COUNTIFS(Positions!$B$2:$B$14531,A95,Positions!$F$2:$F$14531,B95) -> 7 | G95: =COUNTIFS(Positions!$B$2:$B$14531,A95,Positions!$F$2:$F$14531,B95,Positions!$E$2:$E$14531,"G") -> 1 | H95: =COUNTIFS(Positions!$B$2:$B$14531,A95,Positions!$F$2:$F$14531,B95,Positions!$E$2:$E$14531,"C") -> 2 | I95: =G95+H95 -> 3 | J95: =IF(F95=0,0,I95/F95) -> 0.42857143
A96: tdbR00000274 Met-CAU | B96: Positions 8, 9, 26 | C96: 8, 9, 26 | D96: 8, 9, 26 | E96: UAG | F96: =COUNTIFS(Positions!$B$2:$B$14531,A96,Positions!$F$2:$F$14531,"Position 8")+COUNTIFS(Positions!$B$2:$B$14531,A96,Positions!$F$2:$F$14531,"Position 9")+COUNTIFS(Positions!$B$2:$B$14531,A96,Positions!$F$2:$F$14531,"Position 26") -> 3 | G96: =COUNTIFS(Positions!$B$2:$B$14531,A96,Positions!$F$2:$F$14531,"Position 8",Positions!$E$2:$E$14531,"G")+COUNTIFS(Positions!$B$2:$B$14531,A96,Positions!$F$2:$F$14531,"Position 9",Positions!$E$2:$E$14531,"G")+COUNTIFS(Positions!$B$2:$B$14531,A96,Positions!$F$2:$F$14531,"Position 26",Positions!$E$2:$E$14531,"G") -> 1 | H96: =COUNTIFS(Positions!$B$2:$B$14531,A96,Positions!$F$2:$F$14531,"Position 8",Positions!$E$2:$E$14531,"C")+COUNTIFS(Positions!$B$2:$B$14531,A96,Positions!$F$2:$F$14531,"Position 9",Positions!$E$2:$E$14531,"C")+COUNTIFS(Positions!$B$2:$B$14531,A96,Positions!$F$2:$F$14531,"Position 26",Positions!$E$2:$E$14531,"C") -> 0 | I96: =G96+H96 -> 1 | J96: =IF(F96=0,0,I96/F96) -> 0.33333333
A97: tdbR00000065 Phe-GAA | B97: D-loop | C97: 14–21 | D97: 14–21 | E97: AGUUGGUA | F97: =COUNTIFS(Positions!$B$2:$B$14531,A97,Positions!$F$2:$F$14531,B97) -> 8 | G97: =COUNTIFS(Positions!$B$2:$B$14531,A97,Positions!$F$2:$F$14531,B97,Positions!$E$2:$E$14531,"G") -> 3 | H97: =COUNTIFS(Positions!$B$2:$B$14531,A97,Positions!$F$2:$F$14531,B97,Positions!$E$2:$E$14531,"C") -> 0 | I97: =G97+H97 -> 3 | J97: =IF(F97=0,0,I97/F97) -> 0.375
A98: tdbR00000065 Phe-GAA | B98: Anticodon loop | C98: 32–38 | D98: 32–38 | E98: CUGAAAA | F98: =COUNTIFS(Positions!$B$2:$B$14531,A98,Positions!$F$2:$F$14531,B98) -> 7 | G98: =COUNTIFS(Positions!$B$2:$B$14531,A98,Positions!$F$2:$F$14531,B98,Positions!$E$2:$E$14531,"G") -> 1 | H98: =COUNTIFS(Positions!$B$2:$B$14531,A98,Positions!$F$2:$F$14531,B98,Positions!$E$2:$E$14531,"C") -> 1 | I98: =G98+H98 -> 2 | J98: =IF(F98=0,0,I98/F98) -> 0.28571429
A99: tdbR00000065 Phe-GAA | B99: Variable loop | C99: 44–48 | D99: 44–48 | E99: GUGUC | F99: =COUNTIFS(Positions!$B$2:$B$14531,A99,Positions!$F$2:$F$14531,B99) -> 5 | G99: =COUNTIFS(Positions!$B$2:$B$14531,A99,Positions!$F$2:$F$14531,B99,Positions!$E$2:$E$14531,"G") -> 2 | H99: =COUNTIFS(Positions!$B$2:$B$14531,A99,Positions!$F$2:$F$14531,B99,Positions!$E$2:$E$14531,"C") -> 1 | I99: =G99+H99 -> 3 | J99: =IF(F99=0,0,I99/F99) -> 0.6
A100: tdbR00000065 Phe-GAA | B100: TΨC-loop | C100: 54–60 | D100: 54–60 | E100: UUCGAUU | F100: =COUNTIFS(Positions!$B$2:$B$14531,A100,Positions!$F$2:$F$14531,B100) -> 7 | G100: =COUNTIFS(Positions!$B$2:$B$14531,A100,Positions!$F$2:$F$14531,B100,Positions!$E$2:$E$14531,"G") -> 1 | H100: =COUNTIFS(Positions!$B$2:$B$14531,A100,Positions!$F$2:$F$14531,B100,Positions!$E$2:$E$14531,"C") -> 1 | I100: =G100+H100 -> 2 | J100: =IF(F100=0,0,I100/F100) -> 0.28571429
...

Sheet Notes
A1: Method and assumptions
A2: Input: trna_data_rev3_200_tpsic.xlsx - tRNA sequences and dot-bracket structures from the T-psi-C database (22 species). 199 unique tRNAs analysed (199 data rows; see tRNA_Info sheet for organism, amino acid and anticodon).
A3: Only positions 1-72 are analysed, as requested: the discriminator base 73 and the 3′ CCA (74-76) are excluded from every count, including the overall G+C. Excluded nucleotides are listed per tRNA on the tRNA_Info sheet.
A4: ΔGC = GC_stem − GC_nonstem (columns AF-AJ of GC_Summary). GC_stem = G+C % of the 4 stems (42 nt: acceptor 14, D 8, AC 10, T 10). GC_nonstem = G+C % of every other nucleotide in the 1-72 region, i.e. the 4 loops + positions 8, 9, 26 (length − 42 nt). Stems and non-stem together cover the whole 1-72 region with no overlap. ΔGC is shown in percentage points (e.g. 30.0% = stems are 30 points richer in G+C than non-stem regions).
A5: Positions use standard canonical (Sprinzl) numbering as given: acceptor 1-7/66-72, D-stem 10-13/22-25, AC-stem 27-31/39-43, T-stem 49-53/61-65, 3D pairs 8-14, 15-48, 18-55, 19-56, 26-44, 32-38, 54-58.
A6: Mapping: position 1 = first nucleotide of the acceptor stem in the dot-bracket; position 72 = its partner. T-stem (5 bp) and TΨC-loop (7 nt) lie immediately 5′ of 66; anticodon loop = loop of the second hairpin (7 nt), AC-stem 5 bp each side; D-stem 3′ strand = the 4 nt before position 26.
A7: Extra nucleotides are absorbed in the D-loop (labelled 17a, 20a, ...) and the variable loop (labelled e1, e2, ... between 45 and 46). Long variable arms (Leu, Ser, Tyr in bacteria) are counted in the variable loop. In the D-loop, 18-19 = the first GG after position 15. Variable loop: 44 = first nt after the AC-stem, 48 = last nt before the T-stem.
A8: Check against the database structures: the canonical stems agree with the dot-bracket pairs, apart from 13-22 left unpaired in 42 tRNAs (counted as D-stem as specified) and the mismatches listed per tRNA on tRNA_Info.
A9: Crystal-structure entries (tdbPDB...) mark the 18-55 tertiary pair with [ ] in the dot-bracket; these brackets were ignored when locating stems and loops (shown unchanged on tRNA_Info).
A10: Special case - initiator-type tRNAs (tdbR00000507, tdbR00000504, tdbR00000505, tdbR00000949): position 1 is unpaired with 72 in the database structure (e.g. C1·A72 of bacterial tRNA-fMet). It is still counted as position 1 of the acceptor stem.
A11: Special case - extra 5′ nucleotide (G-1 of tRNA-His, or a leading nt before the acceptor stem): not part of 1-72 and excluded; listed on tRNA_Info.
A12: Special case - tdbR00000601 (tRNA-Pyl, Methanosarcina barkeri): non-canonical tRNA (3-bp D-stem, 5-nt D-loop, 6-bp AC-stem, short variable loop). Canonical 1-72 numbering was applied for comparability, so its D-arm split is approximate. Consider excluding it.
... A17: All counts are live formulas (COUNTIFS/SUMIFS/INDEX-MATCH) on the Positions sheet; editing a nucleotide there updates every table. Compatible with Excel 2007.
