Workbook

Sheet Summary
A1: G+C distribution in tRNA stems vs non-stem regions - comparison of datasets
A2: Mean values per dataset (positions 1-72 only; 73 and CCA excluded). ΔGC = GC_stem − GC_nonstem, in percentage points.
A4: Dataset | B4: Group | C4: n (tRNAs) | D4: Mean Length (nt) | E4: Mean Overall G+C % | F4: Mean 4 stems G+C % | G4: Mean 3D BP G+C % | H4: Mean 4 stems + 3D G+C % | I4: Mean 4 loops G+C % | J4: Mean Pos 8, 9, 26 G+C % | K4: Mean GC_stem % | L4: Mean GC_nonstem % | M4: Mean ΔGC (stem − non-stem) | N4: SD of ΔGC | O4: Min ΔGC | P4: Max ΔGC | Q4: tRNAs with ΔGC > 0
A5: T-psi-C database set 1 | B5: Natural | C5: =COUNTIF(All_tRNAs!$A$2:$A$381,A5) -> 199 | D5: =AVERAGEIF(All_tRNAs!$A$2:$A$381,$A5,All_tRNAs!$D$2:$D$381) -> 73.015075 | E5: =AVERAGEIF(All_tRNAs!$A$2:$A$381,$A5,All_tRNAs!$E$2:$E$381) -> 0.59541202 | F5: =AVERAGEIF(All_tRNAs!$A$2:$A$381,$A5,All_tRNAs!$F$2:$F$381) -> 0.73007897 | G5: =AVERAGEIF(All_tRNAs!$A$2:$A$381,$A5,All_tRNAs!$G$2:$G$381) -> 0.45549174 | H5: =AVERAGEIF(All_tRNAs!$A$2:$A$381,$A5,All_tRNAs!$H$2:$H$381) -> 0.66143216 | I5: =AVERAGEIF(All_tRNAs!$A$2:$A$381,$A5,All_tRNAs!$I$2:$I$381) -> 0.42587012 | J5: =AVERAGEIF(All_tRNAs!$A$2:$A$381,$A5,All_tRNAs!$J$2:$J$381) -> 0.2881072 | K5: =AVERAGEIF(All_tRNAs!$A$2:$A$381,$A5,All_tRNAs!$K$2:$K$381) -> 0.73007897 | L5: =AVERAGEIF(All_tRNAs!$A$2:$A$381,$A5,All_tRNAs!$L$2:$L$381) -> 0.41236729 | M5: =AVERAGEIF(All_tRNAs!$A$2:$A$381,$A5,All_tRNAs!$M$2:$M$381) -> 0.31771167 | N5: =SQRT(SUMPRODUCT((All_tRNAs!$A$2:$A$381=$A5)*(All_tRNAs!$M$2:$M$381-M5)^2)/(C5-1)) -> 0.10375609 | O5: =SUMPRODUCT(MIN(All_tRNAs!$M$2:$M$381+(All_tRNAs!$A$2:$A$381<>$A5)*10)) -> 0.011904762 | P5: =SUMPRODUCT(MAX(All_tRNAs!$M$2:$M$381-(All_tRNAs!$A$2:$A$381<>$A5)*10)) -> 0.56528418 | Q5: =COUNTIFS(All_tRNAs!$A$2:$A$381,$A5,All_tRNAs!$M$2:$M$381,">0")&" / "&C5 -> 199 / 199
A6: T-psi-C database set 2 | B6: Natural | C6: =COUNTIF(All_tRNAs!$A$2:$A$381,A6) -> 96 | D6: =AVERAGEIF(All_tRNAs!$A$2:$A$381,$A6,All_tRNAs!$D$2:$D$381) -> 71.989583 | E6: =AVERAGEIF(All_tRNAs!$A$2:$A$381,$A6,All_tRNAs!$E$2:$E$381) -> 0.58367057 | F6: =AVERAGEIF(All_tRNAs!$A$2:$A$381,$A6,All_tRNAs!$F$2:$F$381) -> 0.71056548 | G6: =AVERAGEIF(All_tRNAs!$A$2:$A$381,$A6,All_tRNAs!$G$2:$G$381) -> 0.46577381 | H6: =AVERAGEIF(All_tRNAs!$A$2:$A$381,$A6,All_tRNAs!$H$2:$H$381) -> 0.64936756 | I6: =AVERAGEIF(All_tRNAs!$A$2:$A$381,$A6,All_tRNAs!$I$2:$I$381) -> 0.41653551 | J6: =AVERAGEIF(All_tRNAs!$A$2:$A$381,$A6,All_tRNAs!$J$2:$J$381) -> 0.3125 | K6: =AVERAGEIF(All_tRNAs!$A$2:$A$381,$A6,All_tRNAs!$K$2:$K$381) -> 0.71056548 | L6: =AVERAGEIF(All_tRNAs!$A$2:$A$381,$A6,All_tRNAs!$L$2:$L$381) -> 0.40601146 | M6: =AVERAGEIF(All_tRNAs!$A$2:$A$381,$A6,All_tRNAs!$M$2:$M$381) -> 0.30455402 | N6: =SQRT(SUMPRODUCT((All_tRNAs!$A$2:$A$381=$A6)*(All_tRNAs!$M$2:$M$381-M6)^2)/(C6-1)) -> 0.093468549 | O6: =SUMPRODUCT(MIN(All_tRNAs!$M$2:$M$381+(All_tRNAs!$A$2:$A$381<>$A6)*10)) -> 0.12857143 | P6: =SUMPRODUCT(MAX(All_tRNAs!$M$2:$M$381-(All_tRNAs!$A$2:$A$381<>$A6)*10)) -> 0.54761905 | Q6: =COUNTIFS(All_tRNAs!$A$2:$A$381,$A6,All_tRNAs!$M$2:$M$381,">0")&" / "&C6 -> 96 / 96
A7: MBSW genomic tRNAs | B7: Natural | C7: =COUNTIF(All_tRNAs!$A$2:$A$381,A7) -> 63 | D7: =AVERAGEIF(All_tRNAs!$A$2:$A$381,$A7,All_tRNAs!$D$2:$D$381) -> 74.492063 | E7: =AVERAGEIF(All_tRNAs!$A$2:$A$381,$A7,All_tRNAs!$E$2:$E$381) -> 0.60898275 | F7: =AVERAGEIF(All_tRNAs!$A$2:$A$381,$A7,All_tRNAs!$F$2:$F$381) -> 0.74338624 | G7: =AVERAGEIF(All_tRNAs!$A$2:$A$381,$A7,All_tRNAs!$G$2:$G$381) -> 0.4829932 | H7: =AVERAGEIF(All_tRNAs!$A$2:$A$381,$A7,All_tRNAs!$H$2:$H$381) -> 0.67828798 | I7: =AVERAGEIF(All_tRNAs!$A$2:$A$381,$A7,All_tRNAs!$I$2:$I$381) -> 0.44204871 | J7: =AVERAGEIF(All_tRNAs!$A$2:$A$381,$A7,All_tRNAs!$J$2:$J$381) -> 0.36507937 | K7: =AVERAGEIF(All_tRNAs!$A$2:$A$381,$A7,All_tRNAs!$K$2:$K$381) -> 0.74338624 | L7: =AVERAGEIF(All_tRNAs!$A$2:$A$381,$A7,All_tRNAs!$L$2:$L$381) -> 0.43492327 | M7: =AVERAGEIF(All_tRNAs!$A$2:$A$381,$A7,All_tRNAs!$M$2:$M$381) -> 0.30846297 | N7: =SQRT(SUMPRODUCT((All_tRNAs!$A$2:$A$381=$A7)*(All_tRNAs!$M$2:$M$381-M7)^2)/(C7-1)) -> 0.075442891 | O7: =SUMPRODUCT(MIN(All_tRNAs!$M$2:$M$381+(All_tRNAs!$A$2:$A$381<>$A7)*10)) -> 0.12053571 | P7: =SUMPRODUCT(MAX(All_tRNAs!$M$2:$M$381-(All_tRNAs!$A$2:$A$381<>$A7)*10)) -> 0.45833333 | Q7: =COUNTIFS(All_tRNAs!$A$2:$A$381,$A7,All_tRNAs!$M$2:$M$381,">0")&" / "&C7 -> 63 / 63
A8: Predicted tRNAs | B8: Predicted | C8: =COUNTIF(All_tRNAs!$A$2:$A$381,A8) -> 9 | D8: =AVERAGEIF(All_tRNAs!$A$2:$A$381,$A8,All_tRNAs!$D$2:$D$381) -> 80 | E8: =AVERAGEIF(All_tRNAs!$A$2:$A$381,$A8,All_tRNAs!$E$2:$E$381) -> 0.43161069 | F8: =AVERAGEIF(All_tRNAs!$A$2:$A$381,$A8,All_tRNAs!$F$2:$F$381) -> 0.47619048 | G8: =AVERAGEIF(All_tRNAs!$A$2:$A$381,$A8,All_tRNAs!$G$2:$G$381) -> 0.42063492 | H8: =AVERAGEIF(All_tRNAs!$A$2:$A$381,$A8,All_tRNAs!$H$2:$H$381) -> 0.46230159 | I8: =AVERAGEIF(All_tRNAs!$A$2:$A$381,$A8,All_tRNAs!$I$2:$I$381) -> 0.38885447 | J8: =AVERAGEIF(All_tRNAs!$A$2:$A$381,$A8,All_tRNAs!$J$2:$J$381) -> 0.22222222 | K8: =AVERAGEIF(All_tRNAs!$A$2:$A$381,$A8,All_tRNAs!$K$2:$K$381) -> 0.47619048 | L8: =AVERAGEIF(All_tRNAs!$A$2:$A$381,$A8,All_tRNAs!$L$2:$L$381) -> 0.37784067 | M8: =AVERAGEIF(All_tRNAs!$A$2:$A$381,$A8,All_tRNAs!$M$2:$M$381) -> 0.098349802 | N8: =SQRT(SUMPRODUCT((All_tRNAs!$A$2:$A$381=$A8)*(All_tRNAs!$M$2:$M$381-M8)^2)/(C8-1)) -> 0.12929623 | O8: =SUMPRODUCT(MIN(All_tRNAs!$M$2:$M$381+(All_tRNAs!$A$2:$A$381<>$A8)*10)) -> -0.042016807 | P8: =SUMPRODUCT(MAX(All_tRNAs!$M$2:$M$381-(All_tRNAs!$A$2:$A$381<>$A8)*10)) -> 0.39573071 | Q8: =COUNTIFS(All_tRNAs!$A$2:$A$381,$A8,All_tRNAs!$M$2:$M$381,">0")&" / "&C8 -> 7 / 9
A9: Random candidates | B9: Random | C9: =COUNTIF(All_tRNAs!$A$2:$A$381,A9) -> 13 | D9: =AVERAGEIF(All_tRNAs!$A$2:$A$381,$A9,All_tRNAs!$D$2:$D$381) -> 81.538462 | E9: =AVERAGEIF(All_tRNAs!$A$2:$A$381,$A9,All_tRNAs!$E$2:$E$381) -> 0.30417055 | F9: =AVERAGEIF(All_tRNAs!$A$2:$A$381,$A9,All_tRNAs!$F$2:$F$381) -> 0.3040293 | G9: =AVERAGEIF(All_tRNAs!$A$2:$A$381,$A9,All_tRNAs!$G$2:$G$381) -> 0.39010989 | H9: =AVERAGEIF(All_tRNAs!$A$2:$A$381,$A9,All_tRNAs!$H$2:$H$381) -> 0.32554945 | I9: =AVERAGEIF(All_tRNAs!$A$2:$A$381,$A9,All_tRNAs!$I$2:$I$381) -> 0.31583763 | J9: =AVERAGEIF(All_tRNAs!$A$2:$A$381,$A9,All_tRNAs!$J$2:$J$381) -> 0.17948718 | K9: =AVERAGEIF(All_tRNAs!$A$2:$A$381,$A9,All_tRNAs!$K$2:$K$381) -> 0.3040293 | L9: =AVERAGEIF(All_tRNAs!$A$2:$A$381,$A9,All_tRNAs!$L$2:$L$381) -> 0.30442262 | M9: =AVERAGEIF(All_tRNAs!$A$2:$A$381,$A9,All_tRNAs!$M$2:$M$381) -> -0.00039331314 | N9: =SQRT(SUMPRODUCT((All_tRNAs!$A$2:$A$381=$A9)*(All_tRNAs!$M$2:$M$381-M9)^2)/(C9-1)) -> 0.095339163 | O9: =SUMPRODUCT(MIN(All_tRNAs!$M$2:$M$381+(All_tRNAs!$A$2:$A$381<>$A9)*10)) -> -0.17809524 | P9: =SUMPRODUCT(MAX(All_tRNAs!$M$2:$M$381-(All_tRNAs!$A$2:$A$381<>$A9)*10)) -> 0.14784053 | Q9: =COUNTIFS(All_tRNAs!$A$2:$A$381,$A9,All_tRNAs!$M$2:$M$381,">0")&" / "&C9 -> 7 / 13
A10: All natural tRNAs (3 sets combined) | B10: Natural | C10: =COUNTIF(All_tRNAs!$B$2:$B$381,B10) -> 358 | D10: =AVERAGEIF(All_tRNAs!$B$2:$B$381,$B10,All_tRNAs!$D$2:$D$381) -> 73 | E10: =AVERAGEIF(All_tRNAs!$B$2:$B$381,$B10,All_tRNAs!$E$2:$E$381) -> 0.59465162 | F10: =AVERAGEIF(All_tRNAs!$B$2:$B$381,$B10,All_tRNAs!$F$2:$F$381) -> 0.72718808 | G10: =AVERAGEIF(All_tRNAs!$B$2:$B$381,$B10,All_tRNAs!$G$2:$G$381) -> 0.46308859 | H10: =AVERAGEIF(All_tRNAs!$B$2:$B$381,$B10,All_tRNAs!$H$2:$H$381) -> 0.66116321 | I10: =AVERAGEIF(All_tRNAs!$B$2:$B$381,$B10,All_tRNAs!$I$2:$I$381) -> 0.42621406 | J10: =AVERAGEIF(All_tRNAs!$B$2:$B$381,$B10,All_tRNAs!$J$2:$J$381) -> 0.30819367 | K10: =AVERAGEIF(All_tRNAs!$B$2:$B$381,$B10,All_tRNAs!$K$2:$K$381) -> 0.72718808 | L10: =AVERAGEIF(All_tRNAs!$B$2:$B$381,$B10,All_tRNAs!$L$2:$L$381) -> 0.41463228 | M10: =AVERAGEIF(All_tRNAs!$B$2:$B$381,$B10,All_tRNAs!$M$2:$M$381) -> 0.3125558 | N10: =SQRT(SUMPRODUCT((All_tRNAs!$B$2:$B$381=$B10)*(All_tRNAs!$M$2:$M$381-M10)^2)/(C10-1)) -> 0.096534676 | O10: =SUMPRODUCT(MIN(All_tRNAs!$M$2:$M$381+(All_tRNAs!$B$2:$B$381<>$B10)*10)) -> 0.011904762 | P10: =SUMPRODUCT(MAX(All_tRNAs!$M$2:$M$381-(All_tRNAs!$B$2:$B$381<>$B10)*10)) -> 0.56528418 | Q10: =COUNTIFS(All_tRNAs!$B$2:$B$381,$B10,All_tRNAs!$M$2:$M$381,">0")&" / "&C10 -> 358 / 358
A13: Chart data (linked to table above)
A14: Dataset | B14: GC_stem % | C14: GC_nonstem % | D14: ΔGC
A15: T-psi-C set 1 (n=199) | B15: =K5 -> 0.73007897 | C15: =L5 -> 0.41236729 | D15: =M5 -> 0.31771167
A16: T-psi-C set 2 (n=96) | B16: =K6 -> 0.71056548 | C16: =L6 -> 0.40601146 | D16: =M6 -> 0.30455402
A17: MBSW genomic (n=63) | B17: =K7 -> 0.74338624 | C17: =L7 -> 0.43492327 | D17: =M7 -> 0.30846297
A18: Predicted (n=9) | B18: =K8 -> 0.47619048 | C18: =L8 -> 0.37784067 | D18: =M8 -> 0.098349802
A19: Random (n=13) | B19: =K9 -> 0.3040293 | C19: =L9 -> 0.30442262 | D19: =M9 -> -0.00039331314
A21: Dataset | B21: Overall | C21: 4 stems | D21: 3D BP | E21: 4 loops | F21: Pos 8, 9, 26
A22: T-psi-C set 1 (n=199) | B22: =E5 -> 0.59541202 | C22: =F5 -> 0.73007897 | D22: =G5 -> 0.45549174 | E22: =I5 -> 0.42587012 | F22: =J5 -> 0.2881072
A23: T-psi-C set 2 (n=96) | B23: =E6 -> 0.58367057 | C23: =F6 -> 0.71056548 | D23: =G6 -> 0.46577381 | E23: =I6 -> 0.41653551 | F23: =J6 -> 0.3125
A24: MBSW genomic (n=63) | B24: =E7 -> 0.60898275 | C24: =F7 -> 0.74338624 | D24: =G7 -> 0.4829932 | E24: =I7 -> 0.44204871 | F24: =J7 -> 0.36507937
A25: Predicted (n=9) | B25: =E8 -> 0.43161069 | C25: =F8 -> 0.47619048 | D25: =G8 -> 0.42063492 | E25: =I8 -> 0.38885447 | F25: =J8 -> 0.22222222
A26: Random (n=13) | B26: =E9 -> 0.30417055 | C26: =F9 -> 0.3040293 | D26: =G9 -> 0.39010989 | E26: =I9 -> 0.31583763 | F26: =J9 -> 0.17948718

Sheet All_tRNAs
A1: Dataset | B1: Group | C1: tRNA | D1: Length (nt) | E1: Overall G+C % | F1: 4 stems G+C % | G1: 3D BP G+C % | H1: 4 stems + 3D G+C % | I1: 4 loops G+C % | J1: Pos 8, 9, 26 G+C % | K1: GC_stem % | L1: GC_nonstem % | M1: ΔGC (stem − non-stem)
A2: T-psi-C database set 1 | B2: Natural | C2: tdbR00000589 Arg-UCU | D2: 74 | E2: 0.71621622 | F2: 0.95238095 | G2: 0.5 | H2: 0.83928571 | I2: 0.4137931 | J2: 0.33333333 | K2: 0.95238095 | L2: 0.40625 | M2: 0.54613095
A3: T-psi-C database set 1 | B3: Natural | C3: tdbR00000588 Asp-GUC | D3: 74 | E3: 0.66216216 | F3: 0.85714286 | G3: 0.5 | H3: 0.76785714 | I3: 0.4137931 | J3: 0.33333333 | K3: 0.85714286 | L3: 0.40625 | M3: 0.45089286
A4: T-psi-C database set 1 | B4: Natural | C4: tdbR00000583 Cys-GCA | D4: 74 | E4: 0.74324324 | F4: 0.95238095 | G4: 0.5 | H4: 0.83928571 | I4: 0.44827586 | J4: 0.66666667 | K4: 0.95238095 | L4: 0.46875 | M4: 0.48363095
A5: T-psi-C database set 1 | B5: Natural | C5: tdbR00000581 Lys-CUU | D5: 81 | E5: 0.7037037 | F5: 0.95238095 | G5: 0.57142857 | H5: 0.85714286 | I5: 0.44444444 | J5: 0.33333333 | K5: 0.95238095 | L5: 0.43589744 | M5: 0.51648352
A6: T-psi-C database set 1 | B6: Natural | C6: tdbR00000580 Lys-UUU | D6: 76 | E6: 0.73684211 | F6: 0.95238095 | G6: 0.64285714 | H6: 0.875 | I6: 0.48387097 | J6: 0.33333333 | K6: 0.95238095 | L6: 0.47058824 | M6: 0.48179272
A7: T-psi-C database set 1 | B7: Natural | C7: tdbR00000586 Met-CAU | D7: 73 | E7: 0.71232877 | F7: 0.95238095 | G7: 0.5 | H7: 0.83928571 | I7: 0.39285714 | J7: 0.33333333 | K7: 0.95238095 | L7: 0.38709677 | M7: 0.56528418
A8: T-psi-C database set 1 | B8: Natural | C8: tdbR00000587 Met-CAU | D8: 73 | E8: 0.71232877 | F8: 0.9047619 | G8: 0.5 | H8: 0.80357143 | I8: 0.46428571 | J8: 0.33333333 | K8: 0.9047619 | L8: 0.4516129 | M8: 0.453149
A9: T-psi-C database set 1 | B9: Natural | C9: tdbR00000579 Pro-CGG | D9: 74 | E9: 0.71621622 | F9: 0.88095238 | G9: 0.42857143 | H9: 0.76785714 | I9: 0.48275862 | J9: 0.66666667 | K9: 0.88095238 | L9: 0.5 | M9: 0.38095238
A10: T-psi-C database set 1 | B10: Natural | C10: tdbR00000584 Pro-GGG | D10: 74 | E10: 0.72972973 | F10: 0.85714286 | G10: 0.57142857 | H10: 0.78571429 | I10: 0.55172414 | J10: 0.66666667 | K10: 0.85714286 | L10: 0.5625 | M10: 0.29464286
A11: T-psi-C database set 1 | B11: Natural | C11: tdbR00000585 Thr-CGU | D11: 71 | E11: 0.74647887 | F11: 0.95238095 | G11: 0.5 | H11: 0.83928571 | I11: 0.46153846 | J11: 0.33333333 | K11: 0.95238095 | L11: 0.44827586 | M11: 0.50410509
A12: T-psi-C database set 1 | B12: Natural | C12: tdbR00000582 Tyr-GUA | D12: 71 | E12: 0.76056338 | F12: 0.95238095 | G12: 0.5 | H12: 0.83928571 | I12: 0.5 | J12: 0.33333333 | K12: 0.95238095 | L12: 0.48275862 | M12: 0.46962233
A13: T-psi-C database set 1 | B13: Natural | C13: tdbR00000007 Ala-UGC | D13: 72 | E13: 0.65277778 | F13: 0.76190476 | G13: 0.5 | H13: 0.69642857 | I13: 0.51851852 | J13: 0.33333333 | K13: 0.76190476 | L13: 0.5 | M13: 0.26190476
... A381: Random candidates | B381: Random | C381: R_49_2131 | D381: 75 | E381: 0.29333333 | F381: 0.33333333 | G381: 0.35714286 | H381: 0.33928571 | I381: 0.26666667 | J381: 0 | K381: 0.33333333 | L381: 0.24242424 | M381: 0.090909091

Sheet Statistics
A1: Statistical tests on ΔGC (computed in Python, SciPy; values are fixed numbers, not formulas)
A3: Test 1: Is ΔGC different from 0 within each dataset? (Wilcoxon signed-rank, two-sided, GC_stem vs GC_nonstem paired) | B3: n | C3: Median ΔGC | D3: W statistic | E3: p-value | F3: Significant (p < 0.05)
A4: T-psi-C database set 1 | B4: 199 | C4: 0.31428571 | D4: 0 | E4: 2.0924254e-34 | F4: Yes
A5: T-psi-C database set 2 | B5: 96 | C5: 0.2952381 | D5: 0 | E5: 1.7692286e-17 | F5: Yes
A6: MBSW genomic tRNAs | B6: 63 | C6: 0.30952381 | D6: 0 | E6: 5.1471041e-12 | F6: Yes
A7: Predicted tRNAs | B7: 9 | C7: 0.083333333 | D7: 3 | E7: 0.01953125 | F7: Yes
A8: Random candidates | B8: 13 | C8: 0.005952381 | D8: 45 | E8: 1 | F8: No
A9: All natural tRNAs (3 sets combined) | B9: 358 | C9: 0.30898268 | D9: 0 | E9: 1.991157e-60 | F9: Yes
A11: Test 2: Do datasets differ in ΔGC? (Mann-Whitney U, two-sided) | B11: n (A / B) | C11: Median ΔGC A | D11: Median ΔGC B | E11: U statistic | F11: p-value | G11: Significant (p < 0.05)
A12: Predicted tRNAs vs Random candidates | B12: 9 / 13 | C12: 0.083333333 | D12: 0.005952381 | E12: 82.5 | F12: 0.11647851 | G12: No
A13: Predicted tRNAs vs All natural tRNAs | B13: 9 / 358 | C13: 0.083333333 | D13: 0.30898268 | E13: 317 | F13: 3.8692734e-05 | G13: Yes
A14: Random candidates vs All natural tRNAs | B14: 13 / 358 | C14: 0.005952381 | D14: 0.30898268 | E14: 28 | F14: 1.4347525e-09 | G14: Yes
A15: Predicted tRNAs vs MBSW genomic tRNAs | B15: 9 / 63 | C15: 0.083333333 | D15: 0.30952381 | E15: 56 | F15: 0.00011062306 | G15: Yes
A16: Random candidates vs MBSW genomic tRNAs | B16: 13 / 63 | C16: 0.005952381 | D16: 0.30952381 | E16: 1 | F16: 1.8100795e-08 | G16: Yes
A17: T-psi-C database set 1 vs T-psi-C database set 2 | B17: 199 / 96 | C17: 0.31428571 | D17: 0.2952381 | E17: 10363 | F17: 0.23770588 | G17: No
A18: MBSW genomic tRNAs vs T-psi-C sets 1+2 | B18: 63 / 295 | C18: 0.30952381 | D18: 0.30844156 | E18: 9037.5 | F18: 0.73285993 | G18: No
A20: Test 3: Kruskal-Wallis across all 5 datasets | B20: H statistic | C20: p-value
A21: ΔGC ~ dataset | B21: 53.65478 | C21: 6.2156279e-11
A23: Note: the predicted (n=9) and random (n=13) sets are small, so these tests have limited power; report medians and the per-tRNA values alongside p-values.

Sheet Notes
A1: Sources and definitions
A2: T-psi-C database set 1: T-psi-C database (trna_data_rev3_200_tpsic, 22 species) - from TpsiC_200_tRNA_GC_content_stems_3D_loops_dGC.xlsx
A3: T-psi-C database set 2: T-psi-C database (random_100_T_psi_c_trna, 16 species) - from TpsiC_tRNA_GC_content_stems_3D_loops_dGC.xlsx
A4: MBSW genomic tRNAs: M. barkeri str. Wiesmoor genome, tRNAscan-SE - from MBSW_tRNA_GC_content_stems_3D_loops_v2_dGC.xlsx
A5: Predicted tRNAs: Predicted split tRNAs (this study) - from tRNA_GC_content_stems_3D_loops_dGC.xlsx
A6: Random candidates: Random-sequence candidates - from Random_tRNA_GC_content_stems_3D_loops_dGC.xlsx
A7: Overlap: T-psi-C set 1 and set 2 share no tRNA IDs, so the combined natural group has no double counting.
A8: All values are for canonical positions 1-72 (Sprinzl numbering); the discriminator base 73 and the 3′ CCA (74-76) are excluded.
A9: GC_stem = G+C % of the 4 stems (acceptor 1-7/66-72, D 10-13/22-25, AC 27-31/39-43, T 49-53/61-65; 42 nt).
A10: GC_nonstem = G+C % of all other nucleotides in 1-72: D-loop, anticodon loop, variable loop, TΨC-loop and positions 8, 9, 26.
A11: ΔGC = GC_stem − GC_nonstem, in percentage points. A positive ΔGC means G+C is concentrated in the base-paired stems.
A12: 3D BP = the 7 tertiary pairs 8-14, 15-48, 18-55, 19-56, 26-44, 32-38, 54-58 (14 nt); most of these nucleotides sit in loops, so 3D and loop values overlap.
... A14: Special cases in each dataset (e.g. tRNA-Pyl, mitochondrial-type tRNAs, initiator tRNAs, G-1 of tRNA-His) are described in the Notes sheet of the corresponding dataset workbook.
